transaction_id,timestamp,amount,user_id,is_fraud
8307,2026-08-27 06:12:29.552664,927.79,3943,0
7485,2026-08-29 02:52:29.549946,166.17,4218,0
2276,2026-08-28 10:53:29.532914,1219.9,8188,0
2826,2026-08-28 00:52:29.534722,2035.51,1313,0
8846,2026-08-26 11:31:29.554428,2673.97,1400,0
6021,2026-08-31 23:05:29.544970,2117.39,2351,0
7442,2026-08-26 22:23:29.549805,4619.6,7565,0
2617,2026-08-29 04:34:29.534031,3978.2,6619,0
10358,2026-09-01 03:45:29.564659,1000.0,10007,1
9465,2026-08-27 09:11:29.556428,2675.42,3780,0
1569,2026-08-29 19:52:29.530641,2531.32,3776,0
4623,2026-08-29 08:33:29.540488,3915.0,2664,0
9461,2026-08-26 05:32:29.556415,3366.79,5274,0
4449,2026-08-26 04:25:29.539928,2137.63,7631,0
2513,2026-08-31 02:37:29.533694,1622.79,2528,0
10100,2026-09-01 03:45:29.564659,1000.0,9999,1
6683,2026-08-26 15:43:29.547107,1381.16,3192,0
9093,2026-08-25 22:38:29.555246,644.22,3655,0
9272,2026-08-30 09:00:29.555807,954.26,4596,0
10005,2026-09-01 03:45:29.564659,1000.0,10004,1
1214,2026-08-25 16:37:29.529498,324.43,8049,0
2975,2026-08-28 23:48:29.535208,1160.19,7786,0
5667,2026-08-28 08:37:29.543843,4466.14,6385,0
9546,2026-08-26 07:58:29.556686,1824.25,3354,0
2784,2026-08-27 01:10:29.534587,2519.71,1277,0
3074,2026-08-28 19:19:29.535525,3177.24,7938,0
9833,2026-08-25 19:09:29.557605,4265.79,5496,0
4050,2026-08-28 04:54:29.538652,2055.17,7998,0
5867,2026-08-31 03:06:29.544478,4404.23,1117,0
5175,2026-08-31 20:48:29.542271,3713.21,3306,0
8266,2026-08-25 22:18:29.552532,3068.48,1094,0
2699,2026-08-28 16:18:29.534315,1305.48,2300,0
1281,2026-08-26 20:30:29.529713,843.94,5237,0
3756,2026-08-27 06:24:29.537701,2879.46,8918,0
3426,2026-08-30 16:12:29.536646,3442.55,5109,0
8523,2026-08-27 00:49:29.553373,310.15,5269,0
6851,2026-08-31 00:18:29.547639,4057.71,8387,0
1097,2026-08-25 06:27:29.529123,4469.44,2742,0
5964,2026-08-30 16:17:29.544788,2420.55,6142,0
9301,2026-08-26 19:05:29.555898,2341.36,3588,0
384,2026-08-31 22:47:29.526796,837.33,8822,0
5111,2026-08-29 02:46:29.542058,3090.67,7021,0
8315,2026-08-30 03:28:29.552689,2748.89,3618,0
8289,2026-08-26 09:15:29.552605,1066.47,4377,0
5520,2026-08-30 19:08:29.543379,1706.27,3992,0
8430,2026-08-25 12:45:29.553081,778.69,1753,0
6073,2026-08-28 18:38:29.545140,2276.15,3536,0
6308,2026-08-29 13:55:29.545879,4000.28,7964,0
8531,2026-08-27 08:29:29.553398,3722.9,8260,0
9062,2026-08-31 15:44:29.555146,3570.05,7365,0
4723,2026-08-26 14:43:29.540804,1921.46,5742,0
5161,2026-08-27 16:44:29.542223,4513.15,7771,0
3305,2026-08-31 11:29:29.536267,2052.34,2609,0
5492,2026-08-31 19:15:29.543290,191.45,6213,0
1096,2026-08-26 19:43:29.529120,1843.22,1667,0
4140,2026-08-25 13:13:29.538938,4078.92,3214,0
8064,2026-08-30 00:09:29.551884,3841.68,6202,0
6568,2026-08-29 02:59:29.546728,4215.53,7034,0
6769,2026-08-31 02:01:29.547378,4267.76,4645,0
10128,2026-09-01 03:45:29.564659,1000.0,10027,1
1904,2026-08-29 05:47:29.531717,3362.22,8912,0
5357,2026-08-31 07:49:29.542856,2794.49,8662,0
2075,2026-08-28 21:45:29.532272,2174.04,2285,0
1026,2026-08-26 15:50:29.528860,1346.98,5767,0
4473,2026-08-31 19:05:29.540003,3864.82,2714,0
483,2026-08-29 07:06:29.527123,2089.37,5581,0
3243,2026-08-30 10:40:29.536069,2867.79,1006,0
5897,2026-08-26 21:57:29.544573,2991.24,3141,0
2195,2026-08-28 17:07:29.532652,2605.64,7185,0
5412,2026-08-31 13:36:29.543031,1373.81,5594,0
7303,2026-08-25 20:52:29.549368,2816.07,7534,0
2473,2026-08-30 08:44:29.533567,1080.71,6865,0
5498,2026-08-29 07:25:29.543311,664.69,8209,0
9861,2026-08-28 17:58:29.557694,3640.61,5982,0
8454,2026-08-26 14:43:29.553156,2236.81,4762,0
5590,2026-08-29 04:43:29.543600,3528.11,5869,0
9883,2026-08-28 20:28:29.557762,3773.79,7419,0
5402,2026-08-30 18:51:29.542997,4651.94,5648,0
10286,2026-09-01 03:45:29.564659,1000.0,10035,1
7562,2026-08-26 20:04:29.550262,3732.76,1355,0
9424,2026-08-25 21:30:29.556297,4960.94,1405,0
6220,2026-08-31 11:48:29.545603,2214.86,8359,0
4117,2026-08-31 03:04:29.538861,1346.46,1486,0
10401,2026-09-01 03:45:29.564659,1000.0,10000,1
7122,2026-08-27 02:44:29.548765,1294.73,3951,0
1054,2026-08-29 03:47:29.528951,3176.85,7407,0
480,2026-08-25 10:54:29.527114,2525.0,3982,0
2486,2026-08-26 01:05:29.533609,4490.86,5306,0
8217,2026-08-29 04:33:29.552379,4024.0,7806,0
6625,2026-08-28 11:05:29.546915,2306.81,2650,0
3172,2026-08-30 10:36:29.535837,2827.89,8234,0
8452,2026-08-30 19:56:29.553150,1234.65,8149,0
3762,2026-08-31 01:27:29.537720,4218.08,6191,0
3146,2026-08-26 04:13:29.535756,1432.06,2918,0
2154,2026-08-31 13:07:29.532522,1030.23,1781,0
4106,2026-08-25 21:20:29.538827,2955.56,5015,0
705,2026-08-26 04:13:29.527836,1128.97,4582,0
6252,2026-08-31 17:01:29.545703,3391.1,4091,0
6492,2026-08-30 22:06:29.546485,1673.71,8867,0
3457,2026-08-25 23:44:29.536745,3739.94,1923,0
4295,2026-08-31 19:54:29.539433,3795.06,1729,0
984,2026-08-31 17:04:29.528726,2863.98,5855,0
9318,2026-09-01 02:19:29.555951,4583.07,2804,0
5557,2026-08-29 17:45:29.543495,4265.47,1640,0
7555,2026-08-25 09:07:29.550240,1622.68,6607,0
5944,2026-08-28 09:18:29.544726,762.15,8493,0
4316,2026-09-01 00:11:29.539507,3097.72,2936,0
5007,2026-08-31 13:44:29.541713,3017.25,7225,0
7087,2026-08-25 07:11:29.548653,3151.29,6406,0
2312,2026-08-31 06:22:29.533027,1367.35,8376,0
1062,2026-08-31 08:26:29.528976,3243.15,4466,0
896,2026-08-30 00:38:29.528447,3803.46,4150,0
5226,2026-08-29 02:20:29.542432,3627.89,4558,0
7868,2026-08-28 06:51:29.551266,2450.21,3968,0
9431,2026-08-31 22:08:29.556319,318.8,3401,0
9068,2026-08-31 20:34:29.555168,951.1,5913,0
2801,2026-08-26 21:56:29.534640,4115.79,4322,0
8332,2026-08-26 19:42:29.552742,4427.66,7571,0
10164,2026-09-01 03:45:29.564659,1000.0,10013,1
3817,2026-08-30 19:35:29.537895,1717.94,2674,0
9834,2026-08-27 10:56:29.557608,4647.41,7310,0
6070,2026-08-26 02:44:29.545131,1705.18,6670,0
837,2026-08-25 06:20:29.528264,4693.78,4128,0
6056,2026-08-30 07:53:29.545087,4612.8,8163,0
3788,2026-08-25 06:53:29.537802,671.21,4388,0
5429,2026-08-28 17:20:29.543093,2592.09,5512,0
593,2026-08-30 02:28:29.527480,633.51,4807,0
2142,2026-08-31 14:10:29.532484,2134.25,3882,0
8792,2026-08-31 05:19:29.554255,4282.34,6560,0
5712,2026-08-27 05:40:29.543984,2747.34,4019,0
1356,2026-08-31 19:07:29.529950,2721.59,4051,0
6122,2026-08-26 16:10:29.545296,4506.31,6127,0
2090,2026-08-25 13:09:29.532319,4275.83,2899,0
10432,2026-09-01 03:45:29.564659,1000.0,10031,1
1061,2026-08-31 12:18:29.528973,1926.54,5296,0
191,2026-08-30 12:20:29.526187,4884.23,2018,0
6209,2026-08-27 11:34:29.545569,3955.75,7534,0
10474,2026-09-01 03:45:29.564659,1000.0,10023,1
7557,2026-08-31 03:16:29.550247,4363.61,6205,0
7584,2026-08-28 19:00:29.550331,2326.83,7616,0
35,2026-08-25 07:58:29.525655,391.24,3092,0
3008,2026-08-31 12:54:29.535311,633.11,5090,0
5522,2026-08-30 01:31:29.543385,2397.98,1618,0
947,2026-08-26 07:22:29.528610,882.5,8714,0
3946,2026-08-25 19:36:29.538322,4936.08,7772,0
359,2026-08-30 21:20:29.526717,1941.46,2929,0
8580,2026-08-26 20:46:29.553555,819.75,6371,0
10497,2026-09-01 03:45:29.564659,1000.0,10046,1
342,2026-09-01 03:14:29.526664,2661.32,1967,0
9542,2026-08-26 06:27:29.556674,2479.33,3623,0
3862,2026-08-30 05:52:29.538036,2133.68,4630,0
3627,2026-08-27 05:24:29.537289,4611.33,2280,0
3760,2026-08-26 19:10:29.537714,4132.86,4413,0
5098,2026-08-28 16:02:29.542000,2807.81,5905,0
2749,2026-08-31 19:20:29.534473,834.64,2170,0
7402,2026-08-26 16:12:29.549680,2177.44,4052,0
10295,2026-09-01 03:45:29.564659,1000.0,10044,1
2817,2026-08-29 17:27:29.534690,3887.86,2951,0
212,2026-08-27 12:05:29.526253,4744.61,6193,0
6806,2026-08-25 14:24:29.547499,1702.78,3894,0
6846,2026-08-29 06:27:29.547624,1714.23,6032,0
5110,2026-08-28 14:57:29.542038,989.32,4824,0
982,2026-08-28 11:53:29.528720,1739.16,3334,0
3331,2026-08-30 17:47:29.536348,891.0,4528,0
3221,2026-08-26 22:39:29.535992,2122.74,7876,0
9166,2026-08-30 05:55:29.555475,1290.12,8643,0
9328,2026-08-27 04:54:29.555985,4086.32,1310,0
4929,2026-08-29 20:59:29.541466,1784.6,5202,0
3938,2026-08-27 18:44:29.538297,490.69,4412,0
6081,2026-08-27 07:12:29.545166,4615.37,2159,0
2342,2026-08-30 15:10:29.533150,1788.11,4441,0
5348,2026-08-25 23:51:29.542828,4554.54,7892,0
10175,2026-09-01 03:45:29.564659,1000.0,10024,1
6339,2026-08-28 09:44:29.545975,2634.96,3571,0
4709,2026-09-01 02:04:29.540761,2852.06,1892,0
9899,2026-08-27 11:28:29.557812,4277.96,8305,0
8683,2026-08-28 00:46:29.553879,4344.37,5539,0
1747,2026-08-26 19:14:29.531216,1764.55,3841,0
6690,2026-08-25 20:11:29.547131,158.46,7246,0
10105,2026-09-01 03:45:29.564659,1000.0,10004,1
8027,2026-08-25 17:24:29.551766,2883.34,5249,0
6287,2026-08-28 10:37:29.545814,2801.38,6426,0
5172,2026-08-27 12:03:29.542262,2541.34,1116,0
1381,2026-08-30 19:52:29.530027,1848.27,2473,0
890,2026-08-26 13:43:29.528429,3580.76,5859,0
10477,2026-09-01 03:45:29.564659,1000.0,10026,1
6832,2026-08-25 21:11:29.547580,3398.84,3271,0
7207,2026-08-27 19:21:29.549033,1826.26,6912,0
7264,2026-08-28 09:07:29.549244,3863.38,4486,0
8037,2026-08-28 03:29:29.551797,2537.6,1403,0
3712,2026-08-31 11:52:29.537563,173.22,4222,0
149,2026-08-26 02:38:29.526018,3878.92,5190,0
293,2026-08-30 03:12:29.526507,4192.08,6761,0
8193,2026-09-01 03:19:29.552301,4286.05,7271,0
4159,2026-08-29 21:31:29.538997,1657.37,7245,0
976,2026-08-28 12:50:29.528701,3006.59,4358,0
5874,2026-08-31 09:41:29.544500,1762.09,3496,0
3831,2026-08-27 23:20:29.537938,907.64,8713,0
6378,2026-08-31 04:43:29.546120,242.54,5842,0
297,2026-08-29 10:02:29.526520,3984.31,2206,0
2067,2026-08-26 12:48:29.532247,2899.39,6753,0
1296,2026-08-31 08:06:29.529760,4602.77,4216,0
2724,2026-08-28 13:39:29.534393,852.13,5859,0
772,2026-08-25 19:47:29.528058,686.63,4100,0
613,2026-08-29 08:41:29.527543,1029.96,3763,0
3255,2026-08-25 14:09:29.536107,4531.57,3430,0
7819,2026-08-31 07:29:29.551111,3310.24,2819,0
6294,2026-08-30 20:24:29.545836,1763.95,1701,0
1052,2026-08-28 16:49:29.528945,2360.24,2435,0
7938,2026-08-28 09:44:29.551487,1690.16,3901,0
8673,2026-08-28 08:29:29.553848,1532.99,6963,0
3789,2026-08-28 09:03:29.537805,4550.41,1658,0
4074,2026-08-27 23:57:29.538727,4648.92,6523,0
3713,2026-08-26 21:01:29.537567,3491.9,6315,0
10292,2026-09-01 03:45:29.564659,1000.0,10041,1
2840,2026-08-30 04:15:29.534766,2616.69,5766,0
404,2026-08-30 15:50:29.526862,3117.7,1797,0
5399,2026-08-29 14:52:29.542988,2955.86,7232,0
5438,2026-08-28 22:05:29.543121,3467.23,7330,0
4332,2026-08-26 17:10:29.539558,1036.38,7577,0
7644,2026-08-27 08:45:29.550521,632.71,2182,0
8350,2026-08-28 23:13:29.552797,2963.62,4326,0
8903,2026-08-30 15:30:29.554607,99.19,8231,0
9655,2026-08-30 11:51:29.557031,4012.78,3044,0
7617,2026-08-25 07:09:29.550434,3076.22,4421,0
464,2026-08-29 11:46:29.527060,4613.28,5847,0
4748,2026-08-25 19:23:29.540885,4415.43,2725,0
5011,2026-08-25 13:09:29.541725,1113.35,2052,0
6391,2026-09-01 03:04:29.546161,1288.96,3018,0
6902,2026-08-30 13:48:29.547801,3482.73,1086,0
1529,2026-08-30 18:00:29.530516,2708.43,4720,0
5126,2026-08-27 05:03:29.542109,4991.49,2519,0
4250,2026-08-25 13:36:29.539293,3802.19,6369,0
5189,2026-08-28 17:57:29.542315,3389.33,3637,0
5331,2026-08-28 20:36:29.542774,600.28,2693,0
5710,2026-08-25 16:00:29.543977,542.22,2708,0
9876,2026-08-27 22:10:29.557741,4783.03,6062,0
742,2026-08-28 17:52:29.527953,2284.71,8787,0
5167,2026-08-31 20:28:29.542241,4479.04,5178,0
1521,2026-08-28 09:19:29.530491,354.19,5347,0
6856,2026-08-26 21:23:29.547657,757.42,4175,0
8155,2026-08-27 21:58:29.552181,4765.33,2886,0
5982,2026-08-27 09:56:29.544844,4695.9,5775,0
3986,2026-08-31 18:10:29.538450,4466.92,8664,0
3222,2026-08-28 13:18:29.535995,4544.47,2614,0
5979,2026-08-26 08:55:29.544835,4517.03,6659,0
9184,2026-08-29 10:24:29.555531,145.85,3010,0
4481,2026-08-29 03:44:29.540032,204.63,8276,0
9711,2026-08-27 18:21:29.557219,3834.39,3726,0
6866,2026-08-29 16:59:29.547688,385.22,3592,0
10169,2026-09-01 03:45:29.564659,1000.0,10018,1
8905,2026-08-27 12:16:29.554613,1638.57,5327,0
238,2026-08-27 07:53:29.526335,4900.25,8176,0
4787,2026-08-29 02:10:29.541007,4965.24,8839,0
2716,2026-08-28 05:08:29.534368,3195.36,1423,0
8666,2026-08-25 07:39:29.553826,2964.82,5498,0
7896,2026-09-01 00:28:29.551356,364.48,1356,0
8194,2026-08-29 17:32:29.552304,2846.0,2499,0
119,2026-08-31 07:32:29.525922,4252.45,7449,0
7143,2026-08-27 00:42:29.548831,3863.51,4846,0
10396,2026-09-01 03:45:29.564659,1000.0,10045,1
6474,2026-08-26 03:18:29.546429,734.26,1898,0
5817,2026-08-29 04:07:29.544321,1916.77,7404,0
6514,2026-08-30 22:34:29.546554,3732.69,6375,0
9175,2026-08-29 09:09:29.555503,3359.6,8402,0
4128,2026-08-27 05:05:29.538898,3160.56,6404,0
3185,2026-08-27 10:20:29.535878,268.7,3667,0
4024,2026-08-29 14:31:29.538568,4953.08,3792,0
2778,2026-08-29 21:18:29.534569,3155.69,3736,0
408,2026-08-26 22:32:29.526874,3287.73,8838,0
3084,2026-08-29 10:18:29.535557,2422.78,7829,0
3355,2026-08-31 09:08:29.536423,4199.59,1191,0
10367,2026-09-01 03:45:29.564659,1000.0,10016,1
6478,2026-08-27 17:53:29.546442,189.88,8501,0
10114,2026-09-01 03:45:29.564659,1000.0,10013,1
3267,2026-08-27 06:57:29.536144,3714.94,7607,0
9487,2026-08-29 05:21:29.556496,1782.82,6253,0
269,2026-08-27 21:13:29.526432,4695.88,4191,0
5170,2026-08-30 03:47:29.542253,3127.38,7217,0
7787,2026-08-31 10:48:29.550975,1919.18,8816,0
116,2026-08-31 11:37:29.525913,3391.09,3084,0
7450,2026-08-26 07:47:29.549833,317.31,4931,0
9812,2026-08-30 04:48:29.557537,3803.91,1124,0
5952,2026-08-31 10:27:29.544751,4439.29,8070,0
3540,2026-08-31 14:49:29.537006,503.24,1041,0
4762,2026-08-30 13:15:29.540929,4351.59,2208,0
8832,2026-08-26 12:53:29.554382,4140.13,8143,0
1216,2026-08-31 07:21:29.529505,15.03,6859,0
3342,2026-08-26 16:22:29.536382,1048.44,4396,0
7317,2026-08-25 12:28:29.549411,225.23,5571,0
8885,2026-08-28 18:22:29.554549,4448.01,8031,0
1364,2026-08-27 10:52:29.529975,2966.2,6082,0
3823,2026-08-31 12:24:29.537914,1926.56,6717,0
1790,2026-08-26 06:51:29.531355,2977.59,1041,0
5467,2026-08-26 10:49:29.543212,4893.9,1168,0
4650,2026-08-26 13:22:29.540577,1275.78,6577,0
5993,2026-08-27 09:24:29.544880,4970.51,8459,0
2002,2026-08-29 08:44:29.532025,3545.14,5762,0
3376,2026-08-29 07:09:29.536491,2068.84,5009,0
8537,2026-08-29 10:32:29.553417,4588.11,7232,0
3076,2026-08-28 00:16:29.535532,3883.41,6770,0
6548,2026-08-31 02:07:29.546665,3742.52,3797,0
5720,2026-08-27 02:04:29.544009,1781.49,6139,0
8681,2026-08-26 04:25:29.553873,3815.67,2570,0
2174,2026-08-28 17:15:29.532584,4151.95,8385,0
8152,2026-08-30 12:33:29.552172,2699.84,6126,0
8534,2026-08-25 11:10:29.553407,1276.71,1750,0
7714,2026-08-27 14:08:29.550743,381.53,3572,0
146,2026-08-29 04:30:29.526009,3511.97,7599,0
6810,2026-09-01 02:49:29.547511,2104.08,8851,0
9502,2026-08-29 19:19:29.556547,1904.21,3842,0
7190,2026-08-28 07:30:29.548977,4873.7,5731,0
1183,2026-08-31 04:16:29.529402,4170.63,4357,0
312,2026-08-30 07:39:29.526570,1196.54,6680,0
1224,2026-08-31 12:09:29.529530,1847.19,7543,0
4404,2026-08-26 01:57:29.539787,645.01,5831,0
10476,2026-09-01 03:45:29.564659,1000.0,10025,1
2777,2026-08-31 20:31:29.534566,677.49,2161,0
4443,2026-08-29 01:43:29.539909,3821.9,2788,0
8595,2026-08-30 08:20:29.553602,629.02,6798,0
9981,2026-08-30 09:23:29.558079,3971.46,2107,0
3885,2026-08-26 23:14:29.538132,3992.17,7773,0
2038,2026-08-27 01:11:29.532157,4962.35,6808,0
1544,2026-08-25 07:07:29.530563,3666.09,6484,0
3264,2026-08-25 10:43:29.536135,1144.55,7935,0
8236,2026-08-29 21:14:29.552438,2816.63,4649,0
5983,2026-08-29 15:02:29.544848,2315.38,5918,0
1616,2026-08-27 16:46:29.530792,4808.69,7537,0
7238,2026-08-29 02:35:29.549163,4657.95,6277,0
8281,2026-08-30 15:20:29.552581,173.0,2709,0
497,2026-08-26 08:40:29.527172,3360.6,3873,0
3917,2026-08-26 15:55:29.538232,1437.26,2412,0
3916,2026-08-28 19:09:29.538229,142.46,4822,0
6282,2026-08-30 16:14:29.545799,4423.9,2920,0
1719,2026-08-26 13:23:29.531129,744.25,4050,0
428,2026-08-26 14:36:29.526936,413.17,1841,0
6377,2026-08-28 11:09:29.546117,3404.95,3342,0
8510,2026-08-28 21:16:29.553333,616.67,8738,0
6812,2026-08-30 23:03:29.547517,2366.12,1825,0
515,2026-08-26 10:43:29.527230,3551.79,8600,0
4234,2026-08-25 21:46:29.539243,164.07,7357,0
1664,2026-08-28 21:58:29.530941,2879.82,4520,0
9044,2026-08-25 05:57:29.555089,2695.48,7310,0
9550,2026-08-25 08:23:29.556699,3635.72,1161,0
4315,2026-08-27 08:12:29.539504,1553.64,4302,0
2145,2026-08-30 00:40:29.532494,3921.26,1449,0
9266,2026-08-31 18:55:29.555789,4323.41,2567,0
8807,2026-08-29 04:46:29.554302,4443.49,1253,0
7328,2026-08-28 15:49:29.549446,379.96,5865,0
1966,2026-08-30 21:05:29.531913,3741.06,2519,0
3852,2026-08-26 14:32:29.538004,1117.16,6307,0
3904,2026-08-27 08:19:29.538191,2287.64,8432,0
1516,2026-08-26 02:50:29.530475,590.23,3003,0
2876,2026-08-29 10:57:29.534880,4278.32,3714,0
469,2026-08-29 03:52:29.527076,2892.59,2034,0
2062,2026-08-30 10:55:29.532232,705.92,1036,0
2247,2026-08-26 16:20:29.532821,2643.85,6481,0
8884,2026-08-28 04:39:29.554546,4111.27,5775,0
4445,2026-08-25 12:02:29.539916,2334.89,5821,0
2702,2026-08-28 22:53:29.534325,3865.62,7652,0
3057,2026-08-27 04:21:29.535471,3009.35,3157,0
5842,2026-08-28 04:18:29.544401,1033.58,3094,0
3368,2026-08-27 02:18:29.536463,4370.43,7216,0
10334,2026-09-01 03:45:29.564659,1000.0,10033,1
1210,2026-08-26 04:27:29.529486,2111.57,2828,0
270,2026-09-01 01:02:29.526436,4023.27,3526,0
7392,2026-08-30 09:28:29.549649,4024.6,3893,0
5789,2026-08-25 11:11:29.544234,2717.45,6105,0
3493,2026-08-30 11:08:29.536857,3218.08,7444,0
5735,2026-08-29 00:11:29.544064,3199.29,7723,0
6155,2026-08-30 19:03:29.545399,2004.97,6981,0
2343,2026-08-31 18:00:29.533153,2790.35,3825,0
4221,2026-08-29 12:42:29.539203,4446.81,1665,0
1709,2026-08-25 15:45:29.531098,2752.17,7619,0
4986,2026-08-29 13:38:29.541647,3207.47,2604,0
23,2026-08-26 08:06:29.525618,3830.17,4320,0
1152,2026-08-26 23:15:29.529300,1632.48,8051,0
2214,2026-08-29 16:43:29.532714,3071.16,8935,0
5451,2026-08-30 11:07:29.543161,1430.6,8192,0
4003,2026-08-30 12:43:29.538503,4477.16,3957,0
7382,2026-08-27 15:44:29.549618,3303.94,8128,0
10390,2026-09-01 03:45:29.564659,1000.0,10039,1
3281,2026-08-27 11:41:29.536188,3638.45,7897,0
8730,2026-08-26 00:12:29.554055,3587.15,7376,0
980,2026-08-30 14:54:29.528714,459.07,7205,0
7866,2026-08-28 05:40:29.551260,2476.97,5466,0
10083,2026-09-01 03:45:29.564659,1000.0,10032,1
5411,2026-08-27 16:12:29.543028,2483.63,7630,0
619,2026-08-30 15:21:29.527561,261.8,7988,0
8455,2026-08-28 10:22:29.553159,592.83,1934,0
2434,2026-08-27 11:08:29.533442,2005.47,6378,0
9322,2026-08-31 03:44:29.555966,1121.21,1056,0
2998,2026-08-30 22:13:29.535280,4858.1,4577,0
3421,2026-08-27 05:13:29.536631,63.31,2771,0
1977,2026-08-30 02:09:29.531947,2387.98,2864,0
9207,2026-08-26 14:14:29.555603,2934.74,1110,0
6788,2026-08-28 08:38:29.547442,120.36,2680,0
4457,2026-08-27 14:24:29.539953,4658.52,2215,0
9457,2026-08-29 11:51:29.556403,1521.87,6980,0
10493,2026-09-01 03:45:29.564659,1000.0,10042,1
1476,2026-08-25 11:30:29.530347,569.4,2117,0
6512,2026-09-01 01:54:29.546548,2981.72,5696,0
6265,2026-08-26 15:13:29.545746,2910.01,2734,0
7018,2026-08-31 22:37:29.548388,1752.32,2136,0
8780,2026-08-28 23:33:29.554216,821.53,8901,0
3999,2026-08-25 05:36:29.538491,2606.87,3875,0
3818,2026-08-27 16:51:29.537898,452.63,2261,0
2638,2026-08-26 19:27:29.534121,4770.89,2085,0
2527,2026-08-27 20:15:29.533743,3928.22,3519,0
2885,2026-08-31 16:42:29.534911,1123.88,6688,0
2671,2026-08-25 17:59:29.534224,4639.83,4561,0
6035,2026-08-26 16:43:29.545013,2369.91,2547,0
9514,2026-08-26 21:37:29.556585,1533.7,1904,0
5223,2026-08-31 15:04:29.542421,2308.88,5827,0
4538,2026-08-31 23:11:29.540221,4815.73,5885,0
5879,2026-08-25 07:13:29.544515,4766.98,2857,0
7391,2026-08-28 12:11:29.549646,2107.46,3626,0
10028,2026-09-01 03:45:29.564659,1000.0,10027,1
9965,2026-08-27 13:26:29.558021,1666.82,3158,0
3947,2026-08-28 03:26:29.538325,4564.86,3100,0
1004,2026-08-29 18:29:29.528791,4344.54,2046,0
5343,2026-08-26 06:15:29.542812,1839.29,2716,0
3498,2026-08-29 04:52:29.536873,612.12,1446,0
4859,2026-08-25 20:21:29.541244,2550.52,7579,0
4120,2026-08-30 17:20:29.538870,4594.47,2195,0
10348,2026-09-01 03:45:29.564659,1000.0,10047,1
4613,2026-09-01 00:00:29.540457,2211.43,3713,0
5707,2026-08-26 03:02:29.543968,1980.38,6619,0
2890,2026-08-27 17:12:29.534926,2708.73,5544,0
1261,2026-08-25 12:08:29.529647,1778.38,3357,0
2403,2026-08-26 23:56:29.533344,4212.96,4645,0
9095,2026-08-30 20:42:29.555252,2504.93,4234,0
6305,2026-08-29 09:48:29.545870,4521.37,2418,0
950,2026-08-29 21:05:29.528620,359.35,2188,0
2756,2026-08-27 10:53:29.534495,1605.23,7945,0
2024,2026-08-25 08:36:29.532113,884.29,8340,0
6326,2026-08-31 18:49:29.545935,2145.79,3411,0
1513,2026-08-31 18:15:29.530465,4758.49,2686,0
6914,2026-08-29 01:14:29.547838,1620.75,1348,0
7452,2026-08-26 17:05:29.549841,287.51,2453,0
245,2026-08-27 19:45:29.526357,2583.81,5170,0
7384,2026-08-28 01:23:29.549624,2925.77,2739,0
9002,2026-08-29 00:04:29.554922,600.05,3703,0
2921,2026-09-01 03:19:29.535024,2740.91,4382,0
7429,2026-08-30 05:33:29.549765,2296.01,3774,0
436,2026-08-28 02:40:29.526961,2391.17,3394,0
1403,2026-08-27 20:11:29.530117,491.39,8094,0
4724,2026-09-01 03:40:29.540807,4280.35,2777,0
852,2026-08-29 09:16:29.528310,1503.77,7163,0
6776,2026-08-31 07:52:29.547403,3843.9,6044,0
2267,2026-08-28 17:25:29.532886,4105.49,7100,0
8990,2026-08-29 14:37:29.554884,896.83,5550,0
8414,2026-09-01 00:15:29.553012,3621.1,8997,0
6186,2026-08-31 05:13:29.545497,1391.2,3588,0
8979,2026-08-31 09:06:29.554847,1898.4,4834,0
1188,2026-08-31 02:32:29.529417,3045.48,6424,0
5851,2026-08-26 02:32:29.544429,2474.62,5404,0
7067,2026-08-30 03:11:29.548591,4681.21,8124,0
2605,2026-08-30 10:51:29.533989,3342.67,6678,0
949,2026-08-28 06:49:29.528616,2324.59,5314,0
9701,2026-08-26 21:56:29.557187,4063.55,2385,0
1295,2026-08-25 13:24:29.529757,4051.51,4126,0
2764,2026-08-26 00:51:29.534521,2369.6,3335,0
8259,2026-08-26 12:00:29.552510,2901.41,8291,0
3399,2026-08-28 19:17:29.536562,1808.78,4607,0
1885,2026-08-26 09:46:29.531656,1176.6,1996,0
6961,2026-08-28 05:56:29.548074,1304.23,1657,0
5758,2026-08-28 02:42:29.544138,655.87,4081,0
2740,2026-08-27 21:40:29.534445,2036.22,4936,0
2323,2026-08-26 07:10:29.533090,3195.55,8294,0
1611,2026-08-27 19:27:29.530777,751.63,3860,0
4291,2026-08-25 11:59:29.539421,2329.43,1172,0
9631,2026-08-29 06:35:29.556955,534.79,7913,0
6644,2026-08-31 15:04:29.546976,4500.08,7232,0
6333,2026-08-27 08:03:29.545957,3225.94,5395,0
4655,2026-08-28 18:24:29.540593,4474.6,3915,0
7798,2026-08-28 06:23:29.551012,4125.75,3032,0
5917,2026-08-26 03:05:29.544636,4892.72,2231,0
6509,2026-08-28 09:53:29.546539,1981.26,1667,0
5798,2026-08-31 14:08:29.544262,3238.92,8946,0
320,2026-08-30 11:21:29.526595,1451.11,6117,0
2595,2026-08-31 09:58:29.533958,4315.24,3369,0
1081,2026-08-29 10:37:29.529038,4681.79,5797,0
4006,2026-08-27 02:22:29.538512,4406.93,1566,0
732,2026-08-28 21:42:29.527920,257.63,8816,0
9275,2026-08-26 22:05:29.555817,1063.28,5971,0
4696,2026-08-30 07:10:29.540720,4400.37,5389,0
3628,2026-08-27 19:32:29.537292,2234.26,2897,0
8223,2026-08-30 03:29:29.552398,2783.04,8535,0
10315,2026-09-01 03:45:29.564659,1000.0,10014,1
1088,2026-08-31 04:10:29.529094,2535.09,3972,0
4215,2026-08-28 09:39:29.539182,1950.59,3756,0
2209,2026-08-29 17:19:29.532696,1985.61,5283,0
4365,2026-08-29 10:43:29.539663,2902.22,3957,0
6124,2026-08-31 04:33:29.545302,4941.02,3013,0
1765,2026-08-26 23:09:29.531276,3934.07,1475,0
7367,2026-08-27 13:27:29.549571,626.16,8839,0
2508,2026-08-31 05:07:29.533678,2034.51,4020,0
2282,2026-08-28 17:33:29.532933,45.03,4523,0
6398,2026-08-28 19:18:29.546183,4513.65,8816,0
5274,2026-08-28 03:03:29.542595,365.83,2248,0
5075,2026-08-27 10:36:29.541929,1495.6,1135,0
7369,2026-08-31 07:53:29.549578,4733.6,4305,0
8234,2026-08-28 09:43:29.552432,2261.64,1113,0
818,2026-08-27 19:11:29.528202,2958.28,7369,0
4897,2026-08-31 10:37:29.541363,4823.14,1491,0
346,2026-08-31 17:42:29.526676,3849.62,7840,0
8871,2026-08-26 13:53:29.554505,3913.94,4115,0
10026,2026-09-01 03:45:29.564659,1000.0,10025,1
8615,2026-08-28 01:30:29.553665,2583.17,4461,0
8971,2026-08-26 18:20:29.554822,404.09,3673,0
2760,2026-08-31 10:17:29.534508,4448.49,8990,0
6869,2026-08-27 17:56:29.547698,1680.63,6396,0
7164,2026-08-26 01:34:29.548896,3209.0,2085,0
6234,2026-08-31 07:04:29.545647,3615.25,6620,0
1278,2026-08-28 13:44:29.529703,1853.07,4486,0
7508,2026-08-25 06:34:29.550031,3803.53,4339,0
1461,2026-08-27 13:25:29.530300,2821.92,5826,0
3058,2026-08-27 02:47:29.535474,365.97,8257,0
6368,2026-08-26 08:41:29.546089,2755.65,5176,0
7554,2026-08-29 08:54:29.550237,1812.15,7457,0
5478,2026-08-30 15:14:29.543246,1902.18,6479,0
5113,2026-08-30 14:52:29.542068,2332.23,2971,0
10234,2026-09-01 03:45:29.564659,1000.0,10033,1
111,2026-08-25 11:53:29.525897,3448.1,8077,0
2604,2026-08-27 11:29:29.533986,3974.98,7860,0
1046,2026-08-27 14:20:29.528924,3359.59,2209,0
4378,2026-08-29 09:03:29.539703,641.75,3540,0
9443,2026-08-31 18:39:29.556357,1224.4,6483,0
599,2026-08-27 02:18:29.527498,3622.2,1162,0
9786,2026-08-25 21:40:29.557456,317.86,4741,0
3703,2026-08-29 16:26:29.537533,4760.3,8493,0
7568,2026-08-30 14:08:29.550282,4544.39,8498,0
2592,2026-08-29 03:59:29.533948,3550.09,6675,0
7406,2026-08-28 09:21:29.549693,2506.44,4937,0
5844,2026-08-26 09:38:29.544407,284.82,4514,0
9520,2026-08-27 14:30:29.556604,1566.4,6963,0
8128,2026-08-27 06:42:29.552093,2761.24,2470,0
3260,2026-08-30 10:43:29.536122,1200.65,1710,0
3560,2026-08-28 06:22:29.537078,3390.78,1032,0
4333,2026-08-31 13:08:29.539561,3969.19,5345,0
762,2026-08-25 07:59:29.528017,240.14,4584,0
1847,2026-08-27 02:51:29.531537,4316.61,2106,0
9481,2026-08-29 09:01:29.556477,4447.83,8362,0
9056,2026-08-30 04:39:29.555128,3313.35,1101,0
3720,2026-08-27 11:54:29.537588,4584.19,6543,0
9214,2026-08-26 12:40:29.555625,1528.81,4699,0
1336,2026-08-29 05:48:29.529888,688.84,3445,0
6354,2026-08-29 08:38:29.546025,4312.33,7427,0
9240,2026-08-26 07:39:29.555708,16.94,7438,0
1486,2026-08-26 19:35:29.530378,390.45,4148,0
5001,2026-08-27 14:16:29.541694,865.45,6110,0
8917,2026-08-27 10:43:29.554651,1511.91,3500,0
4303,2026-08-29 23:26:29.539459,2107.61,4318,0
6738,2026-08-30 09:36:29.547281,1465.32,7298,0
6921,2026-08-29 18:17:29.547859,2060.19,2570,0
9367,2026-09-01 02:34:29.556116,1872.41,4796,0
3633,2026-08-29 00:54:29.537308,3824.24,5281,0
1960,2026-08-27 20:51:29.531894,89.78,6385,0
9403,2026-08-29 00:03:29.556228,997.87,2235,0
9129,2026-08-26 08:39:29.555358,3770.62,7560,0
4895,2026-08-28 01:28:29.541356,4141.88,6703,0
3157,2026-08-25 12:11:29.535790,372.55,8373,0
5052,2026-08-31 18:58:29.541855,4717.47,6534,0
788,2026-08-29 19:43:29.528108,4204.6,5916,0
4190,2026-08-29 02:22:29.539103,578.61,6374,0
1202,2026-08-26 09:39:29.529461,3596.04,7099,0
6726,2026-09-01 01:12:29.547244,1078.72,5471,0
9685,2026-08-26 11:52:29.557136,4178.62,3469,0
1768,2026-08-26 17:41:29.531285,857.54,8380,0
7505,2026-08-27 17:38:29.550014,2708.84,7845,0
2344,2026-08-30 14:45:29.533156,2624.02,2127,0
2520,2026-08-26 18:03:29.533721,1841.53,8904,0
8870,2026-08-26 15:55:29.554502,489.19,7693,0
779,2026-08-28 19:59:29.528080,1598.04,3648,0
7601,2026-08-31 21:06:29.550384,2683.16,5250,0
10398,2026-09-01 03:45:29.564659,1000.0,10047,1
5742,2026-08-27 17:17:29.544086,2386.43,6491,0
5739,2026-08-30 00:31:29.544076,2095.42,7693,0
5497,2026-08-25 09:32:29.543308,1084.14,3566,0
4220,2026-08-31 08:09:29.539200,1572.19,1722,0
4875,2026-08-29 12:39:29.541294,2677.71,7884,0
1533,2026-08-31 22:25:29.530528,3156.34,2254,0
8946,2026-08-28 13:31:29.554743,1432.47,2698,0
7282,2026-08-26 05:19:29.549303,2728.4,4260,0
3845,2026-08-29 08:20:29.537982,1963.25,3926,0
7907,2026-08-25 13:53:29.551390,152.25,7282,0
5999,2026-08-26 12:50:29.544899,4118.77,6637,0
8249,2026-08-28 21:08:29.552479,4218.46,4346,0
6218,2026-08-31 10:46:29.545597,827.67,2768,0
2922,2026-08-31 16:55:29.535027,1450.91,5823,0
4763,2026-08-28 07:15:29.540932,735.54,2957,0
3868,2026-08-26 17:02:29.538076,4635.58,7610,0
6129,2026-08-30 03:29:29.545318,1694.8,5554,0
7098,2026-08-29 23:12:29.548687,4283.1,5829,0
7706,2026-08-25 12:27:29.550717,4770.71,3284,0
4252,2026-08-26 18:09:29.539300,50.64,2870,0
7068,2026-08-29 11:03:29.548594,1403.95,4123,0
7261,2026-08-31 15:27:29.549235,3547.72,7711,0
5699,2026-08-28 12:30:29.543943,2222.35,4014,0
10326,2026-09-01 03:45:29.564659,1000.0,10025,1
6206,2026-08-25 19:26:29.545559,4338.88,3493,0
8241,2026-08-25 14:55:29.552454,4522.78,4808,0
4208,2026-08-28 23:37:29.539160,3212.63,7776,0
9142,2026-08-29 22:15:29.555399,387.61,6358,0
4512,2026-08-30 09:47:29.540138,1079.45,2497,0
5144,2026-08-28 04:13:29.542165,3858.67,5498,0
7192,2026-08-27 03:37:29.548983,3163.79,2379,0
9126,2026-08-31 21:01:29.555349,2668.86,2270,0
8640,2026-08-26 18:19:29.553745,754.39,2476,0
10220,2026-09-01 03:45:29.564659,1000.0,10019,1
3143,2026-08-31 23:59:29.535746,2238.91,5308,0
2907,2026-08-28 05:44:29.534980,3352.23,4833,0
7888,2026-08-28 13:19:29.551331,3176.07,4781,0
3891,2026-08-25 06:10:29.538150,1562.77,8867,0
2806,2026-08-29 16:54:29.534656,4514.05,7780,0
7021,2026-08-28 20:15:29.548404,412.08,4192,0
3683,2026-08-29 04:55:29.537470,3104.63,7883,0
716,2026-08-27 07:53:29.527870,4745.07,6877,0
2698,2026-08-28 13:50:29.534312,3505.78,7092,0
9506,2026-08-30 09:48:29.556560,719.82,6964,0
6798,2026-08-30 06:54:29.547473,4096.74,6335,0
2298,2026-08-27 05:43:29.532983,4911.63,2068,0
3495,2026-08-27 21:31:29.536863,1617.84,5599,0
3816,2026-08-29 18:19:29.537892,743.18,2269,0
6183,2026-08-26 06:24:29.545488,4858.75,6117,0
4346,2026-08-27 00:55:29.539602,723.64,4838,0
9271,2026-08-30 04:21:29.555804,3232.69,2707,0
6999,2026-08-29 03:55:29.548284,1326.48,4826,0
6803,2026-08-29 09:57:29.547489,2571.9,8042,0
4349,2026-08-31 03:32:29.539611,2072.57,5985,0
4226,2026-08-30 02:49:29.539218,1210.27,7751,0
9938,2026-08-26 05:23:29.557937,2934.69,6132,0
8838,2026-08-29 00:31:29.554403,1080.99,6619,0
9875,2026-08-29 13:24:29.557738,1242.51,1444,0
4764,2026-08-29 04:58:29.540935,2154.15,4269,0
5866,2026-08-27 21:40:29.544475,1904.53,3644,0
3251,2026-08-28 16:11:29.536094,2331.14,2494,0
1672,2026-08-27 18:16:29.530969,1628.86,2314,0
117,2026-08-27 16:46:29.525916,146.64,6297,0
6631,2026-08-30 19:19:29.546936,1975.53,2352,0
7499,2026-08-28 09:05:29.549990,4827.72,2157,0
4874,2026-08-25 08:03:29.541290,4616.14,6009,0
8604,2026-08-29 12:06:29.553630,2085.01,6722,0
3745,2026-08-27 00:20:29.537667,2344.87,2910,0
3586,2026-08-29 20:54:29.537159,3960.23,2543,0
7874,2026-08-29 20:20:29.551285,2166.56,6198,0
7140,2026-08-27 20:56:29.548821,4709.88,2814,0
5531,2026-08-30 12:19:29.543413,2216.36,2270,0
10029,2026-09-01 03:45:29.564659,1000.0,10028,1
3336,2026-08-26 17:55:29.536363,4387.95,8849,0
9058,2026-08-31 19:41:29.555134,4667.91,3954,0
6100,2026-08-27 08:10:29.545228,1568.77,2330,0
9394,2026-08-30 19:04:29.556200,4829.66,4306,0
529,2026-08-27 14:09:29.527274,1477.43,4633,0
2505,2026-08-29 15:47:29.533669,3961.16,8890,0
4436,2026-08-27 00:03:29.539887,1658.05,8382,0
3150,2026-08-27 06:00:29.535768,1440.51,3293,0
3874,2026-08-25 20:47:29.538095,4546.84,2775,0
1677,2026-08-29 03:32:29.530984,3378.13,2246,0
6629,2026-08-25 11:39:29.546930,2154.93,8878,0
3548,2026-08-30 13:23:29.537031,3787.85,1652,0
5505,2026-08-29 10:15:29.543333,307.93,4360,0
1583,2026-08-26 22:30:29.530685,1476.92,5184,0
9850,2026-08-28 07:56:29.557658,1640.2,6005,0
8319,2026-08-26 01:42:29.552701,2860.95,4513,0
107,2026-08-30 12:33:29.525885,4818.81,5103,0
6531,2026-08-27 22:51:29.546611,2549.22,4833,0
9324,2026-08-28 14:45:29.555973,3652.11,5668,0
430,2026-08-31 18:04:29.526942,1487.09,2075,0
974,2026-08-25 11:54:29.528695,3644.12,1490,0
8605,2026-08-26 08:01:29.553633,476.47,7312,0
8755,2026-08-29 21:35:29.554138,3825.23,2398,0
6716,2026-08-25 19:33:29.547213,2192.31,5149,0
6813,2026-08-30 21:19:29.547520,1675.92,4046,0
5663,2026-08-30 05:41:29.543828,2771.34,5878,0
6136,2026-08-28 14:37:29.545339,429.16,7017,0
10462,2026-09-01 03:45:29.564659,1000.0,10011,1
4389,2026-08-26 12:32:29.539738,2511.55,4792,0
8361,2026-08-30 03:48:29.552831,3089.02,3718,0
7491,2026-08-29 13:56:29.549965,2257.39,2247,0
8404,2026-08-28 01:17:29.552980,4706.98,4526,0
6075,2026-08-31 23:38:29.545147,3523.66,7624,0
7947,2026-08-25 21:07:29.551515,1828.78,2638,0
774,2026-08-26 04:31:29.528065,1093.62,6852,0
3895,2026-08-31 11:07:29.538163,3711.45,3517,0
4440,2026-08-30 09:34:29.539900,1181.5,3791,0
902,2026-08-31 04:11:29.528466,1281.92,6769,0
4285,2026-08-26 22:48:29.539402,4420.42,3790,0
2555,2026-08-30 15:07:29.533831,2082.12,2932,0
4367,2026-08-31 05:13:29.539669,2973.82,7134,0
3537,2026-08-25 22:41:29.536994,2083.6,4019,0
526,2026-08-31 01:32:29.527264,1579.01,1960,0
3528,2026-08-30 10:01:29.536967,4712.76,8526,0
1079,2026-08-29 09:43:29.529032,1133.82,7934,0
10149,2026-09-01 03:45:29.564659,1000.0,10048,1
8240,2026-08-27 07:32:29.552451,1555.9,8522,0
10454,2026-09-01 03:45:29.564659,1000.0,10003,1
784,2026-08-26 08:50:29.528096,3831.51,4420,0
6416,2026-08-26 07:02:29.546239,742.22,5464,0
2137,2026-08-25 05:57:29.532469,843.53,1083,0
6905,2026-08-25 15:35:29.547810,4234.2,4621,0
4411,2026-08-31 23:49:29.539809,2032.44,6280,0
7175,2026-08-25 13:04:29.548930,4709.27,6398,0
3835,2026-08-28 18:33:29.537951,1721.78,3048,0
7089,2026-08-30 22:45:29.548659,2562.09,4354,0
1179,2026-08-31 18:09:29.529390,371.05,7853,0
8395,2026-08-30 12:38:29.552940,3811.39,5072,0
8344,2026-08-26 15:50:29.552779,2024.9,6200,0
46,2026-08-28 03:09:29.525690,755.74,7135,0
2290,2026-08-27 17:39:29.532958,3679.56,8383,0
1770,2026-08-27 16:19:29.531291,2939.42,7982,0
781,2026-08-31 15:31:29.528086,604.44,7138,0
2898,2026-08-31 07:55:29.534952,1740.29,6954,0
4955,2026-08-25 10:23:29.541547,2606.33,6088,0
1771,2026-08-29 01:18:29.531295,577.16,7650,0
6817,2026-08-29 14:13:29.547533,3440.98,3229,0
9902,2026-08-27 12:43:29.557821,1314.61,6029,0
912,2026-08-30 08:06:29.528500,3212.16,4498,0
6267,2026-08-30 12:57:29.545752,4071.79,3041,0
6223,2026-08-28 14:46:29.545612,773.16,5032,0
4064,2026-08-29 19:41:29.538696,2285.63,5955,0
9755,2026-08-26 06:46:29.557359,3385.56,2381,0
1507,2026-08-27 16:57:29.530447,2395.08,5473,0
1678,2026-08-25 14:18:29.530987,2743.38,3006,0
4963,2026-08-27 08:52:29.541572,4967.96,1730,0
9198,2026-08-25 11:26:29.555575,2365.33,8396,0
7046,2026-08-29 09:26:29.548526,3720.54,7017,0
3470,2026-08-29 08:22:29.536786,2909.79,6196,0
288,2026-08-26 06:19:29.526492,2038.05,4061,0
10140,2026-09-01 03:45:29.564659,1000.0,10039,1
9719,2026-08-29 05:24:29.557244,4729.99,5963,0
4240,2026-08-26 21:44:29.539262,551.91,4781,0
923,2026-08-28 07:12:29.528535,77.86,1710,0
2297,2026-08-29 05:29:29.532980,4020.29,5957,0
8153,2026-08-30 16:10:29.552175,2546.25,8971,0
2034,2026-08-31 01:09:29.532144,3592.7,7246,0
1212,2026-08-30 19:48:29.529492,1161.89,7459,0
3056,2026-08-31 17:04:29.535468,4060.06,7922,0
6310,2026-08-26 01:33:29.545885,2747.53,4869,0
6068,2026-08-30 14:03:29.545125,1137.45,2530,0
1841,2026-08-27 07:19:29.531518,3920.94,6012,0
1150,2026-08-31 20:55:29.529294,1829.37,4900,0
2091,2026-08-25 20:29:29.532322,3445.41,2357,0
8171,2026-08-26 20:54:29.552231,303.31,2335,0
476,2026-08-28 03:01:29.527099,4265.64,2362,0
10184,2026-09-01 03:45:29.564659,1000.0,10033,1
3611,2026-08-25 12:31:29.537237,1732.2,6067,0
9675,2026-08-26 16:34:29.557104,777.13,7432,0
1543,2026-08-30 16:57:29.530560,4065.69,8867,0
9576,2026-08-31 16:15:29.556784,1550.22,4749,0
6181,2026-08-25 23:06:29.545482,4265.79,8379,0
2864,2026-08-25 22:31:29.534843,3040.19,8428,0
3274,2026-08-29 01:50:29.536166,353.65,5172,0
5238,2026-08-29 14:09:29.542475,4571.65,4338,0
325,2026-08-30 06:32:29.526611,3821.46,2897,0
2035,2026-08-30 20:55:29.532148,465.19,4072,0
7743,2026-08-26 04:09:29.550838,4403.43,2715,0
8416,2026-08-26 06:42:29.553018,978.02,2188,0
5953,2026-08-26 11:44:29.544754,313.99,5854,0
124,2026-08-27 11:56:29.525938,1911.72,1056,0
257,2026-08-30 12:25:29.526394,4412.52,4631,0
8659,2026-08-30 11:31:29.553805,945.7,4130,0
813,2026-08-28 07:57:29.528187,3822.76,3615,0
8634,2026-08-29 14:24:29.553724,1593.75,2564,0
10487,2026-09-01 03:45:29.564659,1000.0,10036,1
9249,2026-08-31 10:36:29.555736,681.31,7803,0
10405,2026-09-01 03:45:29.564659,1000.0,10004,1
9288,2026-08-30 04:20:29.555858,2288.87,3513,0
1823,2026-08-30 09:45:29.531458,2967.08,3337,0
2506,2026-08-26 05:09:29.533672,2397.95,4986,0
7226,2026-08-29 19:06:29.549126,1640.27,5847,0
6734,2026-08-26 11:00:29.547268,3834.88,8672,0
3881,2026-08-26 03:07:29.538119,1947.72,4930,0
2571,2026-08-31 09:38:29.533883,3415.09,7860,0
2031,2026-09-01 02:52:29.532135,4586.03,6952,0
7482,2026-08-31 21:14:29.549937,787.91,4271,0
829,2026-08-27 15:15:29.528239,86.89,4251,0
1485,2026-08-28 15:39:29.530375,3506.95,7121,0
9841,2026-08-26 12:53:29.557630,2985.22,1456,0
6695,2026-08-30 06:13:29.547147,1352.78,1767,0
6992,2026-08-27 08:10:29.548246,2323.7,7360,0
3292,2026-08-26 17:09:29.536226,4638.66,4347,0
2164,2026-08-29 16:15:29.532553,859.46,8280,0
1628,2026-08-30 22:01:29.530829,602.34,5055,0
7454,2026-08-26 15:33:29.549847,3351.69,7865,0
2370,2026-08-30 08:33:29.533241,726.11,8245,0
4008,2026-08-25 08:45:29.538518,4285.76,4100,0
6828,2026-08-31 12:52:29.547567,2771.47,4364,0
7398,2026-08-26 07:33:29.549668,1762.65,7734,0
8811,2026-08-27 12:13:29.554317,4236.08,7172,0
6651,2026-08-27 13:30:29.546998,304.24,7910,0
3995,2026-08-29 19:01:29.538478,2017.12,7263,0
4938,2026-08-27 16:52:29.541494,3256.51,3368,0
5448,2026-08-25 18:10:29.543151,1772.29,2740,0
9353,2026-08-30 03:24:29.556072,1046.45,1763,0
1534,2026-08-28 00:44:29.530531,1077.08,2142,0
8345,2026-08-28 04:09:29.552782,2405.91,3324,0
9015,2026-08-28 09:42:29.554963,3410.87,2570,0
7777,2026-08-27 15:05:29.550944,1553.84,5696,0
2467,2026-08-26 05:41:29.533548,3891.88,7280,0
6262,2026-08-31 10:46:29.545737,4330.15,6080,0
9678,2026-08-31 22:22:29.557113,725.74,2288,0
9932,2026-08-29 21:28:29.557918,3771.61,7975,0
666,2026-08-30 05:49:29.527713,1350.11,6358,0
10452,2026-09-01 03:45:29.564659,1000.0,10001,1
2906,2026-08-30 10:21:29.534977,1247.58,6312,0
5455,2026-08-26 04:57:29.543173,1212.82,3713,0
7892,2026-08-29 11:58:29.551343,1080.21,6856,0
756,2026-08-28 02:58:29.527997,4956.11,5120,0
3038,2026-08-28 17:52:29.535409,4768.85,1229,0
3865,2026-08-27 05:49:29.538066,1833.58,6803,0
3969,2026-08-26 14:19:29.538397,3493.69,5676,0
7666,2026-08-30 13:01:29.550589,1482.11,5369,0
5097,2026-08-26 17:42:29.541997,1842.29,5448,0
2711,2026-08-29 17:27:29.534353,2819.61,2890,0
1469,2026-08-27 10:22:29.530325,571.5,5312,0
3445,2026-08-28 02:05:29.536705,1923.71,2878,0
291,2026-08-26 17:56:29.526501,1688.13,2002,0
5914,2026-08-29 03:28:29.544627,101.93,2521,0
1042,2026-08-30 17:10:29.528910,577.34,2920,0
204,2026-08-27 01:01:29.526228,1107.75,6487,0
10318,2026-09-01 03:45:29.564659,1000.0,10017,1
7414,2026-08-30 17:48:29.549718,2970.17,2738,0
1908,2026-08-27 22:26:29.531729,3794.47,5425,0
6240,2026-08-29 13:27:29.545666,2378.75,2821,0
2230,2026-08-25 08:17:29.532765,344.02,1410,0
7470,2026-08-26 09:12:29.549900,3023.47,1055,0
9916,2026-08-30 11:15:29.557867,2326.35,1733,0
1682,2026-08-27 05:35:29.531000,4885.12,5064,0
4653,2026-08-27 09:59:29.540586,142.17,1953,0
6576,2026-08-28 05:33:29.546754,4516.45,7507,0
9108,2026-08-29 23:57:29.555292,4729.6,3245,0
6148,2026-08-31 06:07:29.545377,3497.71,8423,0
10096,2026-09-01 03:45:29.564659,1000.0,10045,1
4174,2026-08-25 11:05:29.539053,4329.65,7404,0
1917,2026-08-28 12:25:29.531757,1189.04,8794,0
562,2026-08-29 23:00:29.527377,2796.97,5560,0
3485,2026-08-27 17:52:29.536832,1139.53,6495,0
3657,2026-08-28 12:19:29.537383,1216.34,2942,0
3166,2026-08-27 04:42:29.535818,4526.98,5137,0
6175,2026-08-28 19:36:29.545463,94.19,3928,0
7433,2026-08-27 02:08:29.549777,408.29,4827,0
4535,2026-08-27 20:33:29.540212,199.01,7379,0
7134,2026-08-30 12:55:29.548803,1698.9,7923,0
3263,2026-08-25 15:28:29.536132,2133.92,2754,0
143,2026-08-30 04:01:29.525999,2300.79,1631,0
6863,2026-08-31 00:18:29.547679,686.8,5018,0
7689,2026-08-27 23:12:29.550661,378.69,3355,0
3155,2026-08-26 04:26:29.535784,1243.32,3978,0
6200,2026-08-25 19:33:29.545541,1603.7,2264,0
4577,2026-08-26 08:14:29.540345,544.96,5295,0
2856,2026-08-31 20:38:29.534815,3392.1,8693,0
9789,2026-08-26 09:44:29.557465,4293.52,8261,0
3266,2026-08-30 10:15:29.536141,2296.56,6121,0
8925,2026-08-28 08:19:29.554676,4148.45,7981,0
9313,2026-08-27 03:34:29.555936,1844.31,5680,0
2586,2026-08-30 06:39:29.533930,4172.34,1032,0
8714,2026-08-27 05:51:29.553976,1939.75,7840,0
8098,2026-08-26 12:43:29.551990,4743.21,7597,0
4350,2026-08-29 15:50:29.539615,4870.53,3545,0
9535,2026-08-29 14:03:29.556652,3814.02,1026,0
7417,2026-08-31 09:30:29.549727,4575.57,6497,0
7262,2026-08-30 07:14:29.549238,4433.18,4566,0
2133,2026-08-30 01:54:29.532456,3517.87,7962,0
9904,2026-08-29 17:16:29.557828,2677.43,1714,0
5312,2026-08-26 06:12:29.542713,1916.53,6765,0
5278,2026-08-30 02:05:29.542607,3518.52,4375,0
1612,2026-08-31 15:23:29.530780,4057.11,1639,0
2705,2026-08-25 13:31:29.534334,2442.79,2803,0
7747,2026-08-30 12:48:29.550850,3988.94,1406,0
9799,2026-08-28 06:26:29.557496,3967.41,1921,0
2483,2026-08-26 03:31:29.533598,2280.58,4225,0
6964,2026-08-31 23:33:29.548091,2414.97,1492,0
3511,2026-08-31 00:28:29.536913,3647.39,3727,0
6244,2026-08-26 23:38:29.545678,1652.21,5383,0
5936,2026-08-25 16:28:29.544698,2902.18,7257,0
8024,2026-08-27 09:20:29.551757,362.13,8739,0
4573,2026-08-27 06:53:29.540332,2680.85,3212,0
8257,2026-08-26 11:40:29.552504,4545.98,4301,0
10226,2026-09-01 03:45:29.564659,1000.0,10025,1
2649,2026-08-26 04:09:29.534155,503.53,8682,0
6858,2026-08-30 22:20:29.547663,1314.75,1744,0
6165,2026-08-27 09:36:29.545430,1399.35,8840,0
1277,2026-08-25 12:34:29.529700,2628.38,3844,0
1867,2026-08-25 09:40:29.531600,3165.7,7024,0
1685,2026-08-30 22:50:29.531009,1077.8,6463,0
6437,2026-08-28 08:00:29.546309,62.39,8672,0
5878,2026-08-27 11:22:29.544512,3413.66,5583,0
10111,2026-09-01 03:45:29.564659,1000.0,10010,1
9844,2026-08-29 02:50:29.557639,3512.6,1425,0
2291,2026-08-25 10:18:29.532961,2085.1,2912,0
3191,2026-08-26 12:29:29.535896,2941.61,7521,0
7799,2026-08-29 18:43:29.551015,2477.26,1002,0
9736,2026-08-28 18:30:29.557297,1332.39,6694,0
7525,2026-08-27 03:32:29.550132,1722.45,5777,0
4173,2026-08-29 22:24:29.539049,1620.85,4895,0
5618,2026-08-29 19:40:29.543688,3361.39,7738,0
3145,2026-08-29 08:42:29.535753,2020.59,1797,0
9253,2026-08-30 11:25:29.555749,1603.22,4485,0
9531,2026-08-25 12:44:29.556639,1941.94,1645,0
3647,2026-08-31 02:45:29.537352,1628.02,6749,0
7373,2026-08-29 03:09:29.549590,3450.88,4660,0
9395,2026-08-31 01:30:29.556203,3561.75,2235,0
7627,2026-08-28 17:47:29.550468,2595.22,1236,0
1691,2026-08-28 02:55:29.531028,2281.6,1817,0
4289,2026-08-27 00:02:29.539415,4122.18,1563,0
2242,2026-08-26 17:29:29.532803,1238.9,4598,0
4107,2026-08-31 18:56:29.538830,1555.36,4504,0
2792,2026-08-26 19:46:29.534612,93.32,8300,0
4330,2026-08-27 07:58:29.539552,4769.81,2796,0
8363,2026-08-31 19:00:29.552838,239.06,8289,0
10104,2026-09-01 03:45:29.564659,1000.0,10003,1
9661,2026-08-28 12:08:29.557061,630.22,6838,0
4591,2026-08-29 23:27:29.540388,4341.62,2380,0
6394,2026-08-26 23:17:29.546170,363.43,5093,0
3696,2026-08-28 07:59:29.537511,3475.83,4572,0
3003,2026-08-27 07:16:29.535295,3813.6,8335,0
3113,2026-08-29 10:29:29.535647,1378.86,8765,0
665,2026-08-27 08:49:29.527710,3955.0,4454,0
271,2026-08-31 15:34:29.526439,2452.67,2723,0
4483,2026-09-01 02:24:29.540038,3547.35,7312,0
6975,2026-08-30 11:18:29.548152,4437.03,3017,0
3742,2026-08-25 09:25:29.537658,794.06,5926,0
4790,2026-08-28 17:18:29.541016,87.41,7205,0
8491,2026-08-28 00:24:29.553273,928.03,2343,0
9159,2026-08-27 20:19:29.555454,3027.42,1430,0
7872,2026-08-30 22:48:29.551279,4728.75,6800,0
3599,2026-08-31 10:44:29.537199,2416.38,7854,0
4030,2026-08-31 11:46:29.538587,2155.34,5903,0
3051,2026-08-28 16:19:29.535451,2357.02,2151,0
6787,2026-08-27 11:44:29.547439,3149.12,8880,0
1891,2026-08-30 15:26:29.531675,2606.98,2530,0
8864,2026-08-29 18:07:29.554484,4425.84,4794,0
9992,2026-08-25 10:46:29.558114,70.86,3630,0
5221,2026-09-01 01:08:29.542415,2608.63,6340,0
4603,2026-08-25 10:46:29.540426,3224.61,7994,0
7661,2026-08-29 11:05:29.550574,14.43,8123,0
79,2026-08-25 13:18:29.525797,4438.6,7478,0
7847,2026-08-29 08:45:29.551200,2108.35,1401,0
4679,2026-08-28 17:01:29.540667,4684.23,4483,0
6130,2026-08-31 10:55:29.545321,3324.44,4244,0
2318,2026-08-30 03:21:29.533068,4252.88,8806,0
7233,2026-08-27 16:38:29.549147,1784.95,7553,0
5606,2026-08-28 03:56:29.543651,2013.71,5579,0
3847,2026-08-29 13:39:29.537988,3094.67,2377,0
9603,2026-08-27 03:13:29.556868,3885.6,1229,0
9713,2026-08-27 18:26:29.557226,2525.27,2014,0
1069,2026-08-31 17:38:29.528998,379.67,7099,0
8374,2026-08-29 04:07:29.552872,1812.57,8652,0
7081,2026-08-30 08:51:29.548634,347.08,6588,0
4022,2026-08-26 14:48:29.538562,4294.83,8195,0
5135,2026-08-29 04:18:29.542137,2311.79,7833,0
2441,2026-08-29 14:55:29.533466,2812.96,7395,0
3531,2026-08-26 17:16:29.536976,2838.93,7207,0
9995,2026-08-26 10:58:29.558123,1087.3,5225,0
1548,2026-08-26 11:51:29.530576,4028.25,4725,0
9627,2026-08-31 08:28:29.556942,2699.04,1512,0
3469,2026-08-28 04:42:29.536782,2959.66,4312,0
10215,2026-09-01 03:45:29.564659,1000.0,10014,1
1676,2026-08-28 11:33:29.530981,2147.65,1019,0
4357,2026-08-31 23:22:29.539638,4713.19,3702,0
4556,2026-08-26 19:40:29.540277,4981.11,8110,0
3430,2026-08-26 18:59:29.536659,3237.34,7834,0
7116,2026-08-27 02:57:29.548746,2427.73,2487,0
1590,2026-08-28 00:18:29.530712,1014.03,6757,0
8477,2026-08-26 20:32:29.553230,280.64,2759,0
10006,2026-09-01 03:45:29.564659,1000.0,10005,1
7349,2026-08-31 19:39:29.549511,3878.8,2438,0
2958,2026-08-31 13:00:29.535155,3073.3,8621,0
1213,2026-08-31 11:54:29.529495,841.55,7903,0
1168,2026-08-30 21:28:29.529353,3382.95,4059,0
8678,2026-09-01 03:03:29.553864,4867.98,6691,0
2494,2026-08-28 06:09:29.533633,3533.7,1911,0
7556,2026-08-26 12:30:29.550244,1752.79,7562,0
7394,2026-08-26 04:48:29.549655,1436.04,6483,0
6675,2026-08-29 17:29:29.547082,782.85,6555,0
2802,2026-08-27 09:52:29.534644,261.41,6169,0
2389,2026-08-30 02:44:29.533300,3741.17,6874,0
3442,2026-08-28 00:17:29.536696,4454.64,6913,0
3384,2026-08-28 12:00:29.536515,1089.17,5093,0
1206,2026-08-30 16:46:29.529474,3639.69,2811,0
1974,2026-08-30 21:52:29.531938,319.37,7959,0
9220,2026-08-29 00:57:29.555643,687.59,5348,0
4792,2026-09-01 02:56:29.541022,4398.73,2700,0
5510,2026-08-26 23:25:29.543348,583.33,2923,0
7388,2026-08-25 17:43:29.549637,2270.88,3261,0
441,2026-08-30 16:29:29.526977,1034.1,3160,0
5309,2026-08-29 20:11:29.542703,3156.64,2769,0
7188,2026-08-25 08:24:29.548971,3642.61,4690,0
349,2026-08-28 05:37:29.526686,4546.68,3141,0
7316,2026-08-27 11:31:29.549408,4612.92,7315,0
3306,2026-08-30 18:59:29.536270,1876.97,4311,0
8964,2026-08-26 11:40:29.554800,1158.52,2074,0
9050,2026-08-31 20:36:29.555109,1382.46,5575,0
9911,2026-08-27 13:01:29.557849,3607.93,5467,0
6536,2026-08-26 09:51:29.546627,1352.46,6140,0
4334,2026-08-30 02:05:29.539564,2047.5,4599,0
4853,2026-08-27 16:53:29.541225,2354.18,4616,0
8822,2026-08-28 22:26:29.554351,4624.46,6964,0
9997,2026-08-26 23:25:29.558129,1550.47,8466,0
1962,2026-08-27 02:50:29.531900,742.74,2934,0
7280,2026-08-29 08:39:29.549297,3998.27,1847,0
1971,2026-08-28 08:52:29.531928,1480.03,7672,0
8048,2026-08-29 17:26:29.551835,3131.45,1241,0
3253,2026-08-27 19:39:29.536100,689.68,2959,0
7056,2026-08-30 16:49:29.548557,685.79,8468,0
9437,2026-09-01 00:46:29.556338,176.57,4356,0
2573,2026-08-27 17:34:29.533889,4110.01,4181,0
2120,2026-08-25 20:47:29.532414,519.06,3899,0
8912,2026-08-31 18:27:29.554635,1202.1,4881,0
1022,2026-08-28 16:05:29.528848,3778.92,2251,0
8251,2026-08-30 07:45:29.552485,1811.72,8171,0
326,2026-08-28 06:34:29.526614,1923.18,1519,0
516,2026-08-26 08:26:29.527233,1275.5,8433,0
7856,2026-08-28 18:41:29.551228,2373.02,5899,0
6254,2026-08-27 11:36:29.545709,3741.46,3838,0
6665,2026-08-27 18:39:29.547051,4370.25,5463,0
4740,2026-08-29 23:03:29.540861,1788.81,1344,0
8921,2026-08-29 13:42:29.554663,4803.36,3941,0
183,2026-08-26 11:00:29.526163,1640.57,6299,0
2917,2026-08-28 20:48:29.535011,1728.11,6147,0
9428,2026-08-26 18:57:29.556310,1853.57,8088,0
9116,2026-08-26 09:53:29.555317,1655.69,1998,0
2697,2026-08-29 21:38:29.534309,4346.48,6272,0
6596,2026-08-26 15:31:29.546818,4945.75,1814,0
7629,2026-08-27 14:46:29.550474,4457.63,3457,0
4980,2026-08-29 14:37:29.541625,2088.38,1972,0
4122,2026-08-28 05:42:29.538877,334.82,3432,0
10046,2026-09-01 03:45:29.564659,1000.0,10045,1
8383,2026-08-28 03:23:29.552900,4739.1,1524,0
8682,2026-08-27 21:16:29.553876,494.18,7417,0
3280,2026-08-27 16:17:29.536185,812.28,1770,0
5255,2026-08-25 18:26:29.542535,1969.54,4154,0
3188,2026-08-27 06:20:29.535887,1586.73,7701,0
4537,2026-08-28 14:20:29.540218,3801.08,6391,0
2803,2026-09-01 03:32:29.534647,1097.07,2126,0
1857,2026-08-27 06:27:29.531568,2229.56,8814,0
2068,2026-08-25 09:15:29.532250,657.14,7614,0
4492,2026-08-27 12:06:29.540076,2002.73,3141,0
6837,2026-08-30 21:48:29.547596,46.58,1555,0
10193,2026-09-01 03:45:29.564659,1000.0,10042,1
4354,2026-08-30 04:04:29.539628,1857.84,4610,0
2977,2026-08-25 21:25:29.535214,4745.52,8045,0
10118,2026-09-01 03:45:29.564659,1000.0,10017,1
2903,2026-08-29 10:55:29.534967,2509.11,8275,0
5009,2026-08-30 21:58:29.541719,1661.59,8960,0
9334,2026-09-01 01:02:29.556004,664.23,6365,0
5676,2026-08-31 11:04:29.543871,1741.43,8033,0
4786,2026-08-31 18:00:29.541004,4687.82,1786,0
2531,2026-08-31 20:47:29.533756,2476.77,2891,0
9136,2026-08-31 16:35:29.555380,3639.75,7972,0
8737,2026-08-31 00:32:29.554082,1602.31,3901,0
5981,2026-08-28 03:06:29.544841,3521.94,4191,0
7399,2026-08-26 04:57:29.549671,1799.72,6718,0
536,2026-08-30 20:39:29.527296,2041.78,5564,0
9123,2026-08-26 18:20:29.555339,637.08,4094,0
481,2026-08-31 16:44:29.527117,4651.15,2843,0
6736,2026-08-27 05:17:29.547275,1486.71,3198,0
5555,2026-08-29 08:42:29.543489,4403.47,7399,0
12,2026-08-31 09:40:29.525584,2168.4,6666,0
8623,2026-08-27 19:29:29.553690,4589.44,5067,0
5257,2026-08-28 03:07:29.542541,4390.82,5905,0
9138,2026-08-30 03:10:29.555386,3370.57,5264,0
2601,2026-08-30 08:35:29.533977,3060.36,8512,0
2664,2026-08-30 04:25:29.534202,2572.96,6512,0
4901,2026-08-25 21:18:29.541378,4626.41,2219,0
9452,2026-08-27 21:26:29.556385,1475.15,8203,0
8779,2026-08-28 19:46:29.554213,2924.96,6162,0
7378,2026-08-25 23:24:29.549605,183.89,2141,0
1327,2026-08-29 19:24:29.529857,1021.45,3950,0
9309,2026-08-27 14:34:29.555923,2048.69,3783,0
9994,2026-08-27 06:57:29.558120,4157.26,5808,0
5697,2026-08-27 22:50:29.543937,2069.43,3270,0
4177,2026-08-30 02:31:29.539062,3440.51,5037,0
1360,2026-08-26 09:03:29.529962,939.24,3375,0
6508,2026-08-30 11:49:29.546535,2727.07,8509,0
5405,2026-08-27 13:06:29.543006,4720.05,1010,0
8533,2026-08-30 10:56:29.553404,733.06,6225,0
9181,2026-08-29 07:55:29.555522,449.58,8608,0
4925,2026-08-29 06:26:29.541454,4631.9,5433,0
3632,2026-08-26 08:49:29.537305,2896.9,7672,0
2683,2026-08-27 02:58:29.534262,2850.06,6143,0
6083,2026-08-27 12:17:29.545172,1573.93,7939,0
2255,2026-08-27 22:39:29.532845,1200.79,8731,0
10079,2026-09-01 03:45:29.564659,1000.0,10028,1
1016,2026-08-31 10:47:29.528829,1654.9,2089,0
7224,2026-08-28 14:27:29.549120,167.28,2213,0
130,2026-08-28 09:11:29.525957,596.71,5547,0
5361,2026-08-27 17:01:29.542868,192.3,4291,0
4582,2026-08-31 12:38:29.540360,1543.25,8654,0
3738,2026-08-26 15:49:29.537645,1542.03,7360,0
6192,2026-08-27 05:36:29.545516,1465.65,4835,0
5022,2026-08-30 06:49:29.541760,4840.46,6839,0
7177,2026-08-25 17:43:29.548937,3853.95,4777,0
8346,2026-08-26 06:36:29.552785,3411.74,4117,0
9250,2026-08-30 01:34:29.555739,3441.55,1562,0
9402,2026-08-25 14:10:29.556225,4725.66,8050,0
5808,2026-08-28 10:39:29.544293,2554.73,8284,0
7804,2026-08-28 01:14:29.551030,2562.23,1383,0
612,2026-08-30 19:22:29.527539,3088.54,5365,0
2051,2026-08-31 23:55:29.532197,2779.68,1897,0
3017,2026-08-30 11:39:29.535339,4203.33,2606,0
8176,2026-08-26 17:18:29.552247,1573.21,7324,0
3691,2026-08-30 16:28:29.537495,671.25,6260,0
3436,2026-08-30 03:37:29.536677,3200.45,3254,0
988,2026-08-25 19:15:29.528739,2195.06,2415,0
7458,2026-08-25 07:08:29.549859,2619.22,8885,0
1613,2026-08-28 11:43:29.530783,327.96,5966,0
8244,2026-08-28 14:07:29.552463,2508.56,5229,0
1739,2026-08-30 17:08:29.531191,831.24,2691,0
9264,2026-08-27 13:45:29.555783,4581.44,6461,0
4957,2026-08-31 03:17:29.541554,489.32,7542,0
5131,2026-08-28 04:06:29.542125,1180.66,5349,0
4836,2026-08-29 23:07:29.541172,436.41,3108,0
9366,2026-08-27 19:29:29.556113,777.28,6881,0
7815,2026-08-27 00:42:29.551098,502.17,7891,0
157,2026-08-31 16:07:29.526079,1978.17,8406,0
5187,2026-08-28 08:50:29.542308,1101.54,6854,0
844,2026-08-29 20:39:29.528285,3681.39,6409,0
3082,2026-08-27 20:34:29.535551,4430.64,6709,0
5271,2026-08-31 18:59:29.542585,4847.35,5943,0
3554,2026-08-29 17:02:29.537059,3157.76,6170,0
9001,2026-08-28 22:01:29.554919,3109.8,1052,0
7427,2026-08-27 01:10:29.549759,4029.97,2376,0
1201,2026-08-25 09:49:29.529458,2865.98,6379,0
7575,2026-08-30 00:08:29.550303,3247.87,4643,0
10031,2026-09-01 03:45:29.564659,1000.0,10030,1
6597,2026-08-26 19:00:29.546821,2831.11,4605,0
1129,2026-08-27 23:41:29.529229,4116.39,5983,0
9145,2026-08-30 13:12:29.555408,4698.64,8895,0
5495,2026-08-31 21:32:29.543302,897.87,7928,0
7389,2026-08-27 09:45:29.549640,4349.28,3242,0
8107,2026-08-26 14:56:29.552018,2088.48,8178,0
1433,2026-08-28 15:56:29.530213,3852.33,5673,0
3878,2026-08-30 06:08:29.538107,2292.07,7640,0
2153,2026-08-27 12:33:29.532519,3903.04,3819,0
4677,2026-08-30 15:36:29.540661,326.51,2880,0
9450,2026-08-31 21:46:29.556378,168.11,1732,0
3688,2026-08-27 22:18:29.537486,4560.46,6236,0
1796,2026-08-30 09:13:29.531374,1935.11,4063,0
8159,2026-08-25 05:16:29.552194,3439.71,7242,0
1498,2026-08-31 23:56:29.530416,4696.28,7511,0
7404,2026-08-28 07:07:29.549686,1607.58,2531,0
10116,2026-09-01 03:45:29.564659,1000.0,10015,1
318,2026-08-26 15:20:29.526589,1045.68,5809,0
1111,2026-08-30 17:27:29.529172,3611.48,4921,0
3438,2026-08-30 11:42:29.536683,4651.89,2668,0
2734,2026-08-29 05:53:29.534426,2517.19,4583,0
6991,2026-08-25 07:14:29.548240,4734.79,6756,0
8675,2026-08-25 15:20:29.553854,1290.04,2605,0
5115,2026-08-27 00:03:29.542074,1865.32,6185,0
4288,2026-08-31 08:44:29.539412,449.2,1886,0
10431,2026-09-01 03:45:29.564659,1000.0,10030,1
2129,2026-08-25 18:32:29.532443,455.79,1793,0
9942,2026-08-27 18:54:29.557949,1611.63,4196,0
2369,2026-08-30 15:03:29.533238,2955.42,8490,0
3195,2026-08-29 03:46:29.535909,2248.1,5887,0
6432,2026-08-30 11:49:29.546294,1464.44,5303,0
5127,2026-08-25 14:17:29.542112,2233.2,7296,0
9533,2026-08-27 09:13:29.556645,3170.35,2051,0
5059,2026-08-29 00:27:29.541876,4046.34,3120,0
1262,2026-08-29 04:41:29.529650,3866.32,7968,0
4899,2026-08-28 12:08:29.541369,1500.51,5611,0
432,2026-08-30 11:34:29.526949,3746.52,6003,0
1209,2026-08-30 23:04:29.529483,4398.75,8188,0
8813,2026-08-25 06:19:29.554323,1906.23,3425,0
3652,2026-08-25 13:26:29.537368,2117.81,8991,0
1025,2026-08-30 07:19:29.528857,3615.08,5822,0
7483,2026-08-26 01:51:29.549940,108.07,6267,0
198,2026-08-29 01:50:29.526209,1498.68,4819,0
7873,2026-08-29 11:12:29.551282,2544.2,7861,0
4498,2026-08-27 12:59:29.540094,2933.8,3840,0
2825,2026-08-29 22:32:29.534719,50.78,4003,0
7933,2026-08-26 01:47:29.551471,1947.12,6298,0
9857,2026-08-28 08:24:29.557680,1318.91,8924,0
1919,2026-08-31 14:14:29.531763,3207.94,6670,0
3981,2026-08-31 23:03:29.538434,1199.75,5112,0
1137,2026-08-26 11:04:29.529253,3955.06,3366,0
2751,2026-08-26 18:11:29.534480,3829.16,3414,0
8041,2026-08-25 08:57:29.551810,2703.99,1508,0
7416,2026-08-29 06:58:29.549724,2649.85,3306,0
3207,2026-08-25 09:42:29.535949,4162.69,2227,0
3706,2026-08-27 16:12:29.537542,4483.25,2986,0
2637,2026-08-25 07:24:29.534117,1255.27,6842,0
8980,2026-08-28 12:51:29.554853,2368.18,6233,0
6072,2026-08-25 05:07:29.545137,4689.87,2577,0
9779,2026-08-28 16:07:29.557434,1047.88,8757,0
10019,2026-09-01 03:45:29.564659,1000.0,10018,1
3339,2026-08-29 17:54:29.536373,2880.71,3544,0
7162,2026-08-30 00:30:29.548890,1303.72,8046,0
7960,2026-08-25 11:44:29.551558,3776.95,6214,0
9213,2026-08-26 06:02:29.555621,436.66,5982,0
8353,2026-08-30 21:35:29.552807,3699.82,7462,0
2223,2026-08-29 03:03:29.532742,940.52,4172,0
1471,2026-08-31 06:33:29.530331,1782.54,5335,0
1536,2026-09-01 01:19:29.530538,2331.24,4081,0
4543,2026-09-01 03:30:29.540237,1211.05,2630,0
10370,2026-09-01 03:45:29.564659,1000.0,10019,1
3254,2026-08-27 11:47:29.536103,3622.12,5529,0
1781,2026-08-31 02:03:29.531326,4179.13,3154,0
2098,2026-08-25 21:51:29.532346,3516.19,2066,0
6214,2026-08-27 15:38:29.545584,1555.82,8957,0
7833,2026-08-25 11:28:29.551154,2568.88,5815,0
9958,2026-08-27 00:44:29.557999,4424.02,7019,0
2533,2026-08-25 07:21:29.533762,4030.07,4693,0
882,2026-08-29 02:51:29.528404,3100.31,5683,0
9626,2026-08-29 21:30:29.556939,2604.52,8261,0
6517,2026-08-30 07:28:29.546566,3191.16,8162,0
2271,2026-08-28 20:56:29.532898,2624.31,1023,0
8584,2026-08-30 07:04:29.553568,3868.61,8067,0
10460,2026-09-01 03:45:29.564659,1000.0,10009,1
838,2026-08-29 16:26:29.528267,3034.71,4398,0
4068,2026-08-27 17:20:29.538708,1961.65,7885,0
2041,2026-08-27 15:19:29.532166,275.67,7042,0
2170,2026-08-26 06:04:29.532571,2130.23,4152,0
9806,2026-08-27 14:17:29.557518,4907.82,5596,0
5881,2026-08-25 12:05:29.544521,3529.56,7135,0
5892,2026-08-28 10:23:29.544558,4796.61,8339,0
5063,2026-08-26 20:33:29.541889,2842.54,4249,0
4210,2026-08-31 02:05:29.539166,4163.32,5477,0
9528,2026-08-30 08:00:29.556630,3892.78,7351,0
5106,2026-08-27 12:08:29.542025,22.37,4640,0
7657,2026-09-01 00:20:29.550561,4189.18,6452,0
4834,2026-08-27 06:11:29.541166,4439.53,7336,0
9820,2026-08-26 20:52:29.557562,4255.38,1996,0
1307,2026-08-31 11:15:29.529794,4544.34,1432,0
7843,2026-08-28 11:13:29.551187,1242.27,5531,0
10178,2026-09-01 03:45:29.564659,1000.0,10027,1
647,2026-08-27 20:44:29.527649,2022.95,3719,0
5790,2026-08-31 01:20:29.544237,1695.89,5370,0
7854,2026-08-27 15:15:29.551222,3101.3,7552,0
5165,2026-08-29 16:00:29.542235,338.62,5231,0
8764,2026-08-27 10:27:29.554166,438.4,5331,0
3930,2026-08-25 10:27:29.538272,3568.13,1550,0
10307,2026-09-01 03:45:29.564659,1000.0,10006,1
4471,2026-08-28 06:20:29.539996,2480.71,5829,0
2728,2026-08-31 04:00:29.534406,1806.53,8759,0
3836,2026-09-01 03:23:29.537954,2760.28,8340,0
7966,2026-08-29 04:04:29.551576,4264.08,7387,0
2708,2026-08-29 03:23:29.534343,2990.31,8300,0
2644,2026-08-27 03:24:29.534140,2391.39,4225,0
6504,2026-08-28 20:24:29.546523,4003.15,8546,0
7870,2026-09-01 01:09:29.551273,4937.85,2561,0
4223,2026-08-28 15:26:29.539209,2546.85,3154,0
5168,2026-08-25 14:10:29.542245,4656.52,1616,0
1575,2026-08-27 05:48:29.530660,4634.19,5595,0
219,2026-08-25 21:57:29.526275,575.09,1786,0
449,2026-08-29 09:07:29.527002,4667.73,7015,0
7560,2026-08-27 07:18:29.550256,920.55,1209,0
8566,2026-08-29 15:57:29.553512,714.45,1630,0
8358,2026-08-30 23:13:29.552822,26.47,8047,0
3237,2026-08-31 16:46:29.536051,35.12,4240,0
6280,2026-08-25 18:44:29.545792,445.7,1829,0
7800,2026-09-01 02:03:29.551018,4461.85,3811,0
5586,2026-08-31 20:49:29.543588,4788.9,1587,0
5391,2026-08-28 15:53:29.542963,800.38,8219,0
2997,2026-08-30 19:18:29.535277,4593.01,2053,0
6270,2026-08-29 05:13:29.545761,4292.6,8816,0
10391,2026-09-01 03:45:29.564659,1000.0,10040,1
5129,2026-09-01 02:50:29.542118,3001.24,2128,0
8435,2026-08-26 18:37:29.553096,4151.96,7689,0
6943,2026-08-28 07:59:29.547967,754.13,2002,0
364,2026-08-31 03:59:29.526733,1195.65,6893,0
2562,2026-08-29 04:00:29.533855,2521.95,8407,0
9362,2026-08-29 05:07:29.556100,2752.58,7747,0
9606,2026-08-25 15:48:29.556877,1547.94,1897,0
10147,2026-09-01 03:45:29.564659,1000.0,10046,1
9854,2026-08-31 09:30:29.557670,499.64,6552,0
7694,2026-08-30 03:23:29.550677,89.64,8151,0
2284,2026-08-30 05:01:29.532939,522.71,5219,0
6859,2026-08-28 02:33:29.547667,3452.92,3901,0
6708,2026-08-28 20:45:29.547187,1566.9,1742,0
81,2026-08-26 08:01:29.525803,3391.27,4287,0
7097,2026-08-28 13:47:29.548684,370.23,8691,0
8599,2026-08-28 11:12:29.553614,105.64,3634,0
4597,2026-08-30 21:12:29.540407,4546.82,8574,0
4863,2026-08-30 21:57:29.541256,3642.62,6338,0
9510,2026-08-26 08:05:29.556573,2493.53,2314,0
4572,2026-08-27 04:42:29.540329,875.5,3947,0
9866,2026-08-27 11:53:29.557710,340.82,3846,0
9327,2026-08-26 06:14:29.555982,4157.65,8487,0
5095,2026-08-29 04:35:29.541991,4002.34,3759,0
7993,2026-08-27 02:09:29.551661,4619.79,8897,0
4191,2026-08-29 08:16:29.539106,3631.97,5247,0
7055,2026-08-30 11:15:29.548554,3426.83,1841,0
10013,2026-09-01 03:45:29.564659,1000.0,10012,1
6745,2026-08-28 05:22:29.547303,1875.0,5097,0
7516,2026-08-25 08:49:29.550085,1859.45,7084,0
9097,2026-08-31 20:57:29.555258,2300.38,6601,0
7878,2026-08-27 13:58:29.551300,993.81,6475,0
567,2026-08-25 11:24:29.527395,2567.68,5153,0
8677,2026-08-29 11:51:29.553861,4417.88,1590,0
7540,2026-08-27 14:03:29.550193,260.33,3467,0
8736,2026-08-31 05:26:29.554079,842.88,6105,0
9976,2026-08-25 19:58:29.558063,974.0,6115,0
2307,2026-08-27 00:04:29.533011,4145.89,4447,0
6451,2026-08-26 22:14:29.546357,4176.5,3945,0
3096,2026-08-28 04:23:29.535595,50.83,5568,0
5684,2026-08-30 16:39:29.543896,2652.46,4986,0
3875,2026-08-26 14:15:29.538098,3436.02,7205,0
960,2026-08-30 11:07:29.528651,1965.46,7852,0
1426,2026-08-28 21:11:29.530192,2356.7,4190,0
4313,2026-09-01 03:43:29.539497,4660.98,7823,0
10338,2026-09-01 03:45:29.564659,1000.0,10037,1
5421,2026-08-30 06:45:29.543068,1448.0,7877,0
1969,2026-08-30 19:53:29.531922,3601.35,6355,0
3736,2026-08-28 23:55:29.537639,4944.05,7101,0
9247,2026-09-01 02:59:29.555730,1116.88,1797,0
6373,2026-08-27 07:24:29.546104,3221.05,7340,0
3045,2026-08-30 04:59:29.535431,4452.52,8563,0
9570,2026-08-29 12:14:29.556762,1061.8,3017,0
853,2026-08-30 13:56:29.528313,2261.33,5394,0
6750,2026-08-31 21:46:29.547318,546.32,6114,0
6324,2026-08-29 16:10:29.545929,298.38,6014,0
115,2026-08-30 02:59:29.525910,4318.64,1608,0
9867,2026-08-31 23:28:29.557713,2211.77,6756,0
8108,2026-08-27 14:51:29.552021,1056.58,8997,0
3879,2026-08-27 23:30:29.538111,2018.81,1744,0
1300,2026-08-31 04:57:29.529773,710.06,5469,0
5191,2026-08-28 16:04:29.542321,2276.4,6540,0
10187,2026-09-01 03:45:29.564659,1000.0,10036,1
8793,2026-08-25 12:39:29.554258,4334.58,2876,0
2402,2026-08-25 22:01:29.533341,12.3,3835,0
8453,2026-08-30 20:52:29.553153,4740.48,6435,0
7094,2026-08-30 08:04:29.548674,39.61,8197,0
5978,2026-08-25 20:07:29.544832,304.36,6636,0
5810,2026-08-29 02:32:29.544299,3002.7,5401,0
6095,2026-08-25 20:36:29.545212,839.03,7138,0
5071,2026-08-27 06:12:29.541916,437.29,3819,0
356,2026-08-25 16:57:29.526708,4209.38,1248,0
2961,2026-08-28 23:29:29.535164,492.64,2446,0
8072,2026-08-30 02:47:29.551909,1995.75,4438,0
5605,2026-08-29 05:36:29.543648,4009.65,5155,0
1268,2026-08-31 07:29:29.529669,428.13,5916,0
9909,2026-08-30 13:14:29.557843,1405.67,4093,0
4451,2026-08-31 04:41:29.539934,354.75,4189,0
9441,2026-08-25 10:16:29.556350,1951.87,5541,0
761,2026-08-26 17:41:29.528014,1042.9,1935,0
10374,2026-09-01 03:45:29.564659,1000.0,10023,1
3410,2026-08-30 11:31:29.536596,967.12,5582,0
2412,2026-08-25 19:45:29.533373,3155.12,3126,0
10227,2026-09-01 03:45:29.564659,1000.0,10026,1
7295,2026-08-29 01:44:29.549343,4391.52,8931,0
3022,2026-08-30 06:58:29.535355,426.34,4403,0
9098,2026-08-26 10:16:29.555261,427.89,7889,0
8196,2026-08-25 13:36:29.552310,2209.22,1243,0
4264,2026-08-30 13:54:29.539337,1250.36,3844,0
6739,2026-08-31 05:50:29.547284,733.95,8211,0
8869,2026-08-29 00:46:29.554499,4768.11,7435,0
990,2026-08-25 17:27:29.528748,1735.35,1715,0
7839,2026-08-30 09:13:29.551173,858.42,6564,0
1952,2026-08-26 04:40:29.531869,3442.87,7486,0
2076,2026-08-26 05:43:29.532275,2374.15,6487,0
7533,2026-08-25 19:58:29.550169,2100.71,3120,0
9596,2026-08-28 16:39:29.556846,812.96,2695,0
8848,2026-08-31 13:21:29.554434,71.35,4554,0
6836,2026-08-25 09:12:29.547592,4826.3,5395,0
8421,2026-08-26 07:28:29.553034,2221.49,6201,0
2932,2026-08-28 16:09:29.535070,4311.76,4241,0
1222,2026-08-29 19:13:29.529523,3213.33,2454,0
460,2026-08-26 23:50:29.527036,1082.44,1761,0
9664,2026-08-29 09:02:29.557070,1615.63,8851,0
5580,2026-08-30 11:35:29.543569,2612.71,2253,0
5155,2026-08-30 21:51:29.542203,11.07,6960,0
10490,2026-09-01 03:45:29.564659,1000.0,10039,1
7137,2026-08-28 15:52:29.548812,2097.8,7855,0
6447,2026-08-29 23:11:29.546344,2736.63,4331,0
6816,2026-08-27 23:54:29.547530,3301.43,3234,0
1938,2026-08-28 07:56:29.531826,2242.28,4885,0
6369,2026-08-31 11:09:29.546092,3028.38,5413,0
506,2026-08-31 12:24:29.527201,2691.81,5843,0
1383,2026-08-27 07:15:29.530033,2434.47,3470,0
2175,2026-08-25 19:56:29.532587,624.87,6365,0
6253,2026-08-30 15:43:29.545706,3814.35,5033,0
1405,2026-08-28 01:48:29.530124,138.83,7063,0
1286,2026-08-27 11:01:29.529729,1654.66,5860,0
6024,2026-08-29 19:15:29.544979,4548.57,4670,0
9340,2026-08-29 08:00:29.556023,1862.64,4607,0
6900,2026-08-27 01:35:29.547794,725.93,2251,0
5446,2026-08-31 11:54:29.543145,3639.51,2835,0
2549,2026-08-30 02:39:29.533812,1254.0,3113,0
6058,2026-08-31 11:23:29.545093,1393.21,7356,0
7430,2026-08-29 00:14:29.549768,4934.29,6577,0
492,2026-08-31 15:24:29.527154,1757.38,4659,0
2665,2026-08-26 19:03:29.534205,3058.76,8407,0
3849,2026-08-29 10:49:29.537995,2192.75,7388,0
1459,2026-08-31 00:22:29.530294,4073.23,6086,0
1185,2026-08-25 14:33:29.529408,3199.01,6026,0
296,2026-08-25 13:06:29.526517,4805.31,5147,0
9914,2026-08-30 10:16:29.557859,898.61,8138,0
1945,2026-08-27 20:46:29.531847,2969.07,6270,0
4318,2026-08-25 05:21:29.539513,3181.02,1527,0
4534,2026-08-25 21:50:29.540209,1794.03,5675,0
7668,2026-08-28 18:48:29.550596,478.5,8608,0
790,2026-08-28 01:24:29.528114,953.1,3544,0
10196,2026-09-01 03:45:29.564659,1000.0,10045,1
3100,2026-08-30 03:50:29.535607,2855.3,4877,0
7407,2026-08-25 21:20:29.549696,4637.34,2788,0
5042,2026-08-31 09:23:29.541823,3325.65,6062,0
301,2026-08-27 08:27:29.526532,4705.27,8957,0
10201,2026-09-01 03:45:29.564659,1000.0,10000,1
2477,2026-08-26 05:24:29.533580,4053.98,5064,0
4722,2026-08-29 17:59:29.540801,4068.91,8760,0
9637,2026-08-28 22:34:29.556973,629.77,6781,0
845,2026-08-28 11:20:29.528288,1112.3,8122,0
1958,2026-08-26 10:36:29.531888,1956.81,6679,0
2539,2026-08-25 07:45:29.533781,3091.85,4483,0
5260,2026-08-28 12:27:29.542551,3972.76,4509,0
5034,2026-08-27 09:25:29.541798,1360.22,4584,0
8500,2026-08-29 09:07:29.553302,2740.69,5168,0
2516,2026-08-31 14:02:29.533704,1804.38,7735,0
1832,2026-08-31 01:54:29.531486,4698.12,5611,0
9308,2026-08-26 13:20:29.555920,2222.12,4823,0
8974,2026-08-28 17:28:29.554832,1293.33,4270,0
4025,2026-08-31 15:07:29.538571,2653.27,3316,0
2044,2026-08-25 09:09:29.532176,3737.77,2521,0
10132,2026-09-01 03:45:29.564659,1000.0,10031,1
851,2026-08-27 04:10:29.528307,4771.71,4736,0
7036,2026-08-26 21:01:29.548490,4942.59,8159,0
1916,2026-09-01 00:07:29.531754,2595.34,4860,0
5397,2026-08-28 19:05:29.542981,4113.12,2133,0
2773,2026-08-26 21:33:29.534550,4251.82,7921,0
10008,2026-09-01 03:45:29.564659,1000.0,10007,1
2149,2026-08-25 17:39:29.532506,333.05,3287,0
8783,2026-08-26 07:58:29.554226,4387.93,8507,0
5847,2026-08-26 09:33:29.544416,4526.97,7070,0
6872,2026-08-29 17:37:29.547707,1517.36,1083,0
7206,2026-08-30 23:40:29.549030,2206.99,3773,0
5003,2026-08-27 10:21:29.541700,4303.99,8615,0
1578,2026-08-29 11:56:29.530669,1264.34,8285,0
7234,2026-08-26 12:27:29.549150,3369.58,5973,0
541,2026-08-30 16:55:29.527311,2818.01,5121,0
3369,2026-08-30 06:49:29.536466,3943.69,6009,0
3092,2026-08-28 18:24:29.535583,2747.46,4378,0
5870,2026-08-28 09:37:29.544488,2906.2,1950,0
9810,2026-08-27 04:38:29.557531,1403.01,3393,0
6655,2026-08-30 03:11:29.547011,1400.44,7625,0
9005,2026-08-28 17:28:29.554932,1836.42,6418,0
1651,2026-08-25 07:35:29.530901,3466.21,8250,0
2407,2026-08-25 22:56:29.533356,1222.79,8307,0
2661,2026-08-29 00:39:29.534193,4749.47,4763,0
9960,2026-08-30 08:11:29.558005,1659.66,3443,0
967,2026-08-26 14:52:29.528673,2689.32,7523,0
2421,2026-08-29 23:53:29.533401,3627.85,4788,0
7704,2026-08-31 17:33:29.550708,3117.01,3070,0
4559,2026-08-25 13:54:29.540286,4634.5,6198,0
4081,2026-08-27 04:25:29.538749,4085.13,2014,0
7457,2026-08-27 20:41:29.549856,855.22,7759,0
7632,2026-08-31 20:42:29.550483,3833.41,3299,0
3615,2026-08-30 12:31:29.537249,4034.95,2683,0
9260,2026-08-29 00:18:29.555770,3314.72,2516,0
604,2026-08-31 05:29:29.527515,4700.72,8183,0
4119,2026-08-28 19:35:29.538867,2677.61,4327,0
2911,2026-08-31 09:50:29.534992,27.12,6429,0
2695,2026-08-27 23:08:29.534303,1448.12,5330,0
6046,2026-08-30 00:56:29.545056,3334.9,6093,0
4630,2026-08-30 01:50:29.540510,4884.25,1891,0
4949,2026-08-29 01:22:29.541529,730.05,4953,0
3651,2026-08-26 10:00:29.537365,1099.44,3435,0
264,2026-08-28 02:41:29.526417,297.16,7138,0
3797,2026-08-31 20:09:29.537833,3151.73,6400,0
6720,2026-08-29 15:10:29.547225,3557.59,1523,0
8125,2026-08-25 11:13:29.552084,3520.93,2187,0
6595,2026-08-29 21:11:29.546815,3823.16,5844,0
2306,2026-08-30 06:02:29.533008,1808.04,8050,0
9721,2026-08-25 11:33:29.557250,1134.04,1878,0
1644,2026-08-26 22:20:29.530879,2010.03,6857,0
6321,2026-08-28 14:05:29.545919,2251.25,4766,0
5683,2026-08-30 04:21:29.543893,2870.18,2959,0
6198,2026-09-01 00:40:29.545534,1885.13,1097,0
5499,2026-08-28 06:42:29.543314,3599.96,6312,0
2950,2026-08-25 07:34:29.535130,3425.04,7438,0
9491,2026-08-30 05:19:29.556511,3061.31,1935,0
6879,2026-08-31 18:50:29.547729,319.6,7636,0
2167,2026-08-27 08:12:29.532562,2631.12,7806,0
3300,2026-08-25 05:09:29.536251,4523.09,6052,0
2416,2026-08-30 07:20:29.533386,2495.82,8627,0
9036,2026-08-30 01:02:29.555029,2931.24,5895,0
3520,2026-08-27 06:07:29.536941,3670.8,5714,0
9154,2026-08-26 02:21:29.555438,1325.12,1454,0
9251,2026-08-27 12:56:29.555742,3563.11,4745,0
7347,2026-08-25 20:38:29.549505,65.89,5291,0
2964,2026-08-31 09:41:29.535173,1241.08,1302,0
9945,2026-08-25 21:32:29.557958,3650.99,6263,0
7409,2026-08-28 21:19:29.549702,1791.46,4403,0
2399,2026-08-28 18:47:29.533331,1143.13,6711,0
335,2026-08-26 10:17:29.526642,3257.57,8024,0
6288,2026-08-27 02:30:29.545817,2258.17,7021,0
6657,2026-08-27 19:28:29.547017,3479.44,6206,0
263,2026-08-26 08:57:29.526414,758.47,7864,0
2703,2026-08-27 02:59:29.534328,2849.99,7748,0
8290,2026-08-25 20:48:29.552608,532.62,2775,0
10470,2026-09-01 03:45:29.564659,1000.0,10019,1
215,2026-08-28 00:27:29.526262,2145.22,5104,0
9564,2026-08-30 10:04:29.556742,4497.66,8012,0
10102,2026-09-01 03:45:29.564659,1000.0,10001,1
6535,2026-08-30 07:15:29.546623,2080.09,4984,0
7321,2026-08-28 18:00:29.549424,2913.93,1718,0
6340,2026-08-28 12:12:29.545979,182.95,1316,0
7259,2026-08-29 02:37:29.549228,4524.53,5441,0
2502,2026-08-29 00:45:29.533660,3516.86,1607,0
9793,2026-08-27 01:11:29.557478,1948.45,5773,0
6479,2026-08-25 06:49:29.546445,1225.7,6182,0
4662,2026-08-31 13:20:29.540614,3820.23,1763,0
2736,2026-08-29 04:47:29.534432,4593.09,5933,0
7783,2026-08-27 23:24:29.550963,4932.39,2251,0
3828,2026-08-31 02:07:29.537929,240.81,5907,0
6777,2026-08-30 01:09:29.547406,3136.55,3151,0
951,2026-08-30 21:16:29.528623,622.11,6782,0
4843,2026-08-26 03:58:29.541194,4772.4,3194,0
7432,2026-08-29 11:16:29.549774,2571.59,7349,0
4782,2026-08-25 16:56:29.540991,1414.01,1068,0
8954,2026-08-31 01:07:29.554768,454.68,6238,0
1656,2026-08-27 06:30:29.530916,3648.79,5428,0
1877,2026-08-29 06:42:29.531631,1707.09,6538,0
6969,2026-08-25 06:23:29.548119,3404.08,1457,0
5295,2026-08-28 03:27:29.542660,916.48,2195,0
5528,2026-08-30 18:41:29.543404,1718.81,7886,0
5709,2026-08-29 20:09:29.543974,4936.28,5903,0
4033,2026-08-30 16:22:29.538596,3433.8,7570,0
4624,2026-08-26 08:04:29.540491,4297.25,6987,0
719,2026-08-25 12:39:29.527879,2333.38,1410,0
3977,2026-08-28 19:39:29.538422,4447.72,2252,0
10131,2026-09-01 03:45:29.564659,1000.0,10030,1
8121,2026-08-29 23:54:29.552071,1021.3,4625,0
5572,2026-08-28 04:53:29.543542,2232.44,4185,0
8722,2026-08-31 05:46:29.554001,4313.62,1711,0
5718,2026-08-30 11:34:29.544002,1711.13,7430,0
6208,2026-08-30 11:49:29.545566,2987.18,2383,0
84,2026-08-25 13:15:29.525812,1769.1,5547,0
8908,2026-08-26 14:35:29.554623,3133.57,5150,0
5243,2026-08-30 06:45:29.542493,4173.21,8995,0
5563,2026-08-27 00:21:29.543514,3391.05,3965,0
675,2026-08-27 02:02:29.527742,2711.75,3240,0
3592,2026-08-27 18:19:29.537178,3039.19,3396,0
8028,2026-08-28 12:01:29.551769,4256.08,8125,0
9893,2026-08-28 22:51:29.557793,2833.63,7048,0
9561,2026-08-31 05:01:29.556733,1083.15,7758,0
2470,2026-08-27 03:04:29.533558,2803.29,3737,0
7127,2026-08-28 02:32:29.548781,568.77,1352,0
4344,2026-08-31 03:58:29.539596,2763.82,4950,0
6945,2026-08-31 19:25:29.547973,3697.85,7299,0
1605,2026-08-31 00:29:29.530758,280.46,4200,0
6714,2026-08-27 14:21:29.547206,3206.13,4417,0
5533,2026-08-26 03:52:29.543420,3947.51,3295,0
4057,2026-08-26 08:40:29.538674,597.78,4887,0
5694,2026-08-27 23:51:29.543927,1499.63,1975,0
9311,2026-08-27 18:03:29.555929,2573.41,5373,0
6912,2026-08-28 09:38:29.547832,3131.87,3528,0
8054,2026-08-31 06:13:29.551853,276.56,3182,0
489,2026-08-31 02:51:29.527145,953.58,3767,0
7278,2026-08-28 03:05:29.549288,2437.0,7679,0
2241,2026-08-27 09:05:29.532800,4656.05,2538,0
2550,2026-08-31 11:40:29.533815,666.38,1009,0
561,2026-08-27 11:28:29.527374,1535.89,1319,0
7230,2026-08-25 05:09:29.549138,176.45,8367,0
1821,2026-08-26 01:53:29.531452,1080.63,4887,0
10001,2026-09-01 03:45:29.564659,1000.0,10000,1
3192,2026-08-31 12:01:29.535899,141.63,4893,0
1708,2026-08-29 18:09:29.531095,3656.16,1787,0
7913,2026-08-27 07:11:29.551409,4478.8,3346,0
7147,2026-08-26 17:24:29.548843,1901.1,4409,0
4742,2026-08-28 23:39:29.540867,4525.24,4192,0
4317,2026-08-30 21:39:29.539510,1204.02,3207,0
1861,2026-08-25 18:04:29.531581,1412.29,3833,0
3075,2026-08-28 09:35:29.535529,3501.29,5263,0
8769,2026-08-27 02:52:29.554182,3663.59,3491,0
5038,2026-08-29 23:29:29.541810,4745.06,2351,0
7,2026-08-29 19:43:29.525568,4312.3,2113,0
3892,2026-08-28 23:18:29.538154,486.1,4581,0
3900,2026-08-25 12:44:29.538179,2875.95,1945,0
1275,2026-08-26 08:06:29.529693,786.17,1755,0
9970,2026-09-01 01:25:29.558036,395.1,5184,0
1930,2026-08-31 09:06:29.531800,4866.72,7624,0
4660,2026-08-28 03:10:29.540608,2500.52,4306,0
5887,2026-08-29 07:56:29.544540,1890.15,8450,0
7145,2026-08-31 21:03:29.548837,3730.88,3058,0
4029,2026-08-29 19:00:29.538584,28.27,7770,0
77,2026-08-27 04:16:29.525791,3360.13,6446,0
4415,2026-08-26 14:30:29.539822,2910.2,7286,0
6547,2026-08-25 23:39:29.546662,3662.68,7749,0
7351,2026-08-26 11:59:29.549517,1972.97,1653,0
1176,2026-08-27 08:56:29.529380,207.15,4998,0
7786,2026-08-30 21:55:29.550972,2266.52,4391,0
9939,2026-09-01 00:40:29.557940,4327.17,4058,0
9115,2026-08-28 15:45:29.555314,2840.81,5370,0
7253,2026-08-30 05:50:29.549209,3068.2,7885,0
5757,2026-08-30 10:10:29.544135,4242.1,4777,0
4089,2026-08-27 02:28:29.538774,1327.82,7876,0
7165,2026-08-27 05:10:29.548900,1067.73,5976,0
6996,2026-08-26 17:40:29.548267,2944.2,3211,0
10385,2026-09-01 03:45:29.564659,1000.0,10034,1
5893,2026-08-29 05:32:29.544561,3359.71,5008,0
5714,2026-09-01 01:57:29.543990,1233.55,5193,0
1979,2026-08-28 00:04:29.531953,253.38,8724,0
5539,2026-08-28 23:12:29.543439,4874.94,5792,0
4678,2026-08-30 15:27:29.540664,4710.83,6598,0
5246,2026-08-30 20:58:29.542502,120.54,5274,0
3524,2026-08-27 08:39:29.536954,138.48,5917,0
2391,2026-08-28 23:51:29.533307,689.58,7456,0
134,2026-08-27 08:33:29.525969,1431.76,2809,0
4851,2026-08-26 07:36:29.541219,4064.2,5866,0
7526,2026-08-25 07:46:29.550137,113.38,7732,0
9131,2026-08-26 23:38:29.555364,4901.96,8626,0
7731,2026-08-25 17:52:29.550800,4676.34,8372,0
6469,2026-08-26 00:11:29.546414,4410.98,6283,0
3958,2026-08-29 12:30:29.538360,1743.73,5179,0
9037,2026-08-31 09:21:29.555032,4775.47,5120,0
7408,2026-08-25 08:59:29.549699,1740.16,7750,0
595,2026-08-27 12:48:29.527486,4146.64,4118,0
9336,2026-08-25 15:20:29.556010,4682.32,7418,0
3927,2026-08-31 09:54:29.538263,341.16,4132,0
4211,2026-08-31 19:22:29.539169,1125.54,2046,0
4528,2026-08-29 01:28:29.540190,232.26,3832,0
654,2026-08-28 23:55:29.527675,2472.21,1891,0
1687,2026-09-01 02:47:29.531016,4844.5,6620,0
9978,2026-08-27 22:29:29.558069,1258.63,2648,0
10438,2026-09-01 03:45:29.564659,1000.0,10037,1
8406,2026-08-26 14:21:29.552986,4621.2,7460,0
2978,2026-08-28 03:56:29.535217,2146.56,3521,0
307,2026-08-25 05:47:29.526551,3951.96,7277,0
9280,2026-08-29 20:43:29.555832,2141.03,3006,0
5883,2026-08-27 01:27:29.544528,1654.91,1749,0
3931,2026-08-25 13:05:29.538275,3119.75,3646,0
2201,2026-08-27 19:49:29.532671,1761.19,6953,0
2274,2026-08-28 04:43:29.532908,3194.21,8760,0
4721,2026-08-30 02:07:29.540798,1141.8,2890,0
8551,2026-08-31 05:08:29.553460,1887.21,1522,0
9798,2026-08-30 17:40:29.557493,130.91,1701,0
435,2026-08-29 04:48:29.526958,394.84,5330,0
7967,2026-09-01 00:54:29.551579,4663.05,7248,0
1388,2026-08-25 09:23:29.530070,1331.04,1012,0
5927,2026-08-28 07:03:29.544669,2569.1,4141,0
5650,2026-08-26 15:53:29.543788,1661.67,2604,0
10047,2026-09-01 03:45:29.564659,1000.0,10046,1
3899,2026-08-26 02:53:29.538176,1351.79,3758,0
7638,2026-08-28 08:14:29.550502,4546.62,7569,0
5985,2026-08-29 05:24:29.544854,3028.93,4392,0
5164,2026-08-31 02:04:29.542232,3453.17,3490,0
681,2026-08-29 18:56:29.527761,4055.71,4584,0
5252,2026-08-31 16:14:29.542525,2040.31,7579,0
9326,2026-08-28 12:12:29.555979,4278.9,3110,0
1271,2026-08-30 19:56:29.529679,1960.89,5398,0
400,2026-08-27 03:58:29.526849,4322.67,6722,0
5197,2026-08-25 09:06:29.542340,539.53,8660,0
9422,2026-08-30 01:01:29.556291,2664.4,6138,0
10314,2026-09-01 03:45:29.564659,1000.0,10013,1
9224,2026-08-29 06:08:29.555656,4915.88,1611,0
8033,2026-08-25 09:56:29.551785,3427.36,6544,0
494,2026-08-27 01:25:29.527163,1154.29,6423,0
6692,2026-08-30 04:38:29.547138,81.7,3158,0
9968,2026-08-29 15:58:29.558030,1869.34,3760,0
7366,2026-08-27 13:47:29.549568,3505.66,8527,0
10475,2026-09-01 03:45:29.564659,1000.0,10024,1
8052,2026-08-27 22:58:29.551847,796.07,3801,0
3832,2026-08-27 09:43:29.537941,4775.13,6193,0
8016,2026-08-31 00:15:29.551732,2742.51,4192,0
1742,2026-08-25 10:27:29.531201,2875.97,3718,0
4848,2026-08-27 16:48:29.541210,3891.08,8785,0
4915,2026-08-26 02:51:29.541422,1385.52,7337,0
10281,2026-09-01 03:45:29.564659,1000.0,10030,1
8782,2026-08-29 07:30:29.554223,4992.01,4718,0
1806,2026-08-31 21:09:29.531405,3975.63,5443,0
9733,2026-08-31 17:11:29.557288,4241.82,6946,0
9425,2026-08-26 18:35:29.556300,2739.13,3981,0
4091,2026-08-26 04:25:29.538780,360.81,2169,0
4268,2026-08-29 16:51:29.539349,3857.94,3058,0
5913,2026-08-27 08:14:29.544623,2915.62,6276,0
7158,2026-08-28 09:14:29.548878,442.92,5120,0
5043,2026-08-27 17:48:29.541827,3422.0,4559,0
7368,2026-08-27 20:21:29.549574,2463.3,1814,0
1598,2026-08-31 14:42:29.530736,3361.23,8658,0
7459,2026-08-30 07:02:29.549862,157.76,2218,0
10395,2026-09-01 03:45:29.564659,1000.0,10044,1
3957,2026-08-25 11:51:29.538356,269.51,6018,0
9847,2026-08-27 04:45:29.557649,2685.83,8056,0
421,2026-08-28 21:30:29.526914,755.82,4749,0
6732,2026-08-29 22:14:29.547262,1656.98,6072,0
2450,2026-09-01 00:23:29.533494,3717.03,3942,0
6383,2026-08-27 12:35:29.546136,2497.41,4361,0
5457,2026-08-29 06:47:29.543179,3540.2,6853,0
6226,2026-08-30 20:03:29.545622,926.43,4948,0
5073,2026-08-29 06:25:29.541923,4734.48,3402,0
15,2026-08-25 10:25:29.525593,1395.04,7976,0
9459,2026-08-31 20:16:29.556409,2464.29,6621,0
1526,2026-08-30 12:46:29.530506,1789.35,2199,0
2948,2026-08-28 07:23:29.535123,3798.11,8624,0
5863,2026-08-28 17:04:29.544466,3393.5,7282,0
9639,2026-08-28 07:57:29.556979,4284.58,6600,0
9641,2026-08-30 01:29:29.556986,704.0,5368,0
3974,2026-08-29 13:51:29.538412,2949.7,2783,0
9695,2026-08-29 18:02:29.557168,1643.57,6961,0
1978,2026-08-26 06:50:29.531950,2689.09,3661,0
9693,2026-08-31 18:29:29.557161,4640.67,7621,0
5799,2026-08-28 12:20:29.544265,3482.49,5549,0
3236,2026-08-29 04:37:29.536039,3116.97,3509,0
386,2026-08-25 17:22:29.526802,4473.83,1726,0
4231,2026-08-30 17:47:29.539234,3193.42,4481,0
4462,2026-08-28 17:15:29.539968,2615.97,1893,0
2684,2026-08-25 18:42:29.534265,135.01,8410,0
611,2026-08-25 07:00:29.527536,2674.36,7782,0
10257,2026-09-01 03:45:29.564659,1000.0,10006,1
3513,2026-08-30 23:32:29.536919,4922.87,2821,0
10492,2026-09-01 03:45:29.564659,1000.0,10041,1
7599,2026-08-28 03:44:29.550378,4803.82,2228,0
358,2026-08-25 20:06:29.526714,3092.81,1834,0
3463,2026-08-30 03:13:29.536764,916.52,2335,0
9756,2026-08-25 22:22:29.557362,1038.11,3783,0
1609,2026-08-29 06:55:29.530771,3235.82,3131,0
9530,2026-08-31 07:11:29.556636,4260.04,1234,0
617,2026-08-29 08:59:29.527555,3960.14,3630,0
6204,2026-08-28 21:12:29.545553,1930.33,1009,0
703,2026-08-25 15:54:29.527829,1552.03,4709,0
4467,2026-08-28 18:27:29.539984,2128.34,4705,0
671,2026-08-25 05:21:29.527728,890.89,7361,0
8487,2026-08-26 01:40:29.553261,3876.38,7151,0
605,2026-08-25 11:11:29.527518,2866.76,2479,0
3027,2026-08-28 21:03:29.535370,1654.47,6010,0
7883,2026-08-25 21:03:29.551315,4503.62,2624,0
192,2026-08-30 07:34:29.526190,519.33,2427,0
1726,2026-08-29 14:21:29.531151,1496.39,3230,0
5424,2026-08-28 02:26:29.543077,2250.46,6738,0
2469,2026-08-28 08:34:29.533555,3094.14,6367,0
7374,2026-08-25 17:18:29.549593,4486.03,1228,0
5027,2026-08-25 11:49:29.541776,4105.47,4453,0
1746,2026-08-30 19:01:29.531213,1086.53,1936,0
9526,2026-08-27 18:37:29.556623,3252.86,6683,0
995,2026-08-31 11:41:29.528763,405.34,8706,0
7677,2026-08-26 10:54:29.550624,4202.37,6712,0
1238,2026-08-25 06:52:29.529573,2294.11,6800,0
5465,2026-08-27 19:11:29.543206,4651.39,5302,0
10266,2026-09-01 03:45:29.564659,1000.0,10015,1
2859,2026-08-25 14:01:29.534825,2668.03,4456,0
265,2026-08-26 03:37:29.526420,2810.06,3287,0
2678,2026-08-28 09:36:29.534246,1680.58,5856,0
4638,2026-08-25 15:35:29.540535,3200.02,4767,0
3941,2026-08-30 01:25:29.538307,2485.53,8283,0
999,2026-08-28 17:31:29.528776,4723.17,1241,0
2725,2026-08-25 15:19:29.534396,3085.97,4716,0
6150,2026-08-27 09:38:29.545383,4999.57,8526,0
10327,2026-09-01 03:45:29.564659,1000.0,10026,1
4589,2026-08-26 18:28:29.540382,1293.25,8588,0
8102,2026-08-27 13:30:29.552002,3612.31,8533,0
6555,2026-08-25 10:30:29.546687,4734.62,4835,0
1869,2026-08-27 01:17:29.531606,3300.84,3606,0
3474,2026-08-28 13:31:29.536798,2521.65,3790,0
4212,2026-08-31 08:05:29.539172,858.51,8001,0
1566,2026-08-26 08:18:29.530632,4437.76,3417,0
1601,2026-08-26 10:59:29.530746,1362.0,8987,0
5575,2026-08-31 20:43:29.543551,1555.89,1209,0
2647,2026-08-27 09:10:29.534149,4327.21,5032,0
826,2026-08-26 03:22:29.528229,3405.64,4793,0
4198,2026-08-27 01:13:29.539128,366.34,5173,0
6067,2026-08-25 06:51:29.545122,2845.37,1021,0
7720,2026-08-29 14:09:29.550763,3053.52,6406,0
389,2026-08-26 11:47:29.526812,2464.63,2136,0
7488,2026-08-29 04:33:29.549956,4543.92,7571,0
4628,2026-08-28 09:03:29.540503,1672.8,7181,0
294,2026-08-29 14:29:29.526511,3167.34,6187,0
3028,2026-09-01 01:17:29.535373,4567.46,6999,0
5738,2026-08-25 05:12:29.544073,4858.05,3878,0
6663,2026-08-28 00:42:29.547036,2749.42,5737,0
9709,2026-08-29 04:08:29.557213,3080.23,2536,0
3002,2026-08-25 09:18:29.535292,4820.71,3654,0
6382,2026-08-28 02:55:29.546133,4173.22,6973,0
8449,2026-08-29 00:21:29.553140,700.61,7796,0
4923,2026-08-26 10:01:29.541447,322.93,3454,0
8402,2026-08-26 09:17:29.552974,768.83,6652,0
1926,2026-08-31 13:19:29.531788,2043.14,1531,0
4854,2026-08-26 01:03:29.541228,4098.44,7967,0
3246,2026-09-01 02:38:29.536079,686.75,5274,0
8930,2026-08-28 14:43:29.554691,4082.06,8024,0
658,2026-08-29 09:44:29.527688,3947.78,2793,0
5138,2026-08-26 04:40:29.542146,2814.2,7835,0
2353,2026-08-30 19:08:29.533188,4307.04,7264,0
2089,2026-08-28 13:43:29.532316,4842.1,5775,0
4213,2026-08-30 13:22:29.539175,4921.42,1161,0
4079,2026-08-31 04:22:29.538742,3734.35,2674,0
7075,2026-08-30 21:11:29.548616,1519.52,2998,0
2222,2026-08-26 23:15:29.532738,4575.41,1183,0
7788,2026-08-28 14:22:29.550978,2599.46,8017,0
9578,2026-08-31 12:55:29.556790,65.71,5460,0
5225,2026-08-29 23:53:29.542428,916.99,8236,0
10456,2026-09-01 03:45:29.564659,1000.0,10005,1
5303,2026-08-30 08:21:29.542685,4953.06,8913,0
590,2026-08-31 20:14:29.527470,4201.37,8401,0
8581,2026-08-31 04:08:29.553558,2322.04,6720,0
518,2026-08-29 14:06:29.527239,1005.78,8174,0
8166,2026-08-26 10:59:29.552216,1308.93,7632,0
4019,2026-08-29 00:22:29.538553,2302.03,3090,0
1862,2026-08-25 21:30:29.531584,4676.48,6216,0
2052,2026-08-29 11:53:29.532201,4366.99,4498,0
9434,2026-08-28 22:24:29.556329,3906.08,5347,0
1934,2026-08-28 01:13:29.531813,4575.77,3917,0
9565,2026-08-31 08:13:29.556745,4882.01,2012,0
9064,2026-08-26 13:46:29.555153,2165.4,3785,0
2557,2026-08-28 13:01:29.533837,3191.41,7804,0
4519,2026-08-26 11:08:29.540160,1394.34,3339,0
9289,2026-08-28 20:37:29.555861,3750.01,3524,0
172,2026-08-31 09:09:29.526128,3034.27,6430,0
7653,2026-08-26 17:53:29.550548,1494.02,3293,0
9665,2026-08-26 21:34:29.557073,3168.93,7233,0
2388,2026-08-30 16:00:29.533297,993.13,5571,0
4181,2026-08-31 09:06:29.539075,3955.27,1809,0
2386,2026-08-29 10:33:29.533291,1744.34,2223,0
8010,2026-08-25 06:25:29.551714,4826.79,1690,0
7769,2026-08-25 17:34:29.550919,3347.83,1193,0
8972,2026-08-29 22:55:29.554825,2689.28,4489,0
9444,2026-08-31 11:23:29.556360,3489.24,1319,0
377,2026-08-30 12:05:29.526774,2441.07,8802,0
5890,2026-08-27 03:38:29.544552,1758.61,6945,0
7735,2026-08-29 10:19:29.550813,996.19,1177,0
8044,2026-08-30 13:38:29.551819,1217.56,2513,0
6523,2026-08-29 08:01:29.546585,3997.39,1805,0
1243,2026-08-28 03:13:29.529588,4144.47,4625,0
7591,2026-08-30 17:07:29.550353,4858.29,7022,0
7545,2026-08-31 18:11:29.550209,2487.04,6021,0
9831,2026-08-26 20:25:29.557599,3562.08,3699,0
4442,2026-08-29 01:18:29.539906,28.85,7698,0
1331,2026-08-31 10:54:29.529872,3723.59,2928,0
934,2026-08-26 11:05:29.528570,4193.89,8271,0
4426,2026-08-25 17:48:29.539856,38.24,6634,0
8955,2026-08-27 05:26:29.554771,2592.54,7144,0
9156,2026-08-29 20:06:29.555445,716.57,1891,0
6989,2026-08-31 20:02:29.548229,382.09,2527,0
954,2026-08-25 14:42:29.528632,4340.88,6410,0
11,2026-08-27 14:02:29.525580,2466.99,2239,0
5677,2026-08-30 04:46:29.543874,3968.59,3151,0
4734,2026-08-31 17:36:29.540842,2035.28,7501,0
9884,2026-08-26 06:38:29.557765,707.39,4061,0
1992,2026-08-29 20:12:29.531994,1141.59,5174,0
8697,2026-08-30 06:23:29.553923,4917.82,1083,0
7510,2026-08-27 07:32:29.550054,4553.02,5526,0
5974,2026-08-27 06:40:29.544820,562.63,4539,0
635,2026-08-25 20:24:29.527612,2757.73,3219,0
1600,2026-08-31 02:10:29.530743,1762.31,5172,0
3690,2026-08-26 14:30:29.537492,361.56,2677,0
10166,2026-09-01 03:45:29.564659,1000.0,10015,1
4886,2026-08-29 13:37:29.541328,4511.6,3869,0
10209,2026-09-01 03:45:29.564659,1000.0,10008,1
339,2026-08-26 09:09:29.526655,1528.24,8282,0
5945,2026-08-28 03:23:29.544729,1930.28,1827,0
650,2026-08-27 06:39:29.527662,214.47,2898,0
1297,2026-08-28 17:16:29.529764,1088.04,1683,0
1614,2026-09-01 00:04:29.530786,3621.28,4670,0
7592,2026-08-27 23:15:29.550356,3150.85,3856,0
942,2026-08-26 05:39:29.528595,2876.52,4688,0
9025,2026-08-29 01:12:29.554995,2252.32,3057,0
2368,2026-08-29 01:13:29.533235,4209.78,3364,0
8129,2026-08-30 07:24:29.552096,1773.24,1883,0
9104,2026-08-30 23:09:29.555280,3157.47,8680,0
4671,2026-08-29 19:10:29.540642,4957.39,4095,0
9836,2026-08-31 15:40:29.557614,3728.92,6203,0
4052,2026-08-28 10:14:29.538658,1265.04,8826,0
1237,2026-08-28 16:54:29.529570,987.59,4070,0
8826,2026-08-26 09:48:29.554363,1737.51,1140,0
8975,2026-08-29 05:11:29.554835,1512.79,2264,0
8378,2026-08-25 11:47:29.552884,1835.4,7612,0
9852,2026-08-26 16:00:29.557664,114.27,4340,0
6559,2026-08-29 19:36:29.546699,2580.88,6547,0
1663,2026-08-25 23:30:29.530938,1073.33,1727,0
7619,2026-08-27 13:34:29.550440,592.07,4388,0
8215,2026-08-28 19:53:29.552373,2718.3,5564,0
7612,2026-08-29 23:48:29.550419,4585.03,7623,0
6939,2026-08-31 18:50:29.547952,1898.98,5591,0
4491,2026-09-01 02:25:29.540072,4530.13,6763,0
3288,2026-08-28 22:35:29.536213,3852.09,8244,0
5342,2026-09-01 02:28:29.542809,3924.71,4247,0
7736,2026-08-29 10:46:29.550816,2896.87,8704,0
9980,2026-08-25 15:11:29.558076,3221.87,5327,0
5956,2026-08-31 13:53:29.544763,1425.9,8314,0
9195,2026-08-31 19:52:29.555565,2352.21,6829,0
7914,2026-08-30 01:56:29.551412,1812.32,3151,0
10443,2026-09-01 03:45:29.564659,1000.0,10042,1
1705,2026-08-28 14:22:29.531085,3260.89,3635,0
7231,2026-08-28 10:02:29.549141,373.99,8675,0
9897,2026-08-28 02:23:29.557806,4881.96,4328,0
4307,2026-08-26 02:19:29.539479,3898.27,2050,0
645,2026-08-27 16:09:29.527643,1120.32,4915,0
5765,2026-08-29 16:28:29.544159,4851.85,2387,0
10020,2026-09-01 03:45:29.564659,1000.0,10019,1
388,2026-08-31 15:51:29.526808,798.02,2844,0
10283,2026-09-01 03:45:29.564659,1000.0,10032,1
3943,2026-08-26 04:02:29.538313,3549.83,6999,0
10287,2026-09-01 03:45:29.564659,1000.0,10036,1
7420,2026-08-29 11:54:29.549737,2784.6,5603,0
7650,2026-08-30 19:36:29.550539,2444.73,4168,0
9069,2026-08-27 18:55:29.555171,4474.43,6251,0
2030,2026-08-26 20:03:29.532132,635.57,1518,0
4749,2026-08-31 19:35:29.540889,1468.84,5905,0
3169,2026-08-30 13:23:29.535828,2660.26,1525,0
5776,2026-08-31 05:29:29.544194,3679.59,1211,0
5426,2026-08-28 12:41:29.543084,3481.05,2943,0
10117,2026-09-01 03:45:29.564659,1000.0,10016,1
4774,2026-08-31 20:10:29.540966,780.46,3065,0
10022,2026-09-01 03:45:29.564659,1000.0,10021,1
10381,2026-09-01 03:45:29.564659,1000.0,10030,1
2382,2026-08-30 10:41:29.533278,231.08,5622,0
5943,2026-08-28 02:29:29.544723,1382.08,6452,0
3518,2026-08-29 06:17:29.536935,697.43,5309,0
1207,2026-08-31 11:20:29.529477,1974.68,5740,0
145,2026-08-30 16:19:29.526006,961.31,5812,0
3214,2026-08-29 06:12:29.535970,4751.02,3106,0
151,2026-08-27 03:40:29.526024,3060.38,5952,0
1128,2026-08-25 19:32:29.529225,1407.82,5023,0
2136,2026-08-30 23:01:29.532466,2857.69,8152,0
891,2026-08-31 00:44:29.528432,3828.39,6972,0
5544,2026-08-28 00:34:29.543455,4806.41,2753,0
7344,2026-08-27 00:52:29.549496,1131.43,1190,0
1849,2026-08-26 14:35:29.531543,3871.8,5206,0
7085,2026-08-28 08:35:29.548647,2080.58,3341,0
10255,2026-09-01 03:45:29.564659,1000.0,10004,1
1003,2026-08-26 09:24:29.528788,3985.41,2282,0
7327,2026-08-26 12:42:29.549443,4503.05,3593,0
9754,2026-08-26 10:31:29.557356,2217.95,8834,0
7460,2026-08-29 00:41:29.549866,1231.23,7726,0
8002,2026-08-30 10:36:29.551689,3322.61,5632,0
9122,2026-08-30 04:55:29.555336,2938.4,3206,0
3029,2026-08-26 19:35:29.535377,1596.67,1088,0
2993,2026-08-27 20:46:29.535264,1542.59,5641,0
6640,2026-08-30 10:46:29.546964,4638.33,3320,0
1182,2026-08-27 03:56:29.529399,2732.19,7233,0
5409,2026-08-28 22:56:29.543019,2120.19,6391,0
2056,2026-08-28 16:55:29.532213,3911.48,7620,0
1329,2026-08-27 01:19:29.529864,4155.74,1798,0
4942,2026-08-26 09:58:29.541507,145.0,7760,0
4499,2026-08-30 02:11:29.540098,714.57,4653,0
1730,2026-08-27 03:27:29.531163,1485.58,2738,0
1901,2026-08-28 05:51:29.531707,3588.72,2008,0
4164,2026-08-31 14:03:29.539012,2981.69,8538,0
8474,2026-08-30 13:27:29.553221,138.97,3981,0
5183,2026-08-31 16:37:29.542296,3454.55,1654,0
9323,2026-08-30 21:25:29.555969,4429.62,3273,0
3501,2026-08-25 07:06:29.536882,3821.92,6041,0
3926,2026-08-29 18:37:29.538260,1430.92,5449,0
9107,2026-08-29 13:50:29.555289,2771.46,4059,0
3332,2026-08-29 05:28:29.536351,3116.03,6424,0
523,2026-08-31 21:59:29.527255,3607.47,7715,0
6840,2026-08-30 12:59:29.547605,1325.11,5017,0
8795,2026-08-31 07:29:29.554264,1384.37,8584,0
8265,2026-08-26 13:30:29.552529,3863.66,2990,0
4784,2026-08-29 20:12:29.540998,3894.17,5728,0
6014,2026-08-26 11:36:29.544948,1766.8,6253,0
2593,2026-08-30 17:11:29.533951,3349.16,8058,0
6006,2026-08-27 00:12:29.544923,1031.76,3242,0
4092,2026-08-28 00:24:29.538783,2239.11,5094,0
2474,2026-08-25 16:54:29.533570,1367.71,6520,0
3523,2026-08-30 08:41:29.536951,166.3,5957,0
7320,2026-08-29 14:49:29.549421,2296.78,7839,0
9982,2026-08-27 06:23:29.558082,2065.03,8112,0
10238,2026-09-01 03:45:29.564659,1000.0,10037,1
6094,2026-08-28 00:06:29.545209,4763.84,2056,0
1131,2026-08-28 18:04:29.529235,4348.91,1097,0
1550,2026-08-29 17:11:29.530582,4374.33,4730,0
10156,2026-09-01 03:45:29.564659,1000.0,10005,1
8438,2026-08-26 16:24:29.553106,934.06,8735,0
2936,2026-08-29 11:15:29.535083,148.1,4353,0
3431,2026-08-27 23:07:29.536662,4146.9,5858,0
3011,2026-08-30 22:37:29.535320,4500.04,1128,0
9205,2026-08-26 21:17:29.555597,900.28,5836,0
6178,2026-08-30 21:43:29.545473,4059.81,5788,0
7569,2026-08-29 11:35:29.550285,1038.15,6162,0
2037,2026-08-27 23:55:29.532154,3015.98,6284,0
5085,2026-08-31 23:30:29.541960,2272.05,8906,0
4718,2026-08-30 17:31:29.540789,4188.87,8462,0
8141,2026-08-31 21:51:29.552138,1904.1,8254,0
1799,2026-08-25 23:38:29.531383,4772.45,5731,0
3815,2026-08-26 11:11:29.537889,525.36,8737,0
6436,2026-08-31 01:02:29.546306,2830.02,3701,0
8578,2026-08-29 21:31:29.553549,4595.32,1642,0
5287,2026-08-31 00:54:29.542635,2793.32,5611,0
450,2026-08-28 14:03:29.527005,3671.8,6294,0
4997,2026-08-27 00:58:29.541681,1992.03,2478,0
3689,2026-08-31 03:58:29.537489,4146.96,6071,0
3530,2026-08-28 20:09:29.536973,401.26,2592,0
5440,2026-08-25 06:40:29.543127,363.89,1890,0
8532,2026-09-01 02:50:29.553401,481.96,3925,0
6924,2026-08-26 03:01:29.547878,3391.73,7896,0
1621,2026-08-27 02:27:29.530808,105.36,8812,0
1391,2026-08-30 07:46:29.530080,298.82,5538,0
7511,2026-08-26 12:33:29.550059,2667.26,2293,0
6348,2026-08-25 05:34:29.546006,3612.74,3969,0
345,2026-08-26 20:46:29.526673,1691.16,1397,0
40,2026-08-31 11:02:29.525671,711.58,1253,0
10207,2026-09-01 03:45:29.564659,1000.0,10006,1
8331,2026-08-30 01:55:29.552739,2419.47,5175,0
8712,2026-08-30 16:02:29.553970,1433.81,5761,0
1728,2026-08-27 21:56:29.531157,4759.5,6913,0
5711,2026-08-26 01:40:29.543980,1735.38,6369,0
5636,2026-08-28 21:08:29.543744,1744.18,4173,0
9474,2026-08-29 09:53:29.556456,1651.29,2272,0
8381,2026-08-26 18:06:29.552894,4798.86,5792,0
5821,2026-08-29 17:38:29.544333,660.3,4678,0
2607,2026-08-30 16:37:29.533999,778.85,2110,0
9162,2026-08-28 05:00:29.555463,722.91,5480,0
3629,2026-08-28 13:21:29.537295,1488.31,5612,0
2372,2026-08-26 02:38:29.533247,3815.57,8429,0
8174,2026-08-29 03:23:29.552241,4389.61,5945,0
8170,2026-08-28 22:19:29.552228,3899.68,3403,0
10152,2026-09-01 03:45:29.564659,1000.0,10001,1
3097,2026-08-29 14:09:29.535598,452.03,8756,0
4776,2026-08-29 22:20:29.540973,3683.67,2372,0
2731,2026-08-31 04:45:29.534415,562.09,2725,0
8323,2026-08-30 04:27:29.552714,3200.23,5005,0
8555,2026-08-31 21:37:29.553476,1332.45,2264,0
566,2026-08-25 18:55:29.527392,2622.03,6742,0
2463,2026-08-27 19:43:29.533536,4757.93,2618,0
3393,2026-08-27 20:14:29.536543,2560.64,7927,0
7245,2026-08-31 19:10:29.549185,2080.75,2207,0
1398,2026-08-28 22:02:29.530102,1517.09,2873,0
1905,2026-09-01 02:11:29.531720,3193.77,8576,0
887,2026-08-29 09:07:29.528419,2033.41,3173,0
642,2026-08-27 02:36:29.527634,2396.7,5699,0
2166,2026-08-31 21:54:29.532559,1484.81,2169,0
10325,2026-09-01 03:45:29.564659,1000.0,10024,1
2525,2026-08-27 02:29:29.533737,535.33,6634,0
6500,2026-08-27 21:54:29.546510,4198.32,1503,0
268,2026-08-28 22:51:29.526429,3342.66,8975,0
1386,2026-08-31 09:02:29.530060,3187.41,2642,0
5044,2026-08-27 11:42:29.541830,2402.87,6952,0
4239,2026-08-29 16:53:29.539259,1876.39,4867,0
6195,2026-08-30 00:38:29.545525,1091.25,6000,0
112,2026-08-27 06:18:29.525901,1980.57,8365,0
1110,2026-08-31 13:52:29.529169,4390.92,2376,0
7445,2026-08-27 14:20:29.549814,3913.77,7105,0
3526,2026-09-01 00:39:29.536960,2110.04,1100,0
8815,2026-08-26 12:27:29.554329,1514.7,8409,0
8160,2026-08-30 18:59:29.552197,1771.48,7642,0
9375,2026-08-28 08:47:29.556141,2535.75,8074,0
5873,2026-08-27 03:58:29.544497,791.97,3230,0
3079,2026-08-31 16:38:29.535542,609.67,7943,0
3506,2026-08-30 15:03:29.536898,3581.5,8978,0
9888,2026-08-31 13:21:29.557778,640.01,1294,0
1387,2026-08-31 02:53:29.530066,848.08,6975,0
6179,2026-08-31 09:05:29.545476,4500.99,7178,0
5354,2026-08-30 03:32:29.542846,1145.75,4588,0
3687,2026-08-29 01:33:29.537482,599.17,7817,0
9818,2026-09-01 03:38:29.557556,4762.19,5335,0
5751,2026-08-31 19:07:29.544116,3878.05,5050,0
7634,2026-08-27 01:00:29.550489,2790.77,2005,0
376,2026-09-01 01:25:29.526771,993.34,7808,0
2301,2026-08-27 05:29:29.532992,4898.09,4980,0
5133,2026-08-31 16:52:29.542131,468.23,7518,0
3769,2026-08-25 16:09:29.537742,2464.5,1565,0
1961,2026-08-31 05:21:29.531897,2023.58,4319,0
7252,2026-08-31 19:06:29.549206,2897.7,7880,0
2254,2026-08-27 10:07:29.532842,146.63,6842,0
5968,2026-08-25 12:28:29.544801,4234.09,7358,0
7585,2026-08-30 18:20:29.550335,305.46,6238,0
2752,2026-08-28 23:36:29.534483,1161.58,6749,0
9060,2026-08-29 20:14:29.555140,1055.6,2397,0
2004,2026-08-25 08:37:29.532032,886.75,4598,0
3363,2026-08-27 07:33:29.536448,3347.84,4920,0
6804,2026-08-30 10:54:29.547492,2902.47,8746,0
6439,2026-08-28 05:10:29.546315,808.85,3774,0
8920,2026-08-28 16:06:29.554660,535.37,8452,0
9194,2026-08-31 19:59:29.555562,2807.14,7085,0
10243,2026-09-01 03:45:29.564659,1000.0,10042,1
5015,2026-08-30 08:40:29.541738,4142.72,6280,0
1194,2026-08-26 09:26:29.529437,3788.66,5069,0
678,2026-08-30 02:17:29.527751,3331.48,2343,0
8133,2026-08-29 01:18:29.552112,320.34,4186,0
9141,2026-08-31 15:07:29.555395,2822.93,4465,0
9660,2026-08-27 00:22:29.557057,2875.42,2351,0
402,2026-08-29 17:17:29.526855,2082.56,8478,0
7201,2026-08-25 12:27:29.549014,4779.85,3363,0
4665,2026-08-25 05:24:29.540624,4771.72,6646,0
7325,2026-08-25 08:56:29.549436,1149.83,5511,0
6142,2026-08-26 03:50:29.545358,212.49,8056,0
5211,2026-08-29 01:40:29.542384,2952.78,7720,0
6399,2026-08-30 06:53:29.546186,1207.39,5034,0
7791,2026-08-25 05:17:29.550990,2381.68,1000,0
4469,2026-08-30 23:40:29.539990,988.42,7609,0
1686,2026-08-29 07:41:29.531012,4276.5,1770,0
5519,2026-09-01 02:00:29.543376,3210.58,8879,0
4524,2026-08-31 20:32:29.540176,2338.23,8463,0
316,2026-08-31 21:24:29.526583,1903.26,7446,0
3453,2026-08-27 04:10:29.536730,3182.14,8693,0
8433,2026-08-29 21:05:29.553090,4465.34,8097,0
9955,2026-08-30 15:46:29.557990,2416.29,2479,0
10135,2026-09-01 03:45:29.564659,1000.0,10034,1
1478,2026-08-25 17:05:29.530353,2143.43,2613,0
4319,2026-08-28 16:29:29.539517,583.85,6294,0
5124,2026-08-25 14:40:29.542102,2441.15,5623,0
4065,2026-09-01 02:57:29.538699,1870.13,4582,0
5989,2026-08-29 10:36:29.544867,100.8,3739,0
7812,2026-08-31 02:32:29.551086,503.87,7888,0
2835,2026-08-26 02:50:29.534750,540.71,5102,0
7855,2026-08-27 04:56:29.551225,4924.66,8414,0
3301,2026-08-31 16:22:29.536254,2468.93,4157,0
4906,2026-08-26 15:22:29.541394,3769.49,3895,0
10280,2026-09-01 03:45:29.564659,1000.0,10029,1
3805,2026-08-27 22:33:29.537858,533.11,2828,0
3318,2026-08-29 05:14:29.536307,716.35,4252,0
7826,2026-08-25 18:58:29.551132,3509.29,1375,0
3937,2026-08-28 23:41:29.538294,221.46,7504,0
1236,2026-08-29 04:53:29.529567,1364.33,2967,0
3594,2026-08-30 08:31:29.537184,825.49,8875,0
10284,2026-09-01 03:45:29.564659,1000.0,10033,1
9858,2026-08-25 21:42:29.557683,3888.88,3683,0
29,2026-08-29 07:05:29.525636,1160.79,2709,0
5384,2026-08-29 23:57:29.542941,2063.9,2744,0
1429,2026-08-29 15:57:29.530201,652.8,3105,0
4987,2026-08-25 14:32:29.541650,1497.04,7426,0
299,2026-08-30 02:42:29.526526,2020.63,5690,0
8197,2026-08-31 22:26:29.552313,1359.48,5520,0
5353,2026-08-31 14:59:29.542843,2723.76,7152,0
4745,2026-08-26 09:10:29.540876,88.21,5522,0
2867,2026-08-30 02:16:29.534852,4110.43,8438,0
3529,2026-08-30 20:36:29.536970,189.95,6166,0
10308,2026-09-01 03:45:29.564659,1000.0,10007,1
6959,2026-08-31 19:40:29.548063,4678.36,5970,0
4928,2026-08-29 21:08:29.541463,3820.54,5166,0
9393,2026-08-27 18:54:29.556197,1244.99,2776,0
2561,2026-08-27 14:47:29.533852,2120.78,3645,0
8632,2026-08-28 22:02:29.553718,4846.77,7842,0
9749,2026-08-29 02:36:29.557340,2044.31,2607,0
3275,2026-08-30 03:07:29.536169,4670.59,2117,0
8339,2026-08-28 17:35:29.552763,4543.5,1797,0
823,2026-08-28 18:51:29.528220,68.5,5143,0
8943,2026-08-25 12:12:29.554734,3258.11,5542,0
3388,2026-08-25 12:44:29.536528,2971.47,3588,0
8938,2026-08-29 05:54:29.554716,1947.78,4485,0
7768,2026-08-25 19:29:29.550916,483.71,6723,0
6063,2026-08-25 05:12:29.545109,3842.65,7242,0
8391,2026-08-27 15:31:29.552928,792.51,1166,0
2397,2026-08-29 16:38:29.533325,397.14,3707,0
4154,2026-08-25 19:11:29.538981,3261.85,3944,0
9316,2026-08-28 01:18:29.555945,2573.97,1048,0
763,2026-08-26 12:05:29.528020,4202.46,1128,0
4032,2026-08-30 09:52:29.538593,4192.7,8757,0
5282,2026-08-29 13:03:29.542619,1441.3,1782,0
5385,2026-08-31 15:42:29.542944,1899.74,1634,0
2546,2026-08-29 07:49:29.533803,4268.12,2585,0
10440,2026-09-01 03:45:29.564659,1000.0,10039,1
10304,2026-09-01 03:45:29.564659,1000.0,10003,1
2608,2026-08-31 10:48:29.534002,4836.91,5151,0
3183,2026-08-28 09:32:29.535871,826.0,5158,0
8056,2026-08-28 06:33:29.551859,2399.36,5934,0
5976,2026-08-30 12:50:29.544826,2387.62,7444,0
9482,2026-08-27 20:05:29.556481,394.18,3948,0
5941,2026-08-25 17:32:29.544713,673.32,2933,0
1808,2026-08-26 20:54:29.531411,1495.28,4228,0
8001,2026-08-29 16:29:29.551686,178.56,6003,0
6433,2026-08-26 11:19:29.546297,12.65,6564,0
4258,2026-08-27 14:41:29.539318,2675.87,7425,0
4688,2026-08-26 09:45:29.540695,2764.14,3124,0
126,2026-08-31 12:29:29.525944,358.88,1671,0
932,2026-08-29 05:18:29.528564,3818.21,4302,0
3968,2026-08-28 08:36:29.538393,1593.44,8750,0
4418,2026-08-25 11:11:29.539831,2113.03,6867,0
4656,2026-08-27 07:11:29.540596,4970.91,8563,0
8000,2026-08-28 00:49:29.551682,1327.02,2219,0
3021,2026-08-26 23:03:29.535352,138.96,6286,0
9587,2026-08-26 05:40:29.556818,4835.36,7502,0
9524,2026-08-31 09:06:29.556617,3795.65,7745,0
9003,2026-08-30 04:59:29.554925,4897.09,2172,0
8726,2026-08-25 06:30:29.554027,1403.27,6531,0
9045,2026-08-30 02:25:29.555094,3728.4,1005,0
5444,2026-08-25 18:56:29.543139,2238.9,6179,0
8893,2026-08-30 18:16:29.554574,4156.23,3378,0
7011,2026-08-30 03:38:29.548350,1327.47,2560,0
3906,2026-08-29 07:36:29.538198,2555.69,4538,0
8206,2026-08-28 04:46:29.552341,999.37,3342,0
311,2026-08-27 19:05:29.526567,4089.62,3399,0
2447,2026-09-01 01:32:29.533485,3457.8,3586,0
6599,2026-08-30 01:38:29.546827,3503.1,5676,0
8450,2026-08-25 16:50:29.553143,2603.31,6454,0
1325,2026-08-29 16:43:29.529851,3439.22,3540,0
1489,2026-08-29 06:25:29.530388,3963.37,5197,0
4974,2026-08-30 18:17:29.541607,1731.61,6225,0
4799,2026-08-26 10:13:29.541053,4284.82,5908,0
3563,2026-08-31 11:14:29.537087,2487.32,5099,0
8297,2026-08-31 09:18:29.552630,4525.43,2179,0
3291,2026-08-29 21:23:29.536222,981.7,3682,0
10038,2026-09-01 03:45:29.564659,1000.0,10037,1
4026,2026-08-30 10:20:29.538575,4076.59,5959,0
9985,2026-08-28 09:08:29.558091,2925.07,1639,0
3293,2026-08-31 14:46:29.536229,2001.09,4397,0
7487,2026-08-27 20:20:29.549953,180.64,1776,0
2387,2026-08-31 13:03:29.533294,920.1,8058,0
3141,2026-08-27 20:11:29.535740,2193.18,3947,0
9586,2026-08-28 20:39:29.556815,3958.67,4343,0
3089,2026-08-28 22:56:29.535573,1602.66,8837,0
2658,2026-08-25 17:26:29.534183,1321.39,5694,0
7506,2026-08-30 11:10:29.550020,4234.01,6378,0
3473,2026-08-28 17:45:29.536795,280.26,7789,0
6583,2026-08-31 16:31:29.546777,1812.22,3523,0
3199,2026-08-29 23:28:29.535921,4048.95,8030,0
9541,2026-09-01 02:39:29.556670,485.59,5343,0
7128,2026-08-29 07:57:29.548784,1286.1,5577,0
2845,2026-08-31 17:31:29.534781,3341.77,3926,0
3070,2026-08-30 08:54:29.535513,3826.19,4498,0
9640,2026-08-30 15:28:29.556983,4316.42,2769,0
1464,2026-08-31 04:09:29.530310,4916.73,7972,0
8790,2026-08-25 13:28:29.554248,2411.55,6172,0
9277,2026-08-28 16:29:29.555823,3529.99,2842,0
61,2026-08-30 11:50:29.525740,4069.57,8059,0
7084,2026-08-25 07:37:29.548644,99.6,6731,0
5320,2026-08-30 05:37:29.542738,937.98,2341,0
563,2026-08-29 21:32:29.527380,1741.41,4472,0
6442,2026-08-30 03:42:29.546325,1729.19,3927,0
2455,2026-08-25 20:16:29.533510,1233.34,2784,0
292,2026-08-29 21:37:29.526504,1751.13,5049,0
4236,2026-08-30 06:55:29.539250,4973.7,1234,0
1060,2026-08-25 13:39:29.528970,1199.08,8869,0
3536,2026-08-27 12:50:29.536991,859.9,7733,0
496,2026-08-30 06:46:29.527169,4270.54,6490,0
4015,2026-08-25 15:04:29.538540,1398.79,5480,0
1637,2026-08-26 03:02:29.530857,3542.93,2539,0
4539,2026-08-26 19:56:29.540224,1403.31,2014,0
3302,2026-08-29 06:53:29.536257,3181.7,1533,0
8568,2026-08-29 05:30:29.553518,1955.93,6113,0
4998,2026-08-26 11:42:29.541684,844.16,7444,0
7763,2026-08-30 22:08:29.550900,2223.13,4141,0
1988,2026-08-31 09:12:29.531982,1022.38,8731,0
9014,2026-08-25 09:38:29.554960,4122.62,8448,0
6140,2026-08-29 13:15:29.545352,3649.21,1535,0
1292,2026-08-28 07:19:29.529748,2462.8,1203,0
6988,2026-08-27 11:11:29.548224,976.82,8150,0
5325,2026-08-31 13:58:29.542753,3849.76,6402,0
10228,2026-09-01 03:45:29.564659,1000.0,10027,1
8164,2026-08-28 21:07:29.552209,3914.38,1635,0
4484,2026-08-31 18:50:29.540051,1362.04,8796,0
6490,2026-08-27 03:01:29.546479,1436.86,6923,0
1351,2026-08-30 21:08:29.529934,3447.93,3254,0
4055,2026-09-01 00:05:29.538668,3973.54,5893,0
8305,2026-08-29 21:14:29.552658,2573.48,4463,0
10457,2026-09-01 03:45:29.564659,1000.0,10006,1
6729,2026-08-27 15:17:29.547253,3508.77,8247,0
5801,2026-08-28 21:12:29.544271,1963.3,8883,0
10410,2026-09-01 03:45:29.564659,1000.0,10009,1
7595,2026-08-30 03:12:29.550366,2233.2,2312,0
2762,2026-08-25 14:19:29.534514,3113.52,8191,0
3061,2026-08-31 01:38:29.535484,1340.25,8305,0
8060,2026-08-26 04:01:29.551872,3063.37,6128,0
9273,2026-08-29 06:43:29.555811,308.01,7608,0
4969,2026-08-26 22:40:29.541591,2155.0,3454,0
5701,2026-08-29 04:50:29.543949,4464.88,6875,0
7559,2026-08-29 01:14:29.550253,2672.97,8159,0
6673,2026-08-30 17:03:29.547076,89.11,1015,0
3539,2026-08-25 22:52:29.537001,1026.34,1888,0
4414,2026-08-26 12:16:29.539819,3995.04,5840,0
9018,2026-08-25 22:42:29.554972,408.7,3085,0
3779,2026-08-25 18:57:29.537774,986.61,7547,0
5932,2026-08-28 01:49:29.544685,993.87,5805,0
5072,2026-08-30 18:54:29.541920,4842.42,8604,0
3990,2026-08-31 07:38:29.538462,123.86,3068,0
7061,2026-08-31 09:24:29.548572,4315.92,1196,0
9022,2026-08-28 01:38:29.554986,1807.28,4797,0
897,2026-08-25 23:13:29.528451,2505.39,7529,0
7547,2026-08-31 15:19:29.550215,2759.96,5957,0
2656,2026-08-31 23:06:29.534177,1015.09,2138,0
1218,2026-08-27 15:48:29.529511,1267.33,8363,0
8901,2026-08-30 06:56:29.554601,2394.45,1918,0
7377,2026-08-30 07:52:29.549602,2961.48,3616,0
787,2026-08-26 21:23:29.528105,4652.36,6820,0
3604,2026-08-26 21:02:29.537215,3174.84,3591,0
4590,2026-08-26 23:34:29.540385,3332.19,2264,0
5706,2026-08-27 17:49:29.543965,908.58,8064,0
1001,2026-08-28 00:32:29.528782,2476.86,8121,0
7502,2026-08-26 16:02:29.549999,750.58,1978,0
4402,2026-08-25 05:22:29.539781,3293.68,5409,0
2012,2026-08-31 00:24:29.532069,1735.13,1173,0
4283,2026-08-28 02:31:29.539396,1685.79,3113,0
6066,2026-08-27 14:23:29.545119,2784.98,4371,0
1074,2026-09-01 01:59:29.529014,4839.46,4127,0
4270,2026-08-31 05:41:29.539355,162.09,3782,0
9885,2026-08-30 15:03:29.557769,699.53,1444,0
7586,2026-08-31 18:54:29.550338,2636.28,1741,0
3323,2026-09-01 02:45:29.536323,1803.15,7099,0
7734,2026-08-27 18:40:29.550809,395.55,7624,0
5078,2026-08-27 16:07:29.541938,4008.41,5348,0
4206,2026-08-29 05:46:29.539153,84.62,2627,0
1528,2026-08-26 08:48:29.530513,4153.7,6668,0
4819,2026-08-28 00:06:29.541118,1115.35,3673,0
2970,2026-08-26 21:43:29.535192,2929.6,8545,0
3855,2026-08-31 07:37:29.538014,4159.51,2858,0
807,2026-08-27 06:33:29.528168,1131.92,6619,0
4339,2026-08-27 10:34:29.539580,413.52,5897,0
5166,2026-08-28 12:27:29.542238,1624.48,6984,0
5493,2026-09-01 02:04:29.543293,4472.62,3712,0
4697,2026-08-27 18:16:29.540723,4293.28,6410,0
1782,2026-08-28 22:39:29.531329,2295.26,7924,0
348,2026-08-26 15:36:29.526683,4350.75,3695,0
9625,2026-08-31 15:51:29.556936,1640.51,7741,0
4489,2026-08-29 07:30:29.540066,510.4,5152,0
10251,2026-09-01 03:45:29.564659,1000.0,10000,1
10321,2026-09-01 03:45:29.564659,1000.0,10020,1
8097,2026-08-28 15:57:29.551987,2705.62,5313,0
8057,2026-08-31 02:13:29.551862,3970.42,8631,0
7380,2026-08-30 04:25:29.549612,2328.82,3992,0
3711,2026-09-01 03:33:29.537560,3097.48,4227,0
4503,2026-08-31 00:36:29.540110,2742.09,2498,0
9667,2026-08-27 15:43:29.557079,4339.76,8573,0
3268,2026-08-31 18:04:29.536147,77.14,7583,0
6933,2026-08-30 20:52:29.547923,1425.14,4327,0
323,2026-08-27 01:21:29.526605,1139.74,3967,0
7244,2026-08-25 21:58:29.549181,4631.03,4125,0
6947,2026-08-26 14:45:29.547986,3214.92,3547,0
6443,2026-08-25 05:46:29.546328,983.47,5035,0
5587,2026-08-25 18:31:29.543591,3627.03,1890,0
6978,2026-08-31 12:10:29.548169,2402.49,1800,0
10103,2026-09-01 03:45:29.564659,1000.0,10002,1
9165,2026-08-28 08:17:29.555472,4169.5,5850,0
8876,2026-09-01 00:34:29.554521,2147.11,2354,0
7710,2026-08-28 21:10:29.550730,1312.37,3820,0
5895,2026-08-29 06:38:29.544567,3778.98,8764,0
1468,2026-08-30 15:54:29.530322,215.52,7986,0
2405,2026-08-25 16:03:29.533350,2459.08,7980,0
9242,2026-09-01 01:26:29.555714,1300.51,6509,0
276,2026-08-27 02:37:29.526455,4757.27,8867,0
520,2026-08-25 10:30:29.527245,2441.03,7547,0
7851,2026-08-25 10:19:29.551213,3123.43,2653,0
5506,2026-08-25 17:11:29.543336,1492.35,7537,0
2237,2026-08-25 18:43:29.532787,3381.66,5772,0
901,2026-08-25 21:20:29.528463,3303.91,5895,0
2952,2026-08-29 10:51:29.535136,3212.11,7883,0
9385,2026-08-25 09:50:29.556172,4898.85,3158,0
9674,2026-08-30 15:37:29.557101,3675.88,4018,0
372,2026-08-30 14:46:29.526758,3654.62,2665,0
7890,2026-08-29 02:29:29.551337,1651.62,5512,0
467,2026-08-26 23:05:29.527070,1181.86,2788,0
4386,2026-08-31 11:41:29.539728,4330.61,4437,0
1225,2026-08-28 19:09:29.529533,2406.86,2051,0
4882,2026-08-28 10:24:29.541316,1481.12,1105,0
1876,2026-08-30 11:30:29.531627,2288.44,4033,0
6919,2026-08-27 20:42:29.547853,1060.94,7204,0
2141,2026-08-26 03:17:29.532481,1850.37,2996,0
9782,2026-08-28 13:51:29.557443,4680.1,8304,0
2982,2026-08-27 00:13:29.535230,4925.31,2211,0
1098,2026-08-27 22:50:29.529126,1965.85,4305,0
3428,2026-08-28 07:53:29.536652,1264.63,5963,0
4640,2026-08-30 19:02:29.540541,3588.33,2521,0
6980,2026-08-25 08:28:29.548180,972.3,4420,0
7504,2026-08-27 21:43:29.550006,2612.21,8071,0
7447,2026-08-26 07:27:29.549821,1422.77,7799,0
6291,2026-08-25 20:53:29.545826,4183.89,3330,0
4602,2026-08-29 08:58:29.540423,3056.94,8395,0
6097,2026-08-29 20:43:29.545218,2058.07,4236,0
874,2026-08-31 19:59:29.528379,2641.21,2915,0
6043,2026-08-30 05:27:29.545038,211.99,4521,0
2103,2026-08-29 16:29:29.532362,2479.08,4714,0
4771,2026-08-26 06:52:29.540957,3845.42,5454,0
4768,2026-08-30 13:09:29.540948,1249.58,8451,0
3971,2026-08-29 02:04:29.538403,1622.04,3401,0
7004,2026-08-28 04:34:29.548311,4884.99,3912,0
338,2026-08-30 01:18:29.526651,663.51,6259,0
6300,2026-08-27 21:35:29.545854,1151.8,7476,0
9381,2026-08-25 17:09:29.556159,3832.55,7100,0
7793,2026-08-26 10:32:29.550996,487.33,3513,0
7509,2026-08-30 10:43:29.550036,863.0,6496,0
2460,2026-08-30 11:43:29.533526,3414.35,7020,0
10246,2026-09-01 03:45:29.564659,1000.0,10045,1
3694,2026-08-30 18:10:29.537504,2864.63,6885,0
6960,2026-08-28 16:11:29.548068,3020.67,2135,0
10211,2026-09-01 03:45:29.564659,1000.0,10010,1
9690,2026-08-27 08:10:29.557151,2622.84,6580,0
9110,2026-08-27 12:20:29.555299,3896.86,6746,0
1698,2026-08-30 21:23:29.531064,4087.39,2964,0
9262,2026-08-29 02:25:29.555776,4202.19,2201,0
4115,2026-08-28 21:30:29.538855,3148.97,7377,0
685,2026-08-30 10:04:29.527773,3883.33,6643,0
3671,2026-08-25 05:14:29.537432,2497.25,2028,0
1134,2026-08-28 00:31:29.529244,3158.91,8780,0
10148,2026-09-01 03:45:29.564659,1000.0,10047,1
3996,2026-08-25 10:49:29.538481,3365.75,3104,0
4292,2026-08-26 05:49:29.539424,3813.21,8712,0
1749,2026-08-29 23:35:29.531223,1560.99,8126,0
1065,2026-08-26 02:17:29.528986,3154.72,5691,0
4134,2026-08-28 12:35:29.538917,226.66,7774,0
5679,2026-08-28 16:13:29.543880,3255.64,3884,0
10183,2026-09-01 03:45:29.564659,1000.0,10032,1
6766,2026-08-31 00:26:29.547369,3354.32,2612,0
8202,2026-08-29 01:17:29.552329,1796.38,5986,0
10346,2026-09-01 03:45:29.564659,1000.0,10045,1
229,2026-08-26 15:16:29.526307,304.63,5054,0
10052,2026-09-01 03:45:29.564659,1000.0,10001,1
5273,2026-08-29 20:48:29.542591,596.38,3574,0
9889,2026-08-25 15:34:29.557781,2375.85,4110,0
5245,2026-08-31 00:37:29.542499,4373.95,7407,0
9009,2026-08-29 19:24:29.554944,4790.65,5295,0
2172,2026-08-29 12:23:29.532578,589.33,1668,0
5266,2026-08-31 18:56:29.542569,3420.06,4887,0
9500,2026-08-25 17:21:29.556541,4866.62,2151,0
959,2026-08-25 13:52:29.528648,1900.25,3429,0
696,2026-08-31 03:17:29.527807,482.46,1344,0
9573,2026-08-28 22:47:29.556772,168.63,4995,0
7965,2026-08-31 12:34:29.551573,3941.19,1916,0
2258,2026-08-26 13:06:29.532855,4619.46,8980,0
9103,2026-08-26 11:09:29.555277,1982.93,3832,0
8911,2026-08-28 18:22:29.554632,1475.36,2643,0
3614,2026-08-26 15:18:29.537246,26.9,8220,0
5114,2026-08-31 02:54:29.542071,65.32,3793,0
3768,2026-08-28 07:23:29.537739,634.94,2278,0
9953,2026-08-27 12:54:29.557984,2561.37,4474,0
6004,2026-08-29 21:43:29.544914,2862.37,6469,0
5364,2026-08-25 07:20:29.542878,2342.29,1648,0
1561,2026-08-29 19:26:29.530617,4333.58,3951,0
4625,2026-08-25 06:07:29.540494,2343.91,2718,0
7047,2026-08-25 11:11:29.548529,4700.47,6630,0
5491,2026-08-30 15:22:29.543287,460.79,2160,0
8247,2026-08-30 19:55:29.552473,1967.98,4159,0
8371,2026-08-28 22:32:29.552863,1316.69,6997,0
5105,2026-08-28 04:52:29.542022,4919.27,6619,0
4136,2026-08-26 14:21:29.538925,3773.19,6684,0
6224,2026-08-26 16:54:29.545616,1584.96,5286,0
8707,2026-08-30 10:04:29.553954,3062.06,2517,0
2992,2026-08-29 19:54:29.535261,2670.8,2430,0
2652,2026-08-28 10:45:29.534165,4699.62,2218,0
3412,2026-08-30 18:12:29.536602,73.0,6589,0
5029,2026-08-25 12:17:29.541782,1811.15,6586,0
5570,2026-08-31 10:51:29.543536,4876.34,4054,0
2079,2026-08-30 12:19:29.532285,1007.65,1477,0
3161,2026-08-29 14:40:29.535802,3804.96,6190,0
5351,2026-08-28 18:29:29.542837,2045.99,5397,0
3478,2026-08-29 07:20:29.536810,2199.62,2975,0
4324,2026-08-30 18:21:29.539532,3590.38,2483,0
6284,2026-08-29 20:30:29.545805,1981.09,6870,0
2626,2026-08-26 01:18:29.534083,3784.05,2497,0
5508,2026-08-26 17:01:29.543342,3856.74,3781,0
10330,2026-09-01 03:45:29.564659,1000.0,10029,1
5903,2026-08-25 18:15:29.544592,2371.0,1593,0
3578,2026-08-27 17:12:29.537134,1972.55,2349,0
8739,2026-08-28 19:45:29.554088,4613.97,4599,0
4766,2026-08-30 20:04:29.540942,2702.92,3287,0
3913,2026-08-31 19:41:29.538219,1372.72,7611,0
7827,2026-08-30 00:18:29.551136,4835.47,6726,0
2020,2026-08-30 03:34:29.532100,1085.72,4429,0
5229,2026-08-29 11:06:29.542445,172.56,7410,0
1693,2026-08-26 03:42:29.531034,854.18,1827,0
5627,2026-09-01 00:05:29.543716,2130.89,2681,0
5595,2026-09-01 03:22:29.543616,281.11,5102,0
4795,2026-08-28 21:50:29.541032,3970.37,4763,0
8462,2026-08-29 05:51:29.553181,4751.78,2482,0
5998,2026-08-26 23:23:29.544895,3209.74,3864,0
2206,2026-08-31 23:11:29.532686,2586.0,3229,0
3053,2026-08-25 09:10:29.535457,2067.79,8542,0
8546,2026-08-30 09:11:29.553445,1722.19,2952,0
4896,2026-08-29 19:03:29.541359,923.5,3724,0
391,2026-08-25 11:45:29.526818,4229.76,2133,0
5507,2026-08-30 00:01:29.543339,4319.2,7798,0
3749,2026-08-28 18:21:29.537680,4325.13,5243,0
698,2026-08-25 18:47:29.527814,2704.5,2658,0
8325,2026-08-29 07:35:29.552720,3010.77,2768,0
3229,2026-08-29 15:41:29.536017,4226.4,5136,0
8732,2026-08-30 07:15:29.554066,1525.78,5539,0
406,2026-08-29 00:07:29.526868,3365.04,6656,0
8862,2026-08-26 00:04:29.554478,1931.17,8149,0
2567,2026-08-26 12:19:29.533871,4579.96,5694,0
6074,2026-08-30 08:30:29.545144,2587.48,1923,0
9990,2026-08-28 10:13:29.558108,1742.27,2633,0
7959,2026-08-29 08:43:29.551552,280.86,6314,0
498,2026-08-29 21:29:29.527176,4658.3,1193,0
9232,2026-08-25 22:16:29.555681,4691.27,8361,0
7530,2026-08-25 11:42:29.550159,3062.39,2354,0
3402,2026-08-30 21:44:29.536571,246.33,7087,0
9712,2026-08-28 16:33:29.557222,4656.24,8574,0
1080,2026-08-30 05:16:29.529035,2584.16,5858,0
10108,2026-09-01 03:45:29.564659,1000.0,10007,1
4698,2026-08-26 16:06:29.540726,3793.55,5287,0
6464,2026-08-25 20:18:29.546398,2747.87,2076,0
2383,2026-08-31 11:56:29.533281,3925.23,6136,0
4371,2026-08-28 05:34:29.539682,2728.45,7019,0
8636,2026-08-31 17:34:29.553730,2115.13,3255,0
4821,2026-08-29 06:19:29.541125,3679.41,5570,0
1058,2026-08-26 14:43:29.528964,4616.73,3575,0
3289,2026-08-30 11:04:29.536216,4139.28,4501,0
7726,2026-08-29 02:05:29.550783,1920.47,5115,0
4824,2026-08-30 16:36:29.541134,178.01,4616,0
2419,2026-08-29 02:28:29.533395,3684.86,3365,0
6337,2026-08-29 17:20:29.545969,2763.41,6140,0
9490,2026-08-30 01:39:29.556508,2181.81,1995,0
7111,2026-08-31 01:10:29.548731,3809.66,8661,0
945,2026-08-27 19:40:29.528604,2383.54,3636,0
7885,2026-08-31 22:31:29.551322,515.72,5491,0
9962,2026-08-29 14:53:29.558012,4864.3,5315,0
799,2026-08-26 10:07:29.528142,3229.39,5904,0
3233,2026-08-28 03:41:29.536029,480.13,1402,0
2119,2026-08-30 22:19:29.532411,668.08,5464,0
9684,2026-08-28 01:54:29.557133,1936.45,2244,0
9582,2026-08-31 01:34:29.556803,3578.88,4158,0
6799,2026-08-30 23:01:29.547477,4399.48,5953,0
4815,2026-08-26 05:33:29.541106,521.2,8175,0
9464,2026-08-26 13:41:29.556425,1230.38,5893,0
78,2026-08-26 14:12:29.525794,4698.86,8317,0
6610,2026-08-27 17:53:29.546868,284.5,1982,0
653,2026-08-28 08:13:29.527672,2538.25,1739,0
4429,2026-08-27 10:48:29.539865,1581.68,1742,0
9705,2026-08-30 17:31:29.557201,4577.27,5823,0
10138,2026-09-01 03:45:29.564659,1000.0,10037,1
165,2026-08-25 19:05:29.526107,2861.81,1451,0
9537,2026-09-01 00:53:29.556658,2120.9,7608,0
7609,2026-08-29 12:38:29.550409,1943.46,7965,0
785,2026-08-31 02:09:29.528099,3907.01,2056,0
709,2026-08-31 08:40:29.527848,2754.14,8195,0
4383,2026-08-30 16:40:29.539719,3240.86,5583,0
2839,2026-08-30 14:17:29.534762,1605.26,5672,0
7697,2026-08-26 17:26:29.550686,2275.23,7588,0
4468,2026-08-28 18:14:29.539987,4821.33,2345,0
8261,2026-08-25 15:59:29.552517,224.67,5134,0
9121,2026-08-26 12:47:29.555333,1700.65,8292,0
8389,2026-08-28 07:36:29.552921,415.53,5912,0
9350,2026-08-29 13:40:29.556063,2810.14,8638,0
1448,2026-08-31 20:31:29.530260,2458.45,1920,0
8633,2026-08-26 11:24:29.553721,4829.28,3841,0
9057,2026-08-25 23:56:29.555131,2207.99,8094,0
8077,2026-08-29 13:49:29.551924,3470.7,3104,0
9119,2026-08-31 13:12:29.555327,1214.46,8415,0
5774,2026-08-29 18:45:29.544187,3401.41,1937,0
9621,2026-08-31 13:50:29.556924,3179.66,2333,0
4253,2026-08-27 13:45:29.539303,1645.7,5793,0
7758,2026-08-27 09:28:29.550885,2836.67,5938,0
5642,2026-08-27 04:09:29.543763,3919.12,7180,0
4051,2026-08-26 19:52:29.538655,617.56,3421,0
5502,2026-08-28 04:10:29.543323,4921.27,8647,0
1671,2026-08-28 02:47:29.530966,2520.9,5993,0
241,2026-08-25 07:54:29.526344,569.76,7721,0
10240,2026-09-01 03:45:29.564659,1000.0,10039,1
362,2026-08-26 22:22:29.526726,3032.11,4439,0
9751,2026-08-31 22:22:29.557346,4143.53,5045,0
8211,2026-08-28 08:58:29.552357,3743.23,3324,0
1681,2026-08-27 12:00:29.530997,4546.78,8947,0
3252,2026-08-26 14:48:29.536097,245.61,5315,0
6797,2026-08-25 11:44:29.547470,1942.01,5978,0
9569,2026-08-28 11:54:29.556758,3869.46,3130,0
2815,2026-08-30 20:57:29.534684,1504.04,8848,0
9534,2026-08-25 22:48:29.556649,3191.36,3423,0
4023,2026-08-26 17:33:29.538565,1659.04,3580,0
587,2026-08-26 03:48:29.527460,3523.57,2403,0
9133,2026-08-29 09:35:29.555370,1895.77,7165,0
8360,2026-08-26 19:16:29.552828,4780.7,8651,0
1303,2026-08-31 05:21:29.529782,2045.49,3372,0
6556,2026-08-30 21:58:29.546690,2820.27,5955,0
6941,2026-08-31 04:33:29.547961,319.22,1339,0
50,2026-08-26 16:48:29.525702,2737.71,2078,0
9825,2026-08-25 19:44:29.557577,1743.49,4084,0
3500,2026-08-31 08:15:29.536879,218.23,1874,0
9071,2026-08-29 13:41:29.555178,3276.0,1935,0
3286,2026-08-26 00:31:29.536206,2393.3,3405,0
2045,2026-08-25 16:51:29.532179,354.59,5185,0
1585,2026-08-30 11:14:29.530694,3173.78,7525,0
863,2026-08-30 20:22:29.528344,3741.84,5858,0
6449,2026-09-01 00:11:29.546351,821.53,6097,0
2800,2026-08-30 17:57:29.534637,109.56,5824,0
5963,2026-08-26 08:31:29.544785,1381.75,7725,0
3837,2026-08-29 15:38:29.537957,576.68,8715,0
1117,2026-08-26 06:14:29.529191,1166.43,3855,0
6818,2026-08-31 14:49:29.547536,3749.41,1820,0
7514,2026-08-29 01:06:29.550075,2297.72,1216,0
9415,2026-08-26 09:01:29.556269,2044.08,5314,0
5922,2026-08-25 18:35:29.544654,4559.14,7077,0
2390,2026-08-31 10:33:29.533303,1651.59,4509,0
521,2026-08-26 18:28:29.527248,2504.79,7811,0
10430,2026-09-01 03:45:29.564659,1000.0,10029,1
2286,2026-08-28 11:24:29.532945,209.37,8904,0
4643,2026-08-29 03:04:29.540550,2341.79,4542,0
3462,2026-08-25 19:58:29.536761,171.52,4304,0
6424,2026-08-26 05:03:29.546266,4975.19,6658,0
6481,2026-08-30 15:36:29.546451,283.52,6720,0
8293,2026-08-29 20:45:29.552618,1255.44,1608,0
4887,2026-08-25 17:24:29.541331,3850.8,6967,0
7160,2026-08-27 08:00:29.548884,549.53,1661,0
9080,2026-08-27 12:14:29.555206,3407.43,5681,0
3988,2026-08-28 16:10:29.538456,2750.43,5556,0
1442,2026-08-31 16:57:29.530241,2711.31,2847,0
9026,2026-08-30 10:03:29.554998,1804.47,2821,0
7065,2026-08-29 01:47:29.548585,4318.47,3095,0
52,2026-08-28 13:09:29.525708,1101.53,5994,0
2308,2026-08-27 01:23:29.533014,1873.9,2243,0
1564,2026-08-28 20:34:29.530626,1384.29,3137,0
4951,2026-08-30 21:26:29.541535,653.05,6214,0
10014,2026-09-01 03:45:29.564659,1000.0,10013,1
9943,2026-08-25 16:45:29.557952,3679.12,7981,0
278,2026-08-25 08:16:29.526461,942.77,1158,0
8657,2026-08-27 21:20:29.553799,313.37,7044,0
10404,2026-09-01 03:45:29.564659,1000.0,10003,1
8288,2026-08-29 00:55:29.552602,2428.62,8074,0
277,2026-08-28 07:19:29.526458,3234.7,6808,0
6649,2026-08-28 08:29:29.546992,2590.85,4379,0
6049,2026-08-31 09:26:29.545065,2356.82,4666,0
3093,2026-08-29 02:24:29.535586,1466.77,8614,0
6938,2026-08-30 15:56:29.547949,4529.19,2081,0
6770,2026-08-26 13:51:29.547384,655.35,8690,0
7307,2026-08-30 02:23:29.549380,3450.13,5864,0
5566,2026-08-28 04:48:29.543523,3932.29,8816,0
10468,2026-09-01 03:45:29.564659,1000.0,10017,1
8718,2026-08-31 12:15:29.553988,3284.18,4707,0
2600,2026-08-30 20:24:29.533974,3386.83,4818,0
1416,2026-08-29 19:36:29.530161,3769.2,7388,0
8280,2026-08-25 10:05:29.552577,1423.84,4346,0
1695,2026-08-28 09:35:29.531054,4150.33,7960,0
5730,2026-08-29 00:57:29.544048,2332.55,5108,0
9708,2026-08-30 11:56:29.557210,361.15,1721,0
7740,2026-08-25 05:26:29.550828,3854.39,1895,0
5264,2026-08-28 04:48:29.542563,1639.17,5610,0
843,2026-08-29 15:21:29.528282,1149.79,8925,0
4975,2026-08-31 12:19:29.541610,2697.1,3605,0
10009,2026-09-01 03:45:29.564659,1000.0,10008,1
6012,2026-08-30 12:57:29.544942,1944.34,3018,0
1375,2026-08-26 01:17:29.530009,3892.11,8851,0
6026,2026-08-31 19:41:29.544985,2651.5,4401,0
10061,2026-09-01 03:45:29.564659,1000.0,10010,1
5754,2026-09-01 02:31:29.544125,4385.7,1240,0
2590,2026-08-27 18:22:29.533942,3253.73,1545,0
9174,2026-08-25 08:58:29.555500,1027.69,7416,0
1633,2026-08-30 04:09:29.530845,4743.26,3348,0
2393,2026-08-31 04:57:29.533313,145.9,4560,0
8169,2026-08-26 17:32:29.552225,2632.9,6606,0
8583,2026-08-26 14:02:29.553565,4588.37,4891,0
8386,2026-08-30 13:31:29.552912,251.61,4095,0
10285,2026-09-01 03:45:29.564659,1000.0,10034,1
6913,2026-08-30 03:41:29.547835,785.93,2071,0
4391,2026-08-31 08:39:29.539747,3075.22,8007,0
1093,2026-08-29 01:21:29.529110,2392.9,3622,0
9222,2026-08-27 11:09:29.555650,3298.42,2031,0
10091,2026-09-01 03:45:29.564659,1000.0,10040,1
1629,2026-08-25 22:30:29.530832,2980.55,2326,0
7814,2026-08-25 12:40:29.551095,3735.46,6408,0
5601,2026-08-28 07:18:29.543636,2346.37,1677,0
461,2026-08-29 20:34:29.527051,3396.32,8394,0
10247,2026-09-01 03:45:29.564659,1000.0,10046,1
7125,2026-08-28 19:38:29.548775,1214.35,1300,0
205,2026-08-31 17:28:29.526231,1302.17,8857,0
6698,2026-08-27 13:26:29.547156,2251.44,6058,0
6860,2026-08-31 20:49:29.547670,78.38,5500,0
279,2026-08-28 10:32:29.526464,1767.09,5754,0
3853,2026-08-30 08:11:29.538008,222.53,3843,0
5680,2026-08-27 16:43:29.543883,3858.56,1635,0
2232,2026-09-01 02:17:29.532772,2862.34,4900,0
969,2026-08-28 06:21:29.528679,1598.35,8278,0
5561,2026-08-29 19:11:29.543508,4375.41,2394,0
8816,2026-08-26 22:54:29.554332,4420.74,1148,0
3650,2026-08-29 11:09:29.537361,1460.36,4118,0
2862,2026-08-27 06:31:29.534836,2463.08,8905,0
5123,2026-08-29 20:30:29.542099,2036.06,6294,0
440,2026-09-01 02:03:29.526974,1792.56,8773,0
4813,2026-08-25 11:05:29.541097,2004.62,4531,0
2834,2026-08-27 18:22:29.534747,3371.03,5797,0
9890,2026-08-29 06:24:29.557784,2247.29,1841,0
475,2026-08-30 22:57:29.527095,4555.39,5546,0
9035,2026-08-30 06:56:29.555026,3722.12,4667,0
8070,2026-08-25 15:16:29.551903,1851.71,4725,0
2718,2026-08-31 21:43:29.534375,4192.49,7271,0
3152,2026-08-25 17:33:29.535774,750.22,4620,0
6345,2026-08-29 06:57:29.545994,284.56,8299,0
7707,2026-08-25 13:13:29.550720,2162.5,7779,0
2873,2026-08-25 20:21:29.534871,1552.89,2367,0
4932,2026-08-28 01:26:29.541476,2987.19,4909,0
7538,2026-08-25 08:46:29.550187,813.67,3945,0
9170,2026-08-31 03:57:29.555488,3860.74,6235,0
7824,2026-08-26 11:51:29.551126,474.66,5041,0
6102,2026-08-25 21:53:29.545234,1756.52,6931,0
6077,2026-08-25 22:37:29.545153,1784.3,5441,0
5040,2026-08-29 17:49:29.541817,978.28,5884,0
1509,2026-08-29 06:36:29.530453,2018.26,5063,0
4482,2026-08-27 11:28:29.540035,1958.69,5142,0
3483,2026-08-31 23:58:29.536826,3564.52,6671,0
5389,2026-08-30 11:08:29.542956,1600.82,4248,0
8626,2026-08-31 22:54:29.553699,4711.34,7775,0
2908,2026-08-28 04:06:29.534983,4586.65,8919,0
921,2026-08-25 08:20:29.528529,1867.63,1413,0
10168,2026-09-01 03:45:29.564659,1000.0,10017,1
8760,2026-08-27 03:43:29.554154,2153.2,7122,0
2248,2026-08-30 09:33:29.532824,652.47,1583,0
5269,2026-08-28 05:16:29.542579,2312.97,6796,0
2489,2026-08-27 03:15:29.533618,3045.11,7923,0
6315,2026-08-28 20:51:29.545901,4984.12,4248,0
5122,2026-08-28 06:28:29.542096,234.07,2807,0
2163,2026-08-25 16:00:29.532550,372.82,2758,0
2941,2026-08-27 10:49:29.535098,492.56,1752,0
9740,2026-08-28 14:42:29.557309,1946.68,1061,0
7976,2026-08-30 11:38:29.551608,4783.9,3035,0
2109,2026-08-30 16:01:29.532380,2988.62,8560,0
5547,2026-08-29 07:50:29.543464,4343.33,8830,0
4012,2026-08-30 15:29:29.538531,4623.39,2135,0
4500,2026-08-26 00:40:29.540101,1253.22,2347,0
7542,2026-08-26 01:38:29.550200,903.06,6132,0
9577,2026-08-30 06:21:29.556787,3312.28,6997,0
5592,2026-08-28 09:11:29.543606,1800.43,4713,0
9111,2026-08-25 09:58:29.555302,1793.67,6164,0
4758,2026-08-26 11:14:29.540917,4675.01,1251,0
6528,2026-08-29 10:58:29.546601,1292.2,5685,0
5727,2026-08-29 20:04:29.544031,2652.13,7333,0
8285,2026-08-25 07:48:29.552593,2773.78,3657,0
4105,2026-08-30 06:39:29.538824,3804.77,1607,0
4594,2026-08-30 12:41:29.540398,3719.53,3166,0
9748,2026-08-29 01:33:29.557337,796.71,2901,0
1444,2026-08-27 21:39:29.530248,285.54,1802,0
9948,2026-08-28 13:58:29.557968,2417.19,6681,0
3710,2026-08-28 03:38:29.537557,2466.72,3067,0
7860,2026-08-28 04:59:29.551241,4653.73,7030,0
5008,2026-08-27 20:17:29.541716,2664.39,8441,0
5574,2026-08-28 01:45:29.543548,4224.59,8304,0
8235,2026-08-26 22:51:29.552435,4540.41,3530,0
5196,2026-08-26 03:36:29.542337,3137.84,6797,0
8620,2026-08-30 10:31:29.553680,3254.69,3370,0
1758,2026-08-25 16:06:29.531254,756.02,2002,0
5732,2026-08-27 04:45:29.544055,2340.46,5088,0
3308,2026-08-29 22:01:29.536276,1838.49,4859,0
5371,2026-08-29 18:12:29.542900,2230.0,4075,0
2663,2026-08-29 22:58:29.534199,3618.42,3364,0
7468,2026-08-25 16:22:29.549893,1623.91,8608,0
1948,2026-08-27 21:51:29.531857,2146.52,5621,0
1881,2026-08-31 12:25:29.531643,4892.73,5458,0
9072,2026-08-25 19:22:29.555181,38.7,3823,0
1965,2026-08-29 22:33:29.531910,122.95,7711,0
5966,2026-09-01 03:31:29.544795,3143.43,1802,0
7243,2026-08-27 18:39:29.549178,4209.92,8836,0
1658,2026-08-25 10:09:29.530923,2811.37,8612,0
10004,2026-09-01 03:45:29.564659,1000.0,10003,1
3362,2026-08-26 09:15:29.536444,3183.62,4574,0
5250,2026-08-31 09:04:29.542516,2038.99,3228,0
5649,2026-08-30 18:17:29.543785,3881.98,2029,0
9294,2026-08-27 18:22:29.555876,2441.03,2433,0
5546,2026-08-27 14:43:29.543461,1320.58,8915,0
14,2026-08-30 08:47:29.525590,1954.79,6944,0
6541,2026-08-28 00:52:29.546643,1641.4,4602,0
8049,2026-08-27 16:20:29.551838,2390.19,1339,0
3880,2026-08-31 03:31:29.538116,4113.99,5866,0
2523,2026-08-28 04:56:29.533730,2887.32,2772,0
702,2026-08-27 09:07:29.527826,2967.64,3361,0
3001,2026-08-31 18:32:29.535289,2913.32,5443,0
10442,2026-09-01 03:45:29.564659,1000.0,10041,1
629,2026-08-31 18:31:29.527593,2617.06,2203,0
83,2026-08-26 19:43:29.525809,479.72,7168,0
353,2026-08-30 12:47:29.526698,445.33,6125,0
10252,2026-09-01 03:45:29.564659,1000.0,10001,1
8818,2026-08-29 13:50:29.554339,4227.42,5283,0
211,2026-08-28 03:18:29.526250,453.28,5980,0
2510,2026-08-30 21:15:29.533685,4902.2,1516,0
4861,2026-08-30 21:07:29.541250,1025.61,4650,0
1127,2026-08-26 09:51:29.529222,3512.07,4643,0
8373,2026-08-25 06:40:29.552869,3594.87,8989,0
9918,2026-08-30 10:14:29.557874,2289.33,3503,0
7975,2026-08-31 18:55:29.551604,2631.87,7896,0
225,2026-08-30 06:47:29.526293,2148.05,8492,0
3387,2026-08-28 06:20:29.536524,2042.95,3107,0
4832,2026-08-30 01:19:29.541159,2284.01,7285,0
4765,2026-08-28 06:09:29.540938,2166.64,8213,0
369,2026-08-27 02:55:29.526749,38.33,8236,0
1853,2026-08-27 14:49:29.531556,2686.89,6648,0
3380,2026-08-30 18:11:29.536503,2535.9,3506,0
8061,2026-08-27 18:27:29.551875,4712.03,5063,0
4501,2026-08-29 15:01:29.540104,2520.24,5234,0
9566,2026-08-28 01:18:29.556749,1709.83,4243,0
8896,2026-08-28 17:44:29.554585,4201.9,2989,0
9788,2026-08-29 17:13:29.557462,3635.14,5961,0
4251,2026-08-27 14:44:29.539297,2758.65,5338,0
7990,2026-08-29 07:16:29.551651,4133.75,3512,0
7041,2026-08-29 09:14:29.548510,88.92,3384,0
8541,2026-08-31 17:52:29.553429,4770.08,6975,0
1560,2026-08-31 17:35:29.530614,1878.29,8914,0
5146,2026-08-30 23:11:29.542171,4747.54,2479,0
4664,2026-08-30 01:45:29.540620,4879.16,2590,0
1333,2026-08-29 17:06:29.529878,4437.91,4499,0
1973,2026-08-29 12:01:29.531934,3080.87,6063,0
9803,2026-08-29 06:42:29.557509,4277.6,1388,0
1431,2026-08-30 21:25:29.530207,1140.81,8317,0
1446,2026-08-29 15:29:29.530254,541.79,5615,0
8987,2026-08-27 01:44:29.554875,1119.73,5440,0
9928,2026-08-27 11:11:29.557905,1933.53,3354,0
10110,2026-09-01 03:45:29.564659,1000.0,10009,1
4412,2026-08-25 12:37:29.539812,4562.35,7763,0
10051,2026-09-01 03:45:29.564659,1000.0,10000,1
5420,2026-08-31 08:42:29.543065,2323.61,8280,0
9027,2026-08-27 02:55:29.555001,1193.2,5478,0
1354,2026-08-26 13:22:29.529943,3560.3,6221,0
7228,2026-08-26 13:05:29.549132,4888.04,8808,0
2309,2026-08-29 21:28:29.533017,3228.38,1788,0
7807,2026-08-29 12:57:29.551055,4464.89,1369,0
7121,2026-08-26 22:02:29.548762,146.05,6530,0
545,2026-08-27 17:07:29.527324,380.19,3035,0
9588,2026-08-28 00:43:29.556821,4729.62,5048,0
7519,2026-08-26 22:01:29.550101,4586.69,4083,0
5995,2026-08-30 21:56:29.544886,1353.08,6391,0
6713,2026-08-27 08:11:29.547203,805.5,1628,0
5443,2026-08-31 08:39:29.543136,4410.19,8043,0
5090,2026-08-25 08:54:29.541975,2221.95,8344,0
7780,2026-08-27 01:33:29.550953,3591.26,5017,0
501,2026-08-27 13:32:29.527185,583.17,3122,0
7709,2026-08-31 17:03:29.550727,143.47,7797,0
5132,2026-08-30 15:38:29.542128,1401.85,2960,0
1205,2026-08-27 02:46:29.529471,2704.09,7757,0
7120,2026-08-29 21:28:29.548759,3198.17,3117,0
8536,2026-08-25 19:33:29.553414,739.04,4760,0
9590,2026-08-31 23:09:29.556827,3211.09,2905,0
937,2026-08-29 10:37:29.528579,1597.72,4692,0
5653,2026-08-27 10:35:29.543797,220.09,1237,0
4241,2026-08-27 23:27:29.539265,2733.0,1953,0
5433,2026-08-30 08:53:29.543105,1776.65,8652,0
7286,2026-08-26 07:47:29.549315,1718.53,7409,0
1365,2026-08-31 14:07:29.529978,3192.82,5594,0
9891,2026-08-29 22:43:29.557787,3997.15,7931,0
3620,2026-08-26 18:49:29.537265,3823.2,7818,0
1745,2026-08-29 11:46:29.531210,509.36,1355,0
9628,2026-08-25 21:07:29.556945,1522.22,2707,0
230,2026-08-30 18:34:29.526310,1036.79,6108,0
6385,2026-08-27 01:13:29.546142,1200.84,6053,0
3344,2026-08-31 04:04:29.536388,3835.33,8936,0
8984,2026-08-26 19:20:29.554865,4182.82,8802,0
4831,2026-08-29 20:41:29.541156,1254.51,5234,0
3654,2026-08-29 21:48:29.537374,28.27,7891,0
2768,2026-08-26 07:43:29.534534,1084.65,5640,0
1496,2026-08-27 20:57:29.530410,3344.47,6526,0
5850,2026-08-26 18:08:29.544426,1345.4,2986,0
1617,2026-08-28 08:01:29.530795,760.93,8938,0
4433,2026-08-26 15:17:29.539878,2980.63,5669,0
1764,2026-08-31 12:51:29.531273,2301.91,6668,0
4413,2026-08-26 21:54:29.539816,1087.3,3114,0
854,2026-08-26 19:29:29.528316,3866.98,4450,0
771,2026-08-29 14:49:29.528055,207.98,7164,0
7580,2026-08-26 16:04:29.550319,734.51,1811,0
8427,2026-08-27 13:53:29.553071,770.31,4967,0
5836,2026-08-26 15:48:29.544382,1655.0,7537,0
3248,2026-08-25 12:32:29.536085,3273.29,3806,0
2278,2026-08-30 20:10:29.532920,1196.57,1222,0
6389,2026-08-30 03:40:29.546154,1763.33,4355,0
2622,2026-08-27 23:23:29.534069,2025.35,3774,0
3841,2026-08-27 23:10:29.537969,20.4,1211,0
1229,2026-08-30 18:13:29.529545,2635.01,6495,0
7844,2026-08-28 02:05:29.551191,2035.85,4242,0
4458,2026-08-27 02:25:29.539956,3237.49,1822,0
4,2026-08-27 14:31:29.525557,3802.81,4232,0
9256,2026-08-28 19:07:29.555758,1379.55,6668,0
10332,2026-09-01 03:45:29.564659,1000.0,10031,1
6263,2026-08-26 01:51:29.545740,1334.35,1261,0
7687,2026-08-27 01:30:29.550655,2108.12,2596,0
8776,2026-08-27 20:48:29.554204,1498.81,3810,0
2580,2026-08-30 11:05:29.533911,1579.02,8196,0
4005,2026-08-26 20:43:29.538509,3549.34,6056,0
4176,2026-08-27 06:15:29.539059,2858.01,1299,0
2313,2026-08-25 14:58:29.533030,3163.11,6216,0
2236,2026-08-27 05:48:29.532784,3364.94,3889,0
929,2026-08-27 18:46:29.528554,3139.87,4132,0
2139,2026-08-28 23:12:29.532475,1616.49,4582,0
7864,2026-08-28 12:49:29.551254,1155.44,2424,0
485,2026-09-01 03:32:29.527130,1478.27,8603,0
540,2026-08-26 21:49:29.527308,3514.85,1941,0
2794,2026-08-29 13:26:29.534619,2586.04,1300,0
171,2026-08-31 19:12:29.526125,732.72,8240,0
5698,2026-08-26 21:57:29.543940,1086.59,7599,0
2935,2026-08-28 16:44:29.535080,1374.15,1977,0
886,2026-08-25 23:14:29.528416,570.25,4731,0
690,2026-08-28 12:58:29.527788,4472.78,8525,0
2836,2026-08-27 12:00:29.534753,1660.9,8874,0
2351,2026-08-26 18:48:29.533182,3350.97,6897,0
48,2026-08-27 07:07:29.525696,3752.32,6078,0
4877,2026-08-26 15:57:29.541300,3309.83,5775,0
10317,2026-09-01 03:45:29.564659,1000.0,10016,1
4144,2026-08-27 02:42:29.538950,948.41,2134,0
4235,2026-08-26 21:04:29.539247,681.97,6036,0
991,2026-08-25 20:55:29.528751,4754.12,1066,0
6758,2026-08-27 17:36:29.547343,2671.96,1197,0
9846,2026-08-28 15:43:29.557645,682.09,3292,0
3830,2026-08-27 10:30:29.537935,597.77,7725,0
555,2026-08-30 14:36:29.527355,2523.36,7174,0
3277,2026-08-30 17:22:29.536175,3167.38,5783,0
5869,2026-08-25 12:02:29.544484,2373.6,2300,0
8963,2026-08-25 05:59:29.554797,2766.18,6541,0
4517,2026-08-26 03:58:29.540154,1623.37,3537,0
8902,2026-08-27 04:46:29.554604,1680.49,3297,0
624,2026-08-25 09:14:29.527577,529.59,4475,0
4521,2026-08-26 23:54:29.540167,517.06,5503,0
7518,2026-08-28 15:58:29.550095,1507.93,1776,0
8865,2026-08-29 01:04:29.554487,299.64,7006,0
1270,2026-08-27 01:46:29.529676,3780.87,1963,0
5734,2026-08-27 13:25:29.544061,3710.84,3218,0
4377,2026-08-31 15:57:29.539700,4717.41,3585,0
5096,2026-08-25 11:55:29.541994,4841.22,4133,0
6885,2026-08-29 17:07:29.547747,2653.57,2943,0
3486,2026-08-29 11:52:29.536835,3159.6,2916,0
8654,2026-08-28 09:20:29.553789,2406.18,5133,0
170,2026-08-29 02:01:29.526122,968.46,5478,0
6976,2026-08-25 20:41:29.548158,473.35,1273,0
3217,2026-08-27 03:02:29.535980,2103.97,8425,0
638,2026-08-30 01:16:29.527621,3147.44,6717,0
5929,2026-08-29 08:01:29.544676,309.44,5173,0
3309,2026-08-30 04:37:29.536279,2329.1,3948,0
2461,2026-08-29 14:06:29.533530,4829.5,2271,0
4453,2026-08-30 11:28:29.539940,1821.76,2773,0
6677,2026-08-28 11:59:29.547088,2339.69,3834,0
7699,2026-08-27 14:12:29.550692,2531.59,3615,0
3507,2026-08-29 11:09:29.536901,2837.76,8022,0
4314,2026-08-26 23:22:29.539501,4879.18,4603,0
9055,2026-08-31 10:11:29.555125,353.55,1949,0
434,2026-08-26 19:28:29.526955,4160.01,7720,0
9298,2026-08-25 19:49:29.555889,884.29,4742,0
3664,2026-08-27 09:00:29.537408,505.61,8290,0
6486,2026-08-31 07:53:29.546467,3694.79,2943,0
8095,2026-08-28 11:57:29.551981,847.44,4236,0
2599,2026-08-29 11:19:29.533970,4384.58,1829,0
4038,2026-08-30 06:30:29.538612,2471.35,6155,0
918,2026-08-26 12:49:29.528519,813.71,4811,0
3006,2026-08-30 04:47:29.535304,1460.85,3917,0
8603,2026-08-27 07:24:29.553627,4551.24,2791,0
2424,2026-08-30 18:14:29.533411,1126.86,2131,0
9629,2026-08-28 02:02:29.556948,1450.96,8454,0
2202,2026-08-29 05:29:29.532674,4766.84,5576,0
6691,2026-08-28 05:37:29.547135,1887.74,2123,0
878,2026-08-28 15:28:29.528391,2442.71,7692,0
8993,2026-08-31 12:24:29.554894,2651.17,8805,0
2920,2026-08-27 21:23:29.535020,1073.43,6703,0
1537,2026-08-28 18:51:29.530541,3746.2,1437,0
5828,2026-08-28 15:21:29.544355,408.02,1821,0
3262,2026-08-31 07:33:29.536128,860.19,3358,0
1330,2026-08-28 12:49:29.529869,3945.04,7437,0
5515,2026-08-27 01:46:29.543364,4716.62,7594,0
3521,2026-08-31 04:01:29.536945,382.06,8027,0
9127,2026-08-27 20:28:29.555352,3882.61,4944,0
10185,2026-09-01 03:45:29.564659,1000.0,10034,1
5267,2026-08-27 23:25:29.542572,3132.65,6005,0
7481,2026-08-28 14:13:29.549934,3244.77,7670,0
9735,2026-08-25 09:27:29.557294,4973.77,7844,0
9617,2026-08-26 13:30:29.556911,4537.94,7708,0
2850,2026-08-25 06:56:29.534797,840.59,1901,0
1843,2026-08-31 05:11:29.531524,1139.5,3577,0
7541,2026-08-25 11:47:29.550197,1662.39,5891,0
6923,2026-08-30 22:27:29.547872,4822.41,8481,0
5382,2026-08-26 20:55:29.542934,667.51,2791,0
8853,2026-08-27 07:47:29.554450,1331.03,8638,0
8916,2026-08-25 22:23:29.554648,558.85,8607,0
4393,2026-08-25 07:28:29.539753,410.14,5972,0
10360,2026-09-01 03:45:29.564659,1000.0,10009,1
6045,2026-08-31 14:26:29.545053,3244.09,5026,0
3984,2026-08-30 18:19:29.538443,1883.92,8169,0
6573,2026-08-27 14:40:29.546744,1452.76,7788,0
7267,2026-08-26 09:02:29.549253,1189.83,3570,0
715,2026-08-29 19:44:29.527867,3467.2,2134,0
6638,2026-08-27 02:56:29.546958,1470.86,8511,0
616,2026-08-31 10:13:29.527552,261.76,4766,0
6722,2026-08-31 05:29:29.547231,1908.37,1310,0
5053,2026-08-29 13:17:29.541858,1917.27,4510,0
6251,2026-08-25 11:50:29.545700,507.06,7524,0
4308,2026-08-31 22:34:29.539482,775.4,6754,0
6105,2026-08-29 16:42:29.545243,1273.5,8420,0
3861,2026-08-27 19:41:29.538033,4837.01,5819,0
45,2026-08-25 14:24:29.525686,67.64,8815,0
8369,2026-08-27 21:40:29.552856,4906.76,3156,0
953,2026-08-31 21:47:29.528629,4354.83,4223,0
7115,2026-08-26 12:44:29.548743,979.75,5351,0
525,2026-08-26 17:42:29.527261,2178.86,7334,0
7240,2026-08-27 14:50:29.549169,4944.41,5370,0
8511,2026-08-27 15:36:29.553336,331.74,1723,0
6789,2026-08-31 19:43:29.547445,4495.29,5273,0
9696,2026-08-29 17:44:29.557171,3831.19,5903,0
5280,2026-08-27 00:11:29.542613,3304.16,7378,0
3080,2026-08-30 05:03:29.535545,3729.32,7149,0
3449,2026-08-30 05:28:29.536718,1191.47,4180,0
1733,2026-08-27 05:51:29.531173,2869.03,6993,0
3313,2026-08-29 03:02:29.536292,3269.87,3267,0
2272,2026-08-26 15:52:29.532902,3043.19,3967,0
3782,2026-08-28 06:08:29.537783,828.12,6014,0
3340,2026-08-25 20:29:29.536376,3233.93,8258,0
5066,2026-08-30 15:29:29.541898,4616.15,8662,0
9931,2026-08-28 07:32:29.557914,4111.02,2961,0
4549,2026-08-28 10:04:29.540256,1734.83,6012,0
663,2026-08-28 07:05:29.527703,4096.88,2690,0
8167,2026-08-25 07:47:29.552219,2918.73,3149,0
3129,2026-08-31 12:20:29.535700,3281.65,3299,0
1462,2026-08-29 13:05:29.530303,1359.9,1525,0
3422,2026-08-25 09:29:29.536634,2562.99,3388,0
9284,2026-08-25 10:13:29.555845,3856.81,3038,0
9348,2026-08-30 12:14:29.556057,998.31,1405,0
4060,2026-08-29 11:23:29.538683,2555.47,3954,0
4214,2026-08-31 01:14:29.539178,1515.25,7931,0
3525,2026-08-28 13:51:29.536957,1418.89,7118,0
8561,2026-08-27 18:57:29.553496,4201.08,6094,0
9493,2026-08-28 01:07:29.556518,4242.29,5330,0
1103,2026-08-26 01:51:29.529147,2555.74,6848,0
486,2026-09-01 01:02:29.527133,3960.83,1800,0
9555,2026-08-27 05:19:29.556714,2409.39,3196,0
2501,2026-08-25 06:01:29.533657,3290.59,3755,0
9538,2026-08-26 06:05:29.556661,1546.38,5016,0
459,2026-08-30 04:18:29.527033,1384.79,1118,0
737,2026-08-26 22:45:29.527938,3088.72,8328,0
6506,2026-08-29 14:27:29.546529,3102.08,8467,0
5788,2026-08-27 05:31:29.544231,1689.17,4662,0
4733,2026-08-29 08:07:29.540839,2525.55,6392,0
5885,2026-08-28 07:08:29.544534,97.8,6212,0
6616,2026-08-27 11:42:29.546887,4656.74,8773,0
2213,2026-08-25 09:16:29.532708,2210.4,8101,0
6688,2026-08-31 01:59:29.547125,4681.54,3634,0
8117,2026-08-27 11:58:29.552059,1761.48,6436,0
5815,2026-08-29 22:33:29.544314,1011.59,1203,0
4396,2026-08-25 06:33:29.539762,1411.11,5547,0
7159,2026-08-27 06:00:29.548881,921.79,5031,0
6275,2026-08-28 10:45:29.545777,64.24,3371,0
1432,2026-08-27 08:38:29.530210,827.08,6053,0
6470,2026-08-29 18:28:29.546417,1841.45,8467,0
10491,2026-09-01 03:45:29.564659,1000.0,10040,1
7523,2026-08-26 03:10:29.550122,1729.45,2558,0
5780,2026-08-29 13:26:29.544206,3167.01,8214,0
6974,2026-08-26 10:51:29.548146,1314.81,2369,0
1189,2026-08-31 19:52:29.529421,4523.15,1411,0
2380,2026-08-31 18:33:29.533272,4281.53,8780,0
7752,2026-08-28 12:22:29.550866,4306.32,5801,0
7025,2026-08-30 19:02:29.548426,264.15,3876,0
8550,2026-08-28 21:07:29.553457,3910.61,8417,0
2853,2026-08-30 18:42:29.534806,4492.25,2992,0
5237,2026-08-25 07:13:29.542472,3571.29,7697,0
7673,2026-08-30 04:29:29.550611,548.54,3565,0
2228,2026-08-25 14:25:29.532759,4987.27,2243,0
4419,2026-08-30 10:36:29.539834,2689.08,4705,0
10192,2026-09-01 03:45:29.564659,1000.0,10041,1
9840,2026-08-31 04:29:29.557627,2912.52,2117,0
1107,2026-08-25 08:38:29.529160,4114.95,3760,0
8639,2026-08-26 01:33:29.553740,2007.67,6327,0
560,2026-08-28 14:11:29.527371,3743.16,3675,0
2009,2026-08-31 12:16:29.532057,1457.25,6312,0
5367,2026-08-31 18:20:29.542887,2986.9,5907,0
1829,2026-08-25 15:54:29.531477,2374.49,5598,0
3572,2026-08-30 09:22:29.537115,3545.64,6992,0
8932,2026-08-30 10:28:29.554697,2659.55,2580,0
4520,2026-08-30 18:16:29.540164,160.97,6345,0
10231,2026-09-01 03:45:29.564659,1000.0,10030,1
10194,2026-09-01 03:45:29.564659,1000.0,10043,1
2296,2026-08-27 03:48:29.532977,2691.44,3995,0
1943,2026-08-28 17:50:29.531841,324.47,1617,0
10411,2026-09-01 03:45:29.564659,1000.0,10010,1
2003,2026-08-25 23:26:29.532028,3776.55,7151,0
6344,2026-08-31 20:22:29.545991,1361.82,5853,0
3408,2026-08-27 23:31:29.536590,680.67,5848,0
1490,2026-08-27 03:16:29.530391,749.1,8926,0
7346,2026-08-28 22:07:29.549502,3442.11,6600,0
3407,2026-08-30 00:11:29.536587,1032.79,4448,0
5593,2026-08-28 15:44:29.543610,531.97,5989,0
3781,2026-08-25 17:54:29.537780,1001.77,4058,0
1290,2026-08-26 15:55:29.529742,4040.12,3705,0
7552,2026-08-28 04:36:29.550231,2825.96,1643,0
6577,2026-08-30 18:07:29.546758,4592.6,5058,0
6971,2026-08-31 04:32:29.548130,4480.05,5087,0
5101,2026-08-28 14:13:29.542010,3636.38,2752,0
8983,2026-08-27 05:02:29.554862,1690.23,1537,0
1913,2026-08-25 16:43:29.531745,1681.09,5133,0
3379,2026-08-25 17:00:29.536500,4581.14,7149,0
5340,2026-08-30 17:14:29.542803,108.19,4141,0
6237,2026-08-31 05:40:29.545656,4908.8,5124,0
6299,2026-08-31 15:47:29.545851,3007.08,1376,0
8180,2026-08-27 05:12:29.552260,1899.46,8486,0
941,2026-08-27 20:21:29.528592,4639.69,6810,0
7618,2026-09-01 03:06:29.550437,4264.8,8731,0
3048,2026-08-30 22:08:29.535441,1649.47,8836,0
6752,2026-08-26 02:59:29.547324,2092.89,5015,0
9472,2026-08-25 16:12:29.556449,320.8,6032,0
6180,2026-08-28 22:48:29.545479,3175.09,6948,0
169,2026-08-30 23:59:29.526119,2911.38,4918,0
7247,2026-08-30 23:23:29.549191,3284.18,4855,0
8593,2026-08-26 15:45:29.553596,2070.25,2717,0
9977,2026-08-29 18:00:29.558066,4893.26,2617,0
6313,2026-08-27 21:40:29.545895,1879.68,1840,0
10290,2026-09-01 03:45:29.564659,1000.0,10039,1
3347,2026-08-30 23:59:29.536398,4305.59,4684,0
1413,2026-08-25 12:10:29.530149,4648.28,6118,0
2006,2026-08-31 23:05:29.532038,1627.4,1069,0
6686,2026-08-26 19:28:29.547119,3073.01,3331,0
3801,2026-08-29 18:45:29.537845,1194.75,2494,0
9339,2026-08-29 17:09:29.556019,2856.44,1783,0
7183,2026-08-26 00:07:29.548955,3883.71,7017,0
5383,2026-08-31 13:06:29.542938,4381.04,3116,0
7274,2026-08-25 08:09:29.549275,586.3,8021,0
5136,2026-08-30 17:00:29.542140,1753.3,1891,0
5328,2026-08-31 05:44:29.542765,2684.96,8769,0
355,2026-08-30 07:57:29.526705,2763.31,5432,0
8112,2026-08-30 21:46:29.552033,2858.96,5665,0
7166,2026-08-25 14:12:29.548903,2150.74,6804,0
710,2026-08-29 04:24:29.527851,3974.14,1245,0
2811,2026-08-25 15:58:29.534672,4963.04,2421,0
5219,2026-08-26 19:32:29.542409,4771.36,1415,0
10343,2026-09-01 03:45:29.564659,1000.0,10042,1
314,2026-08-26 21:48:29.526576,4596.63,3614,0
9383,2026-08-25 07:43:29.556165,4428.46,6469,0
8136,2026-08-27 11:14:29.552122,336.44,6740,0
8294,2026-08-31 23:41:29.552621,2986.5,8617,0
5102,2026-08-27 00:34:29.542013,3838.52,8384,0
6428,2026-08-31 12:26:29.546279,552.51,2088,0
1707,2026-08-31 04:48:29.531092,2172.65,1984,0
7658,2026-08-31 13:46:29.550564,1107.65,2018,0
4162,2026-08-27 17:36:29.539006,791.39,8837,0
9023,2026-08-30 20:21:29.554989,3058.03,7404,0
6983,2026-08-30 03:19:29.548196,4232.28,4912,0
2577,2026-08-26 07:39:29.533901,4393.2,7027,0
10355,2026-09-01 03:45:29.564659,1000.0,10004,1
615,2026-08-29 01:45:29.527549,1117.7,3649,0
8227,2026-08-26 09:38:29.552410,3971.82,2086,0
8473,2026-08-31 12:23:29.553218,272.8,3538,0
3544,2026-08-29 22:37:29.537019,1412.19,5389,0
4909,2026-08-31 06:56:29.541404,1681.87,2009,0
3721,2026-08-30 03:09:29.537592,4164.29,1861,0
8144,2026-08-29 02:28:29.552147,1820.78,4188,0
6248,2026-08-31 01:36:29.545690,2284.57,1985,0
4189,2026-08-29 00:22:29.539100,2306.61,7439,0
4652,2026-08-25 07:02:29.540583,3129.77,7383,0
6707,2026-08-29 00:51:29.547184,2361.92,1167,0
8652,2026-08-31 06:18:29.553783,1552.24,6376,0
9558,2026-08-27 06:59:29.556724,3177.56,1972,0
2415,2026-08-27 18:40:29.533382,611.53,1297,0
2813,2026-08-28 01:24:29.534678,3230.44,8165,0
6358,2026-08-28 09:33:29.546037,457.3,7141,0
5268,2026-08-31 05:31:29.542575,3171.37,7964,0
7133,2026-08-28 14:18:29.548800,1298.78,3592,0
4428,2026-08-31 14:20:29.539862,258.39,4703,0
9386,2026-08-26 11:48:29.556175,1922.6,7752,0
5387,2026-08-28 09:03:29.542950,3753.04,4911,0
4368,2026-08-30 06:11:29.539672,4288.81,4299,0
9088,2026-08-29 02:54:29.555230,786.36,3366,0
8158,2026-08-25 09:29:29.552191,1989.64,8393,0
2765,2026-08-26 13:20:29.534525,4647.18,7230,0
2158,2026-08-31 04:11:29.532534,2540.59,4714,0
4729,2026-08-26 07:05:29.540823,4355.55,8801,0
3780,2026-08-30 20:31:29.537777,1671.23,7273,0
4948,2026-08-30 05:47:29.541526,3188.55,2611,0
7289,2026-08-27 18:24:29.549324,4646.48,4797,0
322,2026-08-26 00:32:29.526601,2193.79,8888,0
544,2026-08-25 13:42:29.527321,724.08,8801,0
5610,2026-08-26 11:48:29.543664,1992.6,2348,0
5476,2026-08-31 15:46:29.543240,2781.1,8996,0
10373,2026-09-01 03:45:29.564659,1000.0,10022,1
1720,2026-08-28 13:02:29.531132,2251.77,1350,0
3052,2026-08-31 03:53:29.535454,920.28,8494,0
4496,2026-08-29 18:09:29.540088,4745.55,6780,0
3645,2026-08-27 19:17:29.537346,76.42,3208,0
6891,2026-08-25 10:24:29.547766,3759.89,5126,0
758,2026-08-31 10:21:29.528004,1160.88,5139,0
6774,2026-08-26 20:58:29.547397,3264.95,6484,0
10446,2026-09-01 03:45:29.564659,1000.0,10045,1
224,2026-08-29 13:34:29.526290,2626.49,1260,0
8947,2026-08-31 07:24:29.554746,3823.33,1292,0
1014,2026-08-29 20:20:29.528823,790.05,8847,0
3231,2026-08-25 05:52:29.536023,1223.42,4528,0
2953,2026-08-29 17:19:29.535139,191.89,7901,0
5632,2026-08-27 01:29:29.543732,2489.96,4882,0
4692,2026-08-28 18:42:29.540708,4302.92,7056,0
3964,2026-08-31 21:59:29.538378,668.67,3042,0
135,2026-08-30 18:38:29.525972,4869.99,1201,0
6584,2026-08-27 05:07:29.546781,264.17,4183,0
832,2026-08-28 17:26:29.528248,4952.46,1473,0
2157,2026-08-27 16:09:29.532531,1308.89,7436,0
8794,2026-08-31 04:49:29.554261,3996.49,7775,0
607,2026-08-31 15:11:29.527524,4782.63,1333,0
5614,2026-08-28 20:02:29.543676,2868.35,7447,0
7899,2026-08-29 08:27:29.551365,2800.29,5359,0
7741,2026-08-30 04:39:29.550831,3574.61,7617,0
4978,2026-08-27 02:19:29.541619,4456.18,4283,0
997,2026-08-31 22:30:29.528770,4560.09,4705,0
3616,2026-08-28 18:37:29.537252,630.26,8493,0
2070,2026-08-28 20:45:29.532257,2044.52,8381,0
5894,2026-08-25 17:45:29.544564,3047.69,4220,0
3799,2026-08-31 16:03:29.537839,2667.11,3265,0
4086,2026-08-30 20:31:29.538764,3151.82,2659,0
9633,2026-08-31 17:04:29.556961,3425.5,8728,0
10276,2026-09-01 03:45:29.564659,1000.0,10025,1
2191,2026-08-31 00:33:29.532640,3624.85,2552,0
1779,2026-08-31 13:38:29.531320,582.54,4301,0
1148,2026-08-28 09:30:29.529288,322.42,5886,0
10039,2026-09-01 03:45:29.564659,1000.0,10038,1
4272,2026-08-29 02:18:29.539362,2163.9,1748,0
6268,2026-08-30 13:56:29.545755,3900.78,3375,0
2185,2026-09-01 02:40:29.532621,880.45,7752,0
899,2026-08-30 05:23:29.528457,3905.66,5572,0
3978,2026-08-28 15:48:29.538425,934.53,6233,0
6862,2026-08-25 10:35:29.547676,3620.85,6478,0
9663,2026-08-25 09:48:29.557067,3239.33,6456,0
5781,2026-08-27 06:34:29.544209,1115.95,7007,0
6775,2026-08-28 15:16:29.547400,516.46,6175,0
5534,2026-09-01 02:03:29.543423,4198.63,6045,0
3809,2026-08-25 11:16:29.537870,3350.85,6928,0
1033,2026-08-29 07:31:29.528882,4151.17,6456,0
4668,2026-08-29 22:45:29.540633,3794.89,1630,0
3504,2026-08-28 14:17:29.536891,1890.97,1495,0
8965,2026-08-29 13:14:29.554804,3340.1,7727,0
9862,2026-08-29 19:42:29.557698,3480.13,5820,0
3095,2026-08-28 00:55:29.535592,2649.99,5352,0
9189,2026-08-29 06:38:29.555547,1328.34,2999,0
8201,2026-08-26 21:12:29.552326,1120.66,3478,0
1661,2026-08-26 15:43:29.530932,828.53,8317,0
8025,2026-08-26 04:45:29.551760,266.24,3092,0
4940,2026-08-27 06:09:29.541500,2160.22,2370,0
10262,2026-09-01 03:45:29.564659,1000.0,10011,1
669,2026-08-25 15:17:29.527722,843.47,5075,0
5786,2026-08-31 12:09:29.544225,758.19,3039,0
313,2026-08-30 21:00:29.526573,2070.03,7903,0
2198,2026-08-27 18:46:29.532662,4354.02,2545,0
7688,2026-08-29 12:01:29.550658,2975.86,6995,0
6219,2026-08-28 10:25:29.545600,3240.63,4945,0
185,2026-08-26 06:25:29.526169,3751.8,7585,0
1736,2026-08-31 12:21:29.531182,31.83,2616,0
7173,2026-08-27 10:37:29.548924,2641.91,4308,0
9372,2026-08-26 21:00:29.556131,3049.43,8001,0
2329,2026-08-29 23:19:29.533109,907.46,8373,0
474,2026-08-28 02:15:29.527092,1010.36,4778,0
3670,2026-08-26 09:33:29.537429,3053.39,5968,0
4302,2026-08-30 23:11:29.539455,3405.56,5275,0
6656,2026-08-25 07:41:29.547014,4763.06,1867,0
9066,2026-08-31 15:05:29.555162,4569.12,5250,0
10011,2026-09-01 03:45:29.564659,1000.0,10010,1
8031,2026-08-29 15:52:29.551778,3684.12,8467,0
537,2026-08-26 03:58:29.527299,3794.36,6676,0
4600,2026-08-27 18:18:29.540417,4610.33,5938,0
5023,2026-08-25 15:05:29.541763,2982.45,4703,0
5514,2026-08-26 15:55:29.543360,2695.06,4650,0
8676,2026-08-25 14:17:29.553858,1388.92,5985,0
5244,2026-08-31 19:31:29.542496,1168.55,6972,0
3735,2026-08-30 17:11:29.537636,656.05,6583,0
1732,2026-08-26 22:22:29.531170,3330.54,8149,0
2966,2026-08-27 20:11:29.535180,3493.95,5030,0
9672,2026-08-29 17:38:29.557095,2806.08,2316,0
6260,2026-08-29 16:52:29.545730,3684.71,2760,0
821,2026-08-30 05:03:29.528214,2289.84,6878,0
3205,2026-08-30 12:28:29.535942,1524.68,4603,0
2687,2026-08-28 13:05:29.534275,4191.38,3860,0
6892,2026-08-26 11:42:29.547769,2922.17,6136,0
206,2026-09-01 00:52:29.526234,2900.76,3250,0
4185,2026-08-31 22:38:29.539088,785.25,8966,0
5673,2026-08-25 05:41:29.543862,379.33,8247,0
9212,2026-08-29 12:45:29.555618,3756.44,2716,0
4143,2026-08-28 15:56:29.538947,588.44,8363,0
9580,2026-08-30 14:02:29.556796,1311.19,4089,0
97,2026-08-27 00:09:29.525853,3444.71,4435,0
4100,2026-08-25 10:35:29.538808,2638.81,7816,0
565,2026-08-29 17:01:29.527386,3308.99,3807,0
5725,2026-08-25 05:21:29.544024,674.31,5219,0
4461,2026-08-29 20:33:29.539965,4985.88,6610,0
911,2026-08-28 20:40:29.528497,3138.8,1612,0
7570,2026-08-26 22:12:29.550288,1412.6,1356,0
534,2026-08-29 06:48:29.527289,1270.29,6224,0
727,2026-08-26 02:32:29.527904,1217.88,8153,0
5370,2026-08-27 01:29:29.542897,808.15,4743,0
4752,2026-08-27 17:06:29.540898,528.2,8240,0
1819,2026-08-27 17:46:29.531446,1696.75,6155,0
7693,2026-08-25 14:18:29.550674,4876.36,8526,0
1722,2026-08-27 05:46:29.531139,470.4,1299,0
2976,2026-08-25 23:55:29.535211,2285.26,4109,0
5374,2026-08-30 13:39:29.542909,373.48,2124,0
8540,2026-08-29 15:12:29.553426,438.23,8759,0
7817,2026-08-26 19:06:29.551105,4632.34,8173,0
2337,2026-08-31 02:20:29.533135,3518.38,2089,0
5276,2026-08-27 05:31:29.542601,3367.19,5131,0
10434,2026-09-01 03:45:29.564659,1000.0,10033,1
1538,2026-08-30 01:02:29.530544,522.46,8309,0
9772,2026-08-26 22:32:29.557412,2122.31,2385,0
10223,2026-09-01 03:45:29.564659,1000.0,10022,1
4756,2026-08-31 11:28:29.540910,3301.82,7003,0
4425,2026-08-26 14:35:29.539853,1976.8,2076,0
7026,2026-08-26 21:58:29.548435,1395.8,7531,0
9864,2026-08-28 16:02:29.557704,4690.32,1283,0
632,2026-08-29 20:14:29.527602,539.2,5181,0
8514,2026-08-28 19:47:29.553345,201.02,3370,0
3416,2026-09-01 03:22:29.536615,1688.16,8469,0
5300,2026-08-26 15:02:29.542676,3526.19,7559,0
7667,2026-08-25 21:05:29.550593,2683.95,4432,0
3790,2026-08-28 01:55:29.537808,4948.11,6215,0
9270,2026-08-28 19:03:29.555801,2473.17,6432,0
2769,2026-08-25 05:47:29.534537,3444.08,1289,0
7926,2026-08-27 10:09:29.551449,2103.67,7737,0
797,2026-08-26 01:12:29.528136,2455.67,7156,0
856,2026-08-30 23:13:29.528322,3620.08,4680,0
4515,2026-08-26 10:28:29.540148,1781.13,6481,0
2779,2026-08-30 22:10:29.534572,4313.38,5445,0
8843,2026-08-27 09:37:29.554419,464.43,2232,0
1587,2026-08-28 16:25:29.530702,4885.66,3303,0
4937,2026-08-26 15:07:29.541491,2780.68,2404,0
6420,2026-08-31 03:45:29.546253,1438.52,3522,0
1558,2026-08-29 05:33:29.530607,1223.07,1560,0
8018,2026-08-30 22:26:29.551738,1093.84,3093,0
1385,2026-08-29 17:48:29.530055,4817.55,3415,0
7106,2026-08-31 16:03:29.548712,3937.87,8117,0
3685,2026-08-28 18:27:29.537476,1926.53,4601,0
6112,2026-08-30 18:03:29.545265,636.9,6258,0
7588,2026-08-30 06:21:29.550344,1044.64,2969,0
4228,2026-08-28 19:47:29.539225,2511.27,3603,0
1777,2026-08-25 21:16:29.531314,3941.47,6177,0
262,2026-08-27 06:15:29.526411,3291.49,7054,0
7770,2026-08-26 00:41:29.550922,4756.25,6707,0
1525,2026-08-30 22:16:29.530503,2654.52,4273,0
5503,2026-08-28 12:22:29.543326,91.98,1516,0
10387,2026-09-01 03:45:29.564659,1000.0,10036,1
2211,2026-08-26 01:21:29.532702,46.5,1628,0
4009,2026-08-25 06:20:29.538522,2061.52,4449,0
1652,2026-08-29 14:34:29.530904,2733.93,3822,0
9703,2026-08-30 23:16:29.557194,373.65,8817,0
9157,2026-08-29 19:38:29.555448,1754.24,1317,0
9379,2026-08-25 10:55:29.556153,2427.25,4979,0
1517,2026-08-30 17:15:29.530478,4552.21,5369,0
6290,2026-08-27 14:39:29.545823,744.75,5874,0
5861,2026-08-28 09:27:29.544460,2087.77,1170,0
5272,2026-08-25 14:49:29.542588,663.15,8695,0
3311,2026-08-26 07:25:29.536285,3551.2,2129,0
8397,2026-08-30 13:49:29.552958,1021.1,8894,0
9816,2026-08-31 20:04:29.557549,3333.66,4283,0
7214,2026-08-25 19:55:29.549087,1227.48,7335,0
4141,2026-08-30 05:53:29.538941,4258.87,3261,0
668,2026-08-26 15:25:29.527719,1937.6,8220,0
3959,2026-08-28 02:53:29.538363,4808.06,1173,0
10232,2026-09-01 03:45:29.564659,1000.0,10031,1
7218,2026-08-25 15:34:29.549101,352.27,8497,0
164,2026-08-26 19:47:29.526104,1415.03,1226,0
4249,2026-08-28 17:54:29.539290,2992.03,2714,0
3731,2026-08-27 04:40:29.537623,1397.77,1199,0
60,2026-08-29 13:12:29.525737,4798.51,8064,0
1721,2026-08-27 15:32:29.531135,3355.36,3685,0
1951,2026-08-31 18:33:29.531866,1539.91,6954,0
4470,2026-08-27 13:43:29.539993,4645.47,3922,0
2293,2026-08-28 22:54:29.532967,1555.34,1118,0
3951,2026-08-31 11:04:29.538338,1225.05,1063,0
8899,2026-08-30 05:57:29.554595,2915.83,1640,0
9374,2026-08-25 19:54:29.556138,1159.87,8399,0
7117,2026-08-25 14:59:29.548750,3390.29,5347,0
7489,2026-08-29 21:53:29.549959,3961.76,8068,0
8529,2026-08-26 04:13:29.553392,1300.11,8639,0
7449,2026-08-26 12:09:29.549827,1677.93,3552,0
4399,2026-09-01 03:32:29.539772,3954.41,2038,0
6672,2026-08-31 03:47:29.547073,473.25,2520,0
5456,2026-08-25 14:32:29.543176,105.31,7916,0
6418,2026-08-28 13:46:29.546246,2694.98,2683,0
2130,2026-08-27 18:52:29.532446,498.83,3175,0
6460,2026-08-28 10:21:29.546385,3500.47,8158,0
2444,2026-08-30 20:15:29.533476,996.03,2326,0
5061,2026-08-28 10:13:29.541883,4297.96,5573,0
585,2026-08-29 05:26:29.527454,782.67,8495,0
4844,2026-08-31 22:01:29.541197,3169.17,2861,0
5390,2026-08-29 20:10:29.542960,4422.83,5969,0
3808,2026-08-28 15:57:29.537867,447.11,8491,0
9608,2026-08-28 06:59:29.556883,4778.26,5384,0
6821,2026-08-29 19:39:29.547546,265.21,4396,0
3656,2026-08-25 08:22:29.537380,4226.36,3282,0
8448,2026-08-25 11:11:29.553137,4345.44,3537,0
9466,2026-08-28 00:01:29.556431,147.58,5143,0
10471,2026-09-01 03:45:29.564659,1000.0,10020,1
2147,2026-08-27 11:34:29.532500,2035.38,8454,0
5180,2026-08-27 15:42:29.542287,896.0,8217,0
4808,2026-08-27 05:41:29.541081,4943.69,7655,0
10378,2026-09-01 03:45:29.564659,1000.0,10027,1
7622,2026-08-27 06:37:29.550452,2195.29,3412,0
8886,2026-08-30 17:52:29.554552,752.94,4961,0
7919,2026-08-31 13:53:29.551428,383.26,7630,0
337,2026-08-28 03:09:29.526648,222.76,6222,0
4829,2026-08-26 09:24:29.541150,1229.86,5184,0
800,2026-09-01 02:42:29.528145,3010.64,5519,0
4841,2026-08-29 21:35:29.541188,2191.04,3915,0
4871,2026-08-25 06:53:29.541281,1881.14,5298,0
5777,2026-08-31 09:22:29.544197,3667.1,3520,0
7479,2026-08-28 21:28:29.549928,1264.76,5783,0
10267,2026-09-01 03:45:29.564659,1000.0,10016,1
9370,2026-08-28 12:42:29.556125,2612.08,3965,0
5662,2026-08-26 14:50:29.543825,4352.46,8514,0
6538,2026-09-01 01:29:29.546634,111.33,1281,0
403,2026-08-26 13:09:29.526858,2395.63,5268,0
5809,2026-08-28 00:00:29.544296,4873.26,2880,0
4460,2026-08-27 19:28:29.539962,1652.12,6458,0
2732,2026-08-31 15:06:29.534419,3239.33,5259,0
9373,2026-08-26 11:13:29.556135,4241.08,5659,0
7001,2026-08-25 14:34:29.548294,4757.66,1856,0
9029,2026-08-26 03:44:29.555007,4092.97,3297,0
7157,2026-08-27 06:18:29.548875,1673.4,8334,0
451,2026-08-28 04:59:29.527008,2557.95,6684,0
3472,2026-08-31 09:49:29.536792,718.42,2482,0
4891,2026-08-30 13:34:29.541344,3075.3,6737,0
3994,2026-08-31 15:16:29.538475,3789.95,5869,0
5540,2026-08-25 06:08:29.543442,189.45,1862,0
9912,2026-08-29 04:48:29.557853,582.03,8518,0
2700,2026-08-26 16:34:29.534318,4627.96,8244,0
2245,2026-08-30 23:03:29.532812,2039.08,5254,0
10379,2026-09-01 03:45:29.564659,1000.0,10028,1
1233,2026-08-31 09:55:29.529557,3815.55,3658,0
4133,2026-08-29 00:06:29.538914,2343.43,3021,0
1231,2026-08-28 13:59:29.529551,2867.17,6033,0
3637,2026-08-27 20:02:29.537321,3040.39,8718,0
9099,2026-08-27 15:54:29.555265,3210.08,2907,0
7744,2026-08-30 02:51:29.550841,3575.7,4124,0
9238,2026-08-25 21:49:29.555702,3068.74,6497,0
6153,2026-08-25 07:18:29.545392,4482.25,4198,0
4533,2026-08-27 09:20:29.540206,768.89,4976,0
9200,2026-08-26 12:44:29.555581,491.11,4621,0
4669,2026-08-29 16:08:29.540636,1235.47,1695,0
3320,2026-08-27 04:56:29.536314,1908.13,7185,0
1094,2026-08-26 11:23:29.529113,3678.15,5519,0
4806,2026-08-26 10:12:29.541075,2594.43,4415,0
6852,2026-08-25 16:37:29.547642,1888.82,8603,0
10230,2026-09-01 03:45:29.564659,1000.0,10029,1
7911,2026-08-31 07:52:29.551403,3292.61,6019,0
1071,2026-08-28 19:14:29.529005,2927.73,6993,0
10127,2026-09-01 03:45:29.564659,1000.0,10026,1
581,2026-08-30 04:32:29.527440,1367.0,8500,0
7810,2026-08-30 07:15:29.551068,3227.21,3032,0
10058,2026-09-01 03:45:29.564659,1000.0,10007,1
10472,2026-09-01 03:45:29.564659,1000.0,10021,1
7020,2026-08-29 09:09:29.548399,2634.24,4428,0
4048,2026-08-28 07:35:29.538643,528.57,2773,0
2512,2026-08-29 03:45:29.533691,2304.14,7414,0
8922,2026-08-26 23:31:29.554666,3758.77,2465,0
2081,2026-08-29 23:37:29.532291,4499.67,4767,0
9038,2026-08-31 12:37:29.555036,2858.14,6458,0
5416,2026-08-26 08:27:29.543053,67.12,8052,0
7678,2026-08-27 06:04:29.550627,3061.73,8068,0
7306,2026-08-31 08:16:29.549377,3222.06,1569,0
6392,2026-08-26 02:16:29.546164,4648.55,2580,0
3911,2026-08-28 01:07:29.538213,3779.95,6971,0
6152,2026-08-29 20:14:29.545389,1369.75,6049,0
8295,2026-08-31 03:51:29.552624,4321.16,6545,0
3843,2026-08-25 07:42:29.537976,2802.43,6178,0
6849,2026-08-27 08:55:29.547633,700.75,6252,0
3956,2026-08-31 07:38:29.538353,4905.24,7732,0
9010,2026-08-29 06:25:29.554947,993.66,1232,0
6151,2026-08-27 21:20:29.545386,4323.89,2378,0
4325,2026-08-26 15:00:29.539535,4820.88,4772,0
1865,2026-08-31 23:26:29.531593,3583.21,8076,0
4712,2026-08-31 03:34:29.540770,4872.11,8574,0
152,2026-08-25 17:48:29.526027,4727.27,5819,0
4614,2026-08-25 06:25:29.540460,1484.59,5048,0
181,2026-09-01 03:09:29.526156,3427.56,3567,0
8701,2026-08-31 22:05:29.553936,435.93,3919,0
7251,2026-08-27 08:17:29.549203,243.59,5476,0
5862,2026-08-25 17:53:29.544463,3407.33,6799,0
3770,2026-08-28 14:08:29.537745,2730.09,2645,0
1634,2026-08-30 04:23:29.530848,3352.86,6720,0
2381,2026-08-25 13:40:29.533275,1185.86,4179,0
7477,2026-08-25 06:50:29.549922,2972.69,3338,0
1649,2026-08-31 07:17:29.530895,214.52,2503,0
7662,2026-08-31 23:11:29.550577,2406.03,2288,0
9972,2026-08-28 20:40:29.558050,1210.03,3705,0
6689,2026-08-26 19:57:29.547128,1673.92,3213,0
3122,2026-08-26 10:47:29.535678,1792.99,7443,0
6982,2026-08-29 08:46:29.548191,4470.94,3616,0
7822,2026-08-29 00:05:29.551120,2489.33,7106,0
9620,2026-08-27 07:41:29.556920,4273.23,8464,0
6135,2026-08-29 21:00:29.545336,2632.22,4966,0
4245,2026-08-28 19:25:29.539278,1451.66,7804,0
9622,2026-08-31 02:02:29.556927,625.16,7109,0
8237,2026-08-31 04:48:29.552441,3919.41,4859,0
9839,2026-08-31 02:45:29.557624,1534.16,5568,0
10035,2026-09-01 03:45:29.564659,1000.0,10034,1
9173,2026-08-30 12:04:29.555497,1798.22,1114,0
7988,2026-08-26 22:14:29.551645,287.89,6143,0
3435,2026-08-31 13:52:29.536674,3097.08,7942,0
2032,2026-08-30 21:17:29.532138,4597.33,7301,0
4305,2026-08-28 01:52:29.539465,1536.29,1734,0
9377,2026-08-29 14:01:29.556147,2912.06,1365,0
2411,2026-08-31 10:47:29.533369,2559.48,5116,0
5576,2026-08-25 14:04:29.543554,4510.93,8434,0
3099,2026-08-31 01:54:29.535604,314.05,2380,0
2417,2026-08-27 02:06:29.533389,433.9,5847,0
8208,2026-08-25 17:38:29.552348,1494.64,1704,0
3434,2026-08-30 03:56:29.536671,3059.2,6791,0
3232,2026-08-31 21:56:29.536026,642.21,4837,0
3902,2026-08-27 05:03:29.538185,3811.73,4302,0
6522,2026-08-29 05:26:29.546582,3101.2,4933,0
4299,2026-08-26 18:49:29.539446,4670.27,4050,0
5584,2026-09-01 02:37:29.543582,4702.62,5450,0
2105,2026-08-31 04:23:29.532368,72.1,6917,0
380,2026-08-27 14:36:29.526783,1014.66,1148,0
1592,2026-08-30 19:25:29.530718,1328.31,1233,0
2532,2026-08-26 22:18:29.533759,4150.51,6468,0
3314,2026-08-31 00:51:29.536295,3370.19,1503,0
8445,2026-08-25 22:47:29.553128,4477.8,7986,0
8802,2026-08-31 23:23:29.554286,3395.98,1148,0
1837,2026-08-31 22:29:29.531502,3324.16,3292,0
6635,2026-08-28 10:58:29.546949,754.8,3414,0
6889,2026-08-29 20:46:29.547760,502.0,6376,0
6343,2026-08-30 19:06:29.545988,2362.15,2092,0
1570,2026-08-28 10:53:29.530644,3206.07,3414,0
3234,2026-08-28 06:07:29.536032,3671.67,8611,0
4502,2026-08-27 05:03:29.540107,1053.86,1049,0
5240,2026-08-31 18:30:29.542483,1574.58,1228,0
1738,2026-08-26 10:49:29.531188,324.12,7090,0
1145,2026-08-30 07:58:29.529278,3782.22,1885,0
2968,2026-08-31 05:09:29.535186,127.28,4103,0
7425,2026-08-27 19:45:29.549752,452.88,5294,0
924,2026-08-29 10:28:29.528538,594.15,2047,0
6042,2026-08-27 21:26:29.545035,2670.61,4928,0
8009,2026-08-28 07:34:29.551710,1908.79,3392,0
8408,2026-08-27 07:27:29.552993,1248.11,4159,0
7090,2026-08-31 12:55:29.548662,4194.12,7295,0
4952,2026-08-29 07:59:29.541538,355.53,5851,0
745,2026-08-30 15:16:29.527963,493.52,6849,0
2466,2026-08-30 15:33:29.533545,4697.02,1033,0
7659,2026-08-25 16:57:29.550568,327.97,7922,0
8933,2026-08-27 16:08:29.554700,3143.01,3339,0
7277,2026-08-27 10:15:29.549284,1095.28,5599,0
5484,2026-09-01 00:10:29.543265,2946.56,7414,0
8059,2026-08-29 19:17:29.551869,2077.63,5481,0
8929,2026-08-25 22:57:29.554688,269.76,8068,0
8441,2026-08-26 10:47:29.553115,1490.29,6586,0
1632,2026-08-31 11:38:29.530842,3223.93,6550,0
6733,2026-08-25 10:05:29.547265,4800.22,8860,0
5234,2026-08-31 10:46:29.542462,1985.4,1492,0
8646,2026-08-27 15:36:29.553764,4644.71,2604,0
5466,2026-08-29 23:37:29.543209,3740.91,7616,0
8143,2026-08-26 04:14:29.552144,2249.95,5335,0
4629,2026-08-25 19:12:29.540507,757.45,2849,0
3059,2026-08-29 07:57:29.535478,1230.47,6883,0
7439,2026-08-26 19:34:29.549796,4395.87,8951,0
5611,2026-08-26 03:53:29.543667,1577.62,3156,0
8724,2026-08-26 00:12:29.554007,3268.53,4345,0
10033,2026-09-01 03:45:29.564659,1000.0,10032,1
4605,2026-08-29 03:33:29.540432,4052.28,2526,0
5886,2026-08-25 22:43:29.544537,4437.24,6858,0
7598,2026-08-30 04:11:29.550375,1217.32,2311,0
2113,2026-08-31 11:43:29.532393,3236.14,3233,0
9571,2026-08-26 13:56:29.556765,2058.8,2659,0
8601,2026-08-31 01:43:29.553621,479.2,7337,0
7535,2026-08-28 19:07:29.550178,1757.68,5549,0
2340,2026-08-30 05:53:29.533144,430.86,4194,0
8465,2026-08-28 07:22:29.553190,879.93,8149,0
232,2026-08-25 19:45:29.526316,4866.19,1972,0
6653,2026-09-01 02:55:29.547004,2110.44,8946,0
6953,2026-08-29 19:27:29.548018,2960.62,4632,0
9419,2026-09-01 01:18:29.556281,719.36,6012,0
4233,2026-08-26 13:45:29.539240,4591.73,7996,0
9439,2026-08-30 17:17:29.556344,1880.48,2689,0
4200,2026-08-27 13:57:29.539135,4902.28,8911,0
9414,2026-08-29 06:18:29.556266,4177.93,1709,0
9351,2026-08-29 06:29:29.556066,1583.16,3513,0
5231,2026-08-28 12:32:29.542451,306.01,5239,0
1334,2026-08-31 15:05:29.529881,4211.84,1554,0
4984,2026-08-26 19:31:29.541638,1880.52,8500,0
9895,2026-08-26 16:32:29.557800,1489.95,8028,0
7204,2026-08-27 04:08:29.549024,636.91,7137,0
3613,2026-08-29 22:47:29.537243,3243.47,4739,0
956,2026-09-01 03:08:29.528638,884.33,6932,0
1328,2026-08-29 21:01:29.529860,4610.03,3244,0
8394,2026-08-26 03:53:29.552937,4345.31,2508,0
1208,2026-08-25 16:56:29.529480,3780.48,2499,0
868,2026-08-26 08:16:29.528360,3133.93,7552,0
2146,2026-08-31 15:45:29.532497,2334.35,1791,0
8104,2026-08-30 18:12:29.552009,4089.44,3915,0
6823,2026-08-27 15:01:29.547552,289.0,1319,0
7903,2026-08-27 01:58:29.551378,2151.68,3730,0
6086,2026-08-26 17:24:29.545182,2422.34,2074,0
2192,2026-08-26 03:21:29.532643,451.95,3499,0
5853,2026-08-28 05:23:29.544435,327.46,6885,0
9230,2026-08-30 12:47:29.555675,3334.74,5088,0
1120,2026-08-28 02:31:29.529200,4867.02,4583,0
5041,2026-08-30 18:08:29.541820,3147.82,4929,0
582,2026-08-30 00:12:29.527443,2739.43,8872,0
5783,2026-08-25 18:00:29.544215,47.73,3147,0
502,2026-08-31 11:34:29.527188,3264.51,4269,0
3242,2026-08-27 03:49:29.536066,2896.98,3083,0
3444,2026-08-31 06:23:29.536702,4538.65,8684,0
8804,2026-08-30 23:14:29.554292,3241.94,8090,0
8479,2026-08-31 09:59:29.553236,2108.61,1489,0
2428,2026-08-27 00:32:29.533423,1696.55,5002,0
10489,2026-09-01 03:45:29.564659,1000.0,10038,1
443,2026-08-30 08:59:29.526983,240.83,4555,0
1737,2026-08-31 17:35:29.531185,2455.35,8456,0
9049,2026-08-26 12:03:29.555106,740.83,6518,0
8245,2026-08-26 04:20:29.552466,4812.52,6567,0
4979,2026-08-28 23:51:29.541622,4471.92,6454,0
9484,2026-08-30 17:41:29.556487,3155.76,3728,0
7171,2026-08-29 00:29:29.548918,3178.76,3872,0
820,2026-08-29 12:16:29.528211,84.95,3966,0
6264,2026-08-30 01:20:29.545743,2476.91,6206,0
1438,2026-08-27 23:28:29.530229,1337.56,4004,0
10400,2026-09-01 03:45:29.564659,1000.0,9999,1
3811,2026-08-26 16:07:29.537876,2928.99,3208,0
6717,2026-08-26 00:37:29.547216,4399.64,8038,0
4673,2026-08-31 01:29:29.540648,1262.42,7231,0
5081,2026-08-27 00:15:29.541947,2782.6,6643,0
9147,2026-08-26 06:21:29.555414,4138.7,1548,0
6588,2026-08-27 23:37:29.546793,1529.09,7253,0
6441,2026-08-25 17:16:29.546322,3023.08,4031,0
41,2026-08-31 04:25:29.525674,3569.16,1987,0
2053,2026-08-28 22:30:29.532204,4216.19,1598,0
3765,2026-08-30 01:48:29.537730,2640.58,8662,0
3319,2026-08-28 09:15:29.536311,1559.78,2392,0
1998,2026-08-31 08:12:29.532013,2038.52,7209,0
471,2026-08-26 10:52:29.527082,602.51,4076,0
3743,2026-08-27 11:18:29.537661,3870.23,8686,0
3903,2026-08-31 03:55:29.538188,567.89,8761,0
8787,2026-08-27 19:54:29.554239,3246.9,5188,0
9563,2026-08-29 12:05:29.556739,3417.94,7739,0
6061,2026-08-30 06:10:29.545103,1516.82,8388,0
1607,2026-08-28 01:58:29.530764,3505.65,5949,0
9081,2026-08-31 07:58:29.555209,2862.3,5322,0
10003,2026-09-01 03:45:29.564659,1000.0,10002,1
9720,2026-08-28 19:44:29.557247,3929.77,3096,0
4046,2026-08-25 10:10:29.538637,3250.49,2465,0
877,2026-08-28 22:23:29.528388,2475.4,6272,0
5259,2026-08-27 12:57:29.542548,2947.23,5993,0
6034,2026-08-27 01:07:29.545010,853.17,1258,0
10087,2026-09-01 03:45:29.564659,1000.0,10036,1
7008,2026-08-26 16:58:29.548333,4364.15,8507,0
2677,2026-08-30 05:56:29.534243,3305.51,7029,0
5413,2026-08-30 17:56:29.543034,57.17,2629,0
10206,2026-09-01 03:45:29.564659,1000.0,10005,1
7348,2026-08-29 01:29:29.549508,973.86,3425,0
8040,2026-08-31 23:34:29.551806,3807.59,7573,0
1217,2026-08-28 18:12:29.529508,3146.13,7704,0
3330,2026-08-26 01:50:29.536345,1514.62,6526,0
8774,2026-08-29 02:15:29.554197,3450.02,3685,0
6422,2026-08-29 21:30:29.546259,1355.85,3991,0
596,2026-08-29 22:09:29.527489,1102.85,8025,0
8327,2026-09-01 03:45:29.552726,4039.76,3640,0
10141,2026-09-01 03:45:29.564659,1000.0,10040,1
2745,2026-08-27 09:46:29.534461,51.28,4564,0
691,2026-08-26 16:58:29.527792,1049.8,2544,0
2669,2026-08-31 08:21:29.534218,1308.58,8944,0
8419,2026-08-27 05:41:29.553028,4746.43,4688,0
10359,2026-09-01 03:45:29.564659,1000.0,10008,1
8116,2026-08-29 10:30:29.552055,4799.74,2278,0
2733,2026-08-25 10:34:29.534422,4055.22,2334,0
6950,2026-08-25 14:10:29.548002,3180.75,8250,0
8607,2026-08-29 16:50:29.553639,1520.95,8880,0
6659,2026-08-27 00:00:29.547023,2413.97,6889,0
1491,2026-08-30 18:56:29.530394,3506.61,1003,0
2816,2026-08-29 14:05:29.534687,3800.92,7970,0
2346,2026-08-27 19:16:29.533163,10.4,1128,0
2114,2026-08-25 20:58:29.532396,4912.47,2631,0
4702,2026-08-25 10:17:29.540739,1331.73,7845,0
770,2026-08-30 01:24:29.528052,2460.84,3784,0
8183,2026-08-26 01:04:29.552269,4060.29,4125,0
5992,2026-08-25 16:49:29.544877,1215.59,7331,0
4379,2026-08-27 12:07:29.539706,2039.07,7125,0
2634,2026-08-29 14:58:29.534108,1483.23,1764,0
2221,2026-08-30 12:12:29.532735,2169.17,8893,0
840,2026-08-27 11:05:29.528273,2376.08,5189,0
9345,2026-08-29 17:02:29.556038,2465.64,6427,0
4580,2026-08-29 02:50:29.540354,2005.41,4388,0
3791,2026-08-25 08:11:29.537812,2500.74,4569,0
577,2026-08-26 13:03:29.527427,4119.27,7858,0
5912,2026-08-30 16:21:29.544620,599.99,1680,0
3218,2026-08-27 11:52:29.535983,714.06,6988,0
6158,2026-08-26 18:28:29.545408,3065.63,7585,0
6630,2026-08-30 06:43:29.546933,1772.51,5073,0
3562,2026-08-31 11:28:29.537084,1827.1,8449,0
8347,2026-08-30 19:01:29.552788,4342.04,3584,0
1805,2026-08-30 00:43:29.531402,1367.08,3399,0
9180,2026-08-27 15:21:29.555519,4568.55,3233,0
9989,2026-08-30 12:04:29.558104,4086.32,6685,0
3187,2026-08-28 14:38:29.535884,559.24,7179,0
9321,2026-08-30 21:23:29.555963,2840.87,7946,0
1306,2026-08-27 06:52:29.529791,3488.74,5889,0
3375,2026-08-29 09:44:29.536488,3670.86,5795,0
1285,2026-08-31 00:37:29.529726,1414.77,8746,0
7038,2026-08-29 03:23:29.548501,4083.83,6052,0
9838,2026-08-28 23:50:29.557620,4980.83,4217,0
8637,2026-08-30 02:49:29.553733,573.73,8483,0
7596,2026-08-31 13:18:29.550369,2979.06,1071,0
8923,2026-08-26 11:38:29.554669,1652.05,4164,0
1166,2026-08-29 07:34:29.529347,2846.44,4259,0
8239,2026-08-28 13:43:29.552448,4894.64,2049,0
7808,2026-08-27 14:06:29.551061,174.38,7684,0
87,2026-08-28 02:31:29.525822,3745.31,1043,0
2585,2026-08-30 06:00:29.533926,381.44,7252,0
6366,2026-08-31 01:59:29.546082,3593.36,3633,0
1359,2026-08-25 20:49:29.529959,143.51,1896,0
4188,2026-08-29 21:20:29.539097,1164.07,8934,0
5512,2026-08-26 19:21:29.543354,1016.55,6250,0
5631,2026-08-28 18:12:29.543729,2156.19,6595,0
8424,2026-08-30 05:50:29.553061,2521.28,7540,0
8127,2026-08-26 01:08:29.552090,690.27,7954,0
5415,2026-08-30 13:15:29.543049,2227.79,4165,0
628,2026-08-31 17:34:29.527590,4619.57,1204,0
4796,2026-08-30 03:01:29.541035,141.93,2727,0
6925,2026-08-28 16:49:29.547883,2496.18,6680,0
8051,2026-08-28 02:39:29.551844,2472.52,8299,0
4570,2026-08-31 21:58:29.540323,2490.52,6141,0
8672,2026-08-27 05:53:29.553845,4142.87,4556,0
418,2026-08-31 19:51:29.526905,939.74,8994,0
1608,2026-08-31 20:37:29.530767,1288.96,3846,0
7332,2026-08-28 18:10:29.549458,1218.05,1723,0
6550,2026-08-26 23:17:29.546671,4525.77,7276,0
9808,2026-08-26 12:20:29.557524,4695.15,4669,0
1914,2026-08-30 00:20:29.531748,2467.08,7567,0
6417,2026-08-28 01:13:29.546242,3146.55,1344,0
2986,2026-08-26 01:02:29.535242,2373.01,6042,0
1424,2026-08-25 12:29:29.530186,3317.35,2968,0
7898,2026-08-28 18:20:29.551362,3526.7,7156,0
1241,2026-08-30 12:41:29.529582,108.46,7109,0
1343,2026-09-01 01:06:29.529909,2776.83,4541,0
8303,2026-08-26 00:43:29.552652,3707.52,4734,0
1594,2026-08-26 01:03:29.530724,3151.32,7459,0
795,2026-08-27 17:01:29.528130,3977.49,2662,0
7848,2026-08-28 18:11:29.551204,1017.14,1876,0
2063,2026-08-28 23:16:29.532235,930.64,3776,0
2292,2026-08-27 00:36:29.532964,817.43,1284,0
1059,2026-08-30 18:05:29.528967,128.07,5367,0
791,2026-08-29 07:49:29.528117,2539.81,3173,0
4761,2026-08-28 09:26:29.540926,2972.89,1025,0
2239,2026-08-29 19:32:29.532794,4796.29,6426,0
2688,2026-08-29 01:13:29.534278,3535.66,2739,0
9944,2026-08-28 00:19:29.557955,2092.06,4138,0
7223,2026-08-28 08:09:29.549116,1622.26,2612,0
9151,2026-08-26 10:09:29.555429,1080.05,2571,0
3136,2026-08-31 14:03:29.535724,1457.67,1539,0
5198,2026-08-26 01:53:29.542343,2728.2,8141,0
9117,2026-08-29 14:11:29.555320,952.5,4182,0
9199,2026-08-25 14:00:29.555578,1171.12,4310,0
6511,2026-08-28 19:08:29.546545,3958.23,4841,0
753,2026-08-27 23:57:29.527988,1368.46,5007,0
8324,2026-08-31 19:47:29.552717,1374.62,5683,0
6700,2026-08-25 08:49:29.547163,3339.45,6314,0
3447,2026-08-28 18:34:29.536712,3376.72,7865,0
7066,2026-08-29 04:09:29.548588,1909.5,5615,0
2912,2026-08-29 16:01:29.534995,3863.2,1964,0
2960,2026-08-28 06:37:29.535161,3015.89,6386,0
2334,2026-08-26 04:13:29.533125,2208.96,3955,0
8669,2026-08-26 21:45:29.553836,1641.24,8610,0
6239,2026-08-26 15:41:29.545663,3255.09,6964,0
2350,2026-08-25 08:00:29.533178,1404.0,3470,0
867,2026-08-25 17:20:29.528357,1180.3,4896,0
3247,2026-08-31 08:43:29.536082,1355.69,6832,0
4835,2026-08-25 10:57:29.541169,1375.06,4973,0
7079,2026-08-31 06:32:29.548628,2919.52,4712,0
8558,2026-08-29 16:54:29.553485,4648.62,2077,0
4885,2026-08-29 12:42:29.541325,4416.05,5006,0
8589,2026-08-26 19:19:29.553583,2752.99,6304,0
9235,2026-08-31 15:19:29.555693,1873.98,7033,0
8384,2026-08-27 23:42:29.552903,986.89,6463,0
6626,2026-08-25 17:48:29.546918,4629.13,4999,0
10282,2026-09-01 03:45:29.564659,1000.0,10031,1
491,2026-08-28 21:56:29.527151,3855.78,7200,0
3800,2026-08-30 05:27:29.537842,2225.73,8993,0
1762,2026-08-25 07:09:29.531266,4222.7,7416,0
1068,2026-08-27 07:07:29.528995,1268.47,3030,0
2781,2026-08-26 08:34:29.534578,3661.83,5850,0
1759,2026-08-25 18:22:29.531257,4265.48,4590,0
1450,2026-08-26 12:23:29.530266,4383.76,8138,0
10392,2026-09-01 03:45:29.564659,1000.0,10041,1
7113,2026-08-30 12:09:29.548737,2591.08,5118,0
8482,2026-08-26 07:33:29.553245,2701.72,3829,0
6648,2026-08-26 02:42:29.546989,2613.81,4837,0
7691,2026-08-29 16:26:29.550667,415.38,3702,0
5408,2026-08-26 03:45:29.543016,2809.62,1115,0
915,2026-08-28 15:21:29.528510,383.45,8624,0
7642,2026-08-27 19:57:29.550514,389.42,1662,0
132,2026-08-26 09:54:29.525963,3580.9,7586,0
5279,2026-08-29 12:32:29.542610,1713.02,6540,0
4507,2026-08-27 16:27:29.540123,4916.83,8284,0
8996,2026-08-29 16:35:29.554903,664.34,3552,0
4548,2026-08-30 10:31:29.540252,4045.49,6573,0
4169,2026-08-31 04:11:29.539028,2044.84,7918,0
343,2026-08-29 06:48:29.526667,1035.79,6130,0
8542,2026-08-25 15:18:29.553433,1276.19,6788,0
4400,2026-08-27 10:54:29.539775,4096.23,2246,0
7060,2026-08-29 08:07:29.548569,1884.9,3920,0
1482,2026-08-31 20:29:29.530366,4213.41,8710,0
9109,2026-08-30 10:54:29.555296,4804.29,3796,0
3034,2026-08-27 11:46:29.535395,4137.55,7024,0
4567,2026-08-26 02:01:29.540314,3157.96,1584,0
8641,2026-08-26 14:18:29.553748,2994.36,2128,0
2093,2026-08-31 05:00:29.532328,1388.63,4405,0
2186,2026-08-26 08:14:29.532624,2560.53,2837,0
6527,2026-08-26 19:51:29.546598,3594.92,7220,0
10208,2026-09-01 03:45:29.564659,1000.0,10007,1
5030,2026-08-27 16:23:29.541785,51.8,6696,0
10189,2026-09-01 03:45:29.564659,1000.0,10038,1
8039,2026-08-30 21:18:29.551803,354.57,8272,0
1986,2026-08-27 04:46:29.531975,3800.6,5537,0
889,2026-08-26 11:45:29.528426,671.16,4275,0
8535,2026-08-29 11:25:29.553411,1751.9,3159,0
9871,2026-08-29 11:04:29.557725,4789.5,2096,0
834,2026-08-30 12:19:29.528254,1158.39,5544,0
6585,2026-08-27 13:01:29.546784,616.45,3208,0
4617,2026-08-27 11:18:29.540469,3271.25,7349,0
9091,2026-08-25 21:20:29.555240,619.72,2935,0
2435,2026-08-31 06:03:29.533448,1165.09,6661,0
10069,2026-09-01 03:45:29.564659,1000.0,10018,1
3023,2026-08-29 16:05:29.535358,1798.74,4963,0
2250,2026-08-26 23:45:29.532830,3943.67,8620,0
8525,2026-08-27 01:01:29.553379,4754.66,7329,0
8390,2026-08-28 17:05:29.552925,892.23,3254,0
2578,2026-08-29 01:32:29.533905,2114.69,8173,0
2691,2026-08-26 06:38:29.534290,288.45,7726,0
6854,2026-08-29 05:35:29.547649,4523.97,8826,0
10386,2026-09-01 03:45:29.564659,1000.0,10035,1
602,2026-08-28 20:20:29.527508,2525.78,4348,0
3583,2026-08-28 06:52:29.537150,893.08,6368,0
7635,2026-08-27 10:41:29.550492,3562.79,1297,0
1888,2026-08-27 16:46:29.531666,2880.85,5537,0
5162,2026-08-28 06:41:29.542226,4583.69,4506,0
7721,2026-09-01 02:37:29.550767,1909.75,2389,0
5454,2026-08-26 17:15:29.543170,4483.15,3820,0
8518,2026-08-26 22:56:29.553357,2157.5,6455,0
7637,2026-08-25 08:36:29.550499,1540.91,5970,0
7461,2026-08-28 22:18:29.549871,789.9,2239,0
10073,2026-09-01 03:45:29.564659,1000.0,10022,1
4438,2026-08-26 22:53:29.539894,808.89,8878,0
9209,2026-08-27 08:54:29.555609,3674.41,5251,0
2365,2026-08-29 17:54:29.533226,139.77,2598,0
9347,2026-08-27 02:48:29.556054,3306.81,3460,0
1702,2026-08-30 19:24:29.531076,3181.78,7198,0
7333,2026-08-29 06:45:29.549462,4631.84,7309,0
68,2026-08-31 07:19:29.525762,1487.19,8490,0
7422,2026-08-31 19:23:29.549743,3758.79,4244,0
9342,2026-08-26 01:11:29.556029,3221.42,1590,0
6742,2026-08-28 21:38:29.547293,616.89,4600,0
8165,2026-08-29 11:23:29.552213,2092.35,3040,0
9295,2026-09-01 03:36:29.555880,2168.59,8559,0
7624,2026-08-25 23:00:29.550458,572.89,6357,0
1668,2026-08-26 16:40:29.530954,2378.82,3850,0
3597,2026-08-28 02:03:29.537193,34.2,3886,0
1822,2026-08-29 12:24:29.531455,2106.81,4785,0
395,2026-08-25 09:57:29.526833,4124.02,5338,0
3326,2026-08-29 05:02:29.536332,3744.08,6231,0
4320,2026-08-25 08:11:29.539520,1374.45,1913,0
2143,2026-08-30 18:34:29.532488,365.53,4062,0
4041,2026-08-26 14:17:29.538621,1442.4,7360,0
142,2026-08-31 22:28:29.525996,1838.65,6185,0
1830,2026-08-29 16:24:29.531480,1221.46,5544,0
6985,2026-08-26 18:10:29.548207,4367.21,8072,0
3569,2026-08-25 15:36:29.537106,317.11,2642,0
6246,2026-08-29 08:12:29.545684,1283.76,8627,0
6685,2026-08-27 10:38:29.547113,3908.95,4755,0
4873,2026-09-01 02:51:29.541287,4350.69,3192,0
2022,2026-08-25 23:23:29.532107,1877.94,5323,0
7940,2026-08-28 02:45:29.551493,1721.16,3944,0
7507,2026-08-30 21:17:29.550025,2281.42,7178,0
9559,2026-08-29 20:12:29.556727,2227.59,2646,0
5849,2026-08-25 06:22:29.544423,3855.22,8037,0
2581,2026-08-27 06:59:29.533914,2463.88,6925,0
9643,2026-08-26 13:59:29.556994,1943.02,5983,0
5731,2026-08-27 13:22:29.544052,2912.53,8502,0
9337,2026-08-27 14:24:29.556013,1769.81,8359,0
8597,2026-08-25 08:27:29.553608,3689.94,3700,0
9006,2026-08-27 11:23:29.554935,3703.81,2638,0
7722,2026-08-28 12:18:29.550770,3635.35,3431,0
6133,2026-08-30 05:11:29.545330,293.09,5058,0
9221,2026-08-29 00:42:29.555647,1635.55,2283,0
7045,2026-08-25 23:17:29.548523,4059.05,6264,0
4927,2026-08-28 07:02:29.541460,1937.99,8638,0
6757,2026-08-29 12:47:29.547340,4797.89,4470,0
8422,2026-08-31 23:26:29.553037,4821.97,2047,0
9168,2026-08-30 06:31:29.555482,223.96,7442,0
10119,2026-09-01 03:45:29.564659,1000.0,10018,1
7729,2026-08-25 13:49:29.550794,3932.9,1588,0
9878,2026-08-26 19:50:29.557747,421.44,5257,0
8439,2026-08-27 11:19:29.553109,2468.67,5454,0
2707,2026-08-26 20:31:29.534340,1022.05,5124,0
8392,2026-08-29 17:58:29.552931,4393.0,8445,0
5347,2026-08-30 20:16:29.542824,1909.58,8881,0
10448,2026-09-01 03:45:29.564659,1000.0,10047,1
9835,2026-08-31 23:42:29.557611,2227.03,6188,0
260,2026-08-27 00:20:29.526404,4516.66,4062,0
2262,2026-08-31 17:40:29.532867,2273.6,3512,0
10274,2026-09-01 03:45:29.564659,1000.0,10023,1
10366,2026-09-01 03:45:29.564659,1000.0,10015,1
4431,2026-08-26 17:16:29.539872,4064.27,7169,0
2837,2026-08-27 18:59:29.534756,2968.58,3684,0
95,2026-09-01 01:16:29.525847,2778.73,7740,0
6878,2026-08-29 02:09:29.547726,4756.08,5550,0
2491,2026-08-27 04:04:29.533624,2532.41,2039,0
9934,2026-08-26 09:01:29.557924,129.19,7953,0
6907,2026-08-26 10:55:29.547816,1449.65,5531,0
1363,2026-09-01 02:51:29.529971,3229.73,5672,0
2224,2026-08-26 11:10:29.532745,876.88,3188,0
141,2026-08-26 02:13:29.525993,772.31,3185,0
9774,2026-08-27 20:45:29.557418,2690.1,4838,0
5806,2026-08-27 18:29:29.544286,1121.97,3041,0
1318,2026-08-30 09:44:29.529829,1562.95,5264,0
5377,2026-08-25 10:53:29.542919,3779.41,7479,0
4069,2026-08-25 17:01:29.538711,195.86,4179,0
8122,2026-08-28 23:32:29.552074,105.37,7234,0
3420,2026-08-29 16:19:29.536627,2458.39,6041,0
6177,2026-08-29 03:47:29.545469,4032.23,6584,0
2810,2026-08-29 11:00:29.534669,1805.95,1991,0
7573,2026-08-31 13:41:29.550297,3378.68,7112,0
4478,2026-08-27 04:40:29.540021,2538.54,4939,0
8887,2026-08-29 22:14:29.554555,2400.73,7691,0
10002,2026-09-01 03:45:29.564659,1000.0,10001,1
1421,2026-08-30 23:34:29.530176,424.69,6372,0
8105,2026-08-28 01:21:29.552012,4744.65,6159,0
5233,2026-08-28 06:14:29.542458,1327.91,5809,0
7999,2026-08-26 20:50:29.551679,398.12,5229,0
8467,2026-08-31 18:49:29.553196,3715.94,4718,0
9572,2026-08-29 07:05:29.556769,4936.35,3821,0
9405,2026-08-26 11:07:29.556235,4599.22,1806,0
6023,2026-08-25 14:52:29.544976,878.31,5028,0
8366,2026-09-01 01:06:29.552847,96.56,6814,0
223,2026-08-28 21:17:29.526287,682.0,4963,0
3701,2026-08-27 05:00:29.537526,3039.55,2101,0
6008,2026-08-27 11:43:29.544929,462.32,5822,0
5658,2026-08-28 09:45:29.543813,551.41,6547,0
3489,2026-09-01 00:23:29.536845,1118.24,3840,0
9135,2026-08-28 21:59:29.555377,882.35,6007,0
1369,2026-08-28 17:10:29.529990,1985.48,8951,0
4988,2026-08-28 22:13:29.541653,92.71,1611,0
2395,2026-08-25 05:59:29.533319,700.85,2076,0
6844,2026-08-25 09:43:29.547617,3192.5,6654,0
129,2026-08-29 02:13:29.525954,2222.93,7016,0
3962,2026-08-28 08:00:29.538372,2472.11,7539,0
1013,2026-08-28 22:16:29.528820,2401.26,6045,0
9658,2026-08-25 16:14:29.557049,2607.01,2393,0
3505,2026-08-27 15:35:29.536895,2645.91,8971,0
6125,2026-08-27 11:05:29.545305,3723.95,4900,0
3335,2026-08-29 16:45:29.536360,2444.41,6272,0
4248,2026-08-27 03:13:29.539287,363.94,8918,0
4372,2026-08-27 01:15:29.539685,3390.65,5212,0
8298,2026-08-30 12:18:29.552633,3470.11,1346,0
2812,2026-08-27 17:49:29.534675,1644.4,7338,0
3914,2026-09-01 03:21:29.538222,4876.91,5628,0
4340,2026-08-28 10:57:29.539583,692.01,7082,0
7994,2026-08-30 13:41:29.551664,1386.01,6243,0
8302,2026-08-29 22:36:29.552648,989.01,5016,0
1349,2026-08-25 12:39:29.529928,4110.86,5305,0
10322,2026-09-01 03:45:29.564659,1000.0,10021,1
5474,2026-08-25 09:28:29.543234,3342.97,7483,0
7027,2026-08-26 07:06:29.548440,3981.01,4499,0
1591,2026-08-29 06:55:29.530715,1145.29,3511,0
1124,2026-08-28 02:26:29.529213,1232.14,1853,0
4477,2026-08-31 08:45:29.540018,3826.39,7504,0
943,2026-08-30 21:20:29.528598,1532.38,6002,0
8808,2026-08-25 16:07:29.554305,509.81,5581,0
1836,2026-08-27 13:24:29.531499,4346.87,2808,0
739,2026-08-29 02:32:29.527944,3394.85,1738,0
10024,2026-09-01 03:45:29.564659,1000.0,10023,1
6143,2026-08-28 10:15:29.545361,2824.43,8975,0
2721,2026-08-31 19:12:29.534384,551.77,4705,0
10239,2026-09-01 03:45:29.564659,1000.0,10038,1
6229,2026-08-27 13:38:29.545631,2451.54,1704,0
869,2026-08-28 11:05:29.528363,599.62,7020,0
9879,2026-08-27 04:22:29.557750,2783.89,1708,0
7123,2026-08-26 13:38:29.548768,3659.53,3954,0
8742,2026-08-29 12:04:29.554097,3994.73,2702,0
401,2026-08-29 09:25:29.526852,4398.06,8780,0
8370,2026-08-29 00:01:29.552860,4896.62,5651,0
281,2026-08-26 23:23:29.526470,2975.27,5318,0
8222,2026-08-27 10:09:29.552395,116.99,6883,0
7149,2026-08-31 03:44:29.548850,3369.01,6378,0
1151,2026-08-29 18:07:29.529297,3208.25,6520,0
3893,2026-08-31 09:01:29.538157,2042.81,2211,0
2727,2026-08-27 01:19:29.534403,3301.86,5487,0
9155,2026-08-26 00:16:29.555441,1983.57,2085,0
7794,2026-08-26 14:34:29.550999,4779.61,6515,0
8526,2026-08-29 12:56:29.553382,2709.89,6491,0
4166,2026-08-30 18:50:29.539019,3617.44,5313,0
603,2026-08-31 05:43:29.527511,4855.06,4765,0
768,2026-08-27 22:20:29.528036,3171.64,1422,0
4971,2026-08-29 15:38:29.541597,1124.54,6089,0
7441,2026-08-29 10:31:29.549802,4119.28,2148,0
2668,2026-08-29 16:09:29.534214,2152.61,8407,0
8665,2026-08-30 21:28:29.553823,3558.94,2822,0
3032,2026-08-25 10:40:29.535389,4351.64,8280,0
6191,2026-08-30 11:33:29.545513,3152.99,3435,0
7118,2026-08-31 05:34:29.548753,2733.02,1759,0
3452,2026-08-31 06:09:29.536727,2638.19,2551,0
6666,2026-08-25 08:08:29.547054,64.01,4337,0
368,2026-08-28 18:15:29.526746,1911.35,6191,0
927,2026-08-26 14:07:29.528548,4965.27,4184,0
8212,2026-08-26 14:37:29.552360,4690.13,5150,0
6718,2026-08-27 18:01:29.547219,2059.75,4764,0
9819,2026-08-25 17:13:29.557559,2703.41,4756,0
5051,2026-08-30 04:34:29.541852,4477.27,2733,0
7257,2026-08-28 16:31:29.549222,4117.6,8616,0
9292,2026-08-28 03:48:29.555870,3935.27,4660,0
4839,2026-08-29 22:06:29.541181,2219.24,8263,0
8277,2026-08-28 07:33:29.552568,2350.93,8978,0
8403,2026-08-28 16:14:29.552977,758.05,1707,0
6117,2026-08-27 00:15:29.545280,3463.34,6731,0
6082,2026-08-26 08:57:29.545169,3610.19,8074,0
4149,2026-08-27 20:37:29.538966,4407.37,3757,0
6600,2026-08-25 18:14:29.546836,3249.46,1765,0
3491,2026-08-30 11:56:29.536851,2126.65,7804,0
4544,2026-08-28 12:32:29.540240,1095.33,8566,0
3623,2026-08-29 01:10:29.537274,4118.18,3049,0
5768,2026-08-30 08:52:29.544169,642.96,5348,0
7757,2026-08-30 23:45:29.550882,4232.24,5382,0
4788,2026-08-31 22:26:29.541010,926.33,8936,0
4353,2026-08-30 00:05:29.539625,2498.9,6469,0
1923,2026-08-30 18:08:29.531776,1710.47,7653,0
1177,2026-08-31 03:58:29.529383,143.95,1857,0
7565,2026-08-28 04:51:29.550272,1758.85,4718,0
507,2026-08-29 06:24:29.527204,145.81,4694,0
2706,2026-08-31 04:03:29.534337,2731.76,5185,0
1868,2026-08-25 12:34:29.531603,1649.63,4210,0
651,2026-08-27 11:08:29.527666,2676.57,3367,0
6705,2026-08-27 01:09:29.547178,2162.23,3538,0
2994,2026-08-26 02:56:29.535267,358.6,4814,0
3147,2026-08-28 21:35:29.535759,1072.0,4176,0
8228,2026-08-25 12:32:29.552413,2076.53,4063,0
10191,2026-09-01 03:45:29.564659,1000.0,10040,1
6255,2026-08-29 06:32:29.545712,858.29,8069,0
505,2026-08-26 18:56:29.527197,1225.98,8934,0
4924,2026-08-27 14:06:29.541450,1947.7,1784,0
9974,2026-08-31 04:52:29.558057,297.11,5812,0
5349,2026-08-26 17:09:29.542831,1879.65,4780,0
4035,2026-08-30 12:03:29.538603,1386.9,3504,0
7676,2026-08-31 22:54:29.550621,3231.37,3922,0
2124,2026-08-25 16:27:29.532427,245.63,5848,0
282,2026-08-26 03:25:29.526473,327.4,4516,0
3467,2026-08-26 06:22:29.536776,3461.93,7523,0
8011,2026-08-29 09:21:29.551717,2824.07,3339,0
8699,2026-08-31 21:07:29.553929,3738.05,7000,0
4631,2026-08-29 16:13:29.540513,1485.05,8126,0
8819,2026-08-26 11:37:29.554342,2981.94,1247,0
5958,2026-08-26 02:16:29.544769,1089.5,3007,0
7712,2026-08-29 21:09:29.550736,1641.93,7638,0
2331,2026-08-26 14:40:29.533116,742.46,6767,0
8729,2026-08-26 07:06:29.554037,2558.77,4790,0
8957,2026-08-27 17:41:29.554778,1594.97,8396,0
6951,2026-08-31 11:46:29.548008,2359.65,3080,0
6410,2026-08-25 08:02:29.546220,1740.07,8723,0
9926,2026-09-01 03:32:29.557899,1314.63,8976,0
3812,2026-08-29 15:04:29.537880,1116.79,8761,0
3067,2026-08-27 23:37:29.535503,1166.32,3035,0
2679,2026-08-31 10:32:29.534249,2930.17,7286,0
8221,2026-08-29 03:23:29.552392,4962.47,2611,0
10423,2026-09-01 03:45:29.564659,1000.0,10022,1
7283,2026-08-27 17:03:29.549306,1198.52,1526,0
2027,2026-08-31 01:57:29.532122,583.7,1300,0
5717,2026-08-28 06:48:29.543999,2724.31,7516,0
2934,2026-08-30 01:33:29.535076,1884.74,8171,0
1734,2026-08-31 07:48:29.531176,659.89,6966,0
6055,2026-08-30 06:14:29.545084,3623.0,5546,0
3440,2026-08-31 23:52:29.536690,2140.19,6700,0
7322,2026-08-30 23:29:29.549427,4431.48,7372,0
102,2026-08-29 14:01:29.525869,2974.95,8398,0
8598,2026-08-27 05:13:29.553611,4999.08,4917,0
5358,2026-08-27 07:54:29.542859,4493.36,7197,0
655,2026-08-29 09:58:29.527678,25.58,5312,0
9219,2026-08-29 16:34:29.555640,2497.29,3784,0
3245,2026-08-28 20:23:29.536076,478.79,2260,0
3856,2026-08-26 14:45:29.538017,2694.54,2508,0
9915,2026-08-27 12:30:29.557864,2621.8,3893,0
5553,2026-08-30 04:40:29.543483,1042.92,2347,0
7217,2026-08-29 15:49:29.549098,4545.36,8655,0
4175,2026-08-31 20:38:29.539056,409.44,7496,0
2682,2026-08-27 15:28:29.534258,4821.61,4702,0
2628,2026-08-29 08:56:29.534089,3563.58,8060,0
1204,2026-08-31 15:34:29.529467,2821.84,8499,0
1987,2026-08-29 04:55:29.531978,1429.66,3436,0
5971,2026-08-30 07:33:29.544810,180.79,8635,0
6930,2026-08-28 19:16:29.547907,2171.11,6570,0
4390,2026-08-31 18:26:29.539743,4568.68,8881,0
5747,2026-08-29 19:33:29.544101,4557.23,1943,0
9894,2026-08-29 23:54:29.557797,3693.47,7477,0
4985,2026-08-30 13:14:29.541641,492.27,3358,0
3989,2026-08-27 13:58:29.538459,3313.4,8025,0
7589,2026-08-27 11:26:29.550347,4482.46,3393,0
1622,2026-08-28 00:42:29.530811,4681.31,1863,0
1481,2026-08-30 13:18:29.530363,3225.45,2485,0
8115,2026-08-29 23:13:29.552052,2859.3,1242,0
9061,2026-08-31 09:13:29.555143,4797.48,5773,0
7594,2026-08-26 12:35:29.550362,2078.84,8424,0
7850,2026-08-27 19:53:29.551210,1975.16,1701,0
7701,2026-08-26 12:24:29.550699,2073.82,5133,0
1824,2026-08-25 15:14:29.531461,1812.62,7909,0
5218,2026-08-26 21:24:29.542406,838.06,4445,0
8242,2026-08-28 03:30:29.552457,4377.72,6510,0
4900,2026-08-25 07:19:29.541375,1624.63,7077,0
538,2026-08-26 12:28:29.527302,90.89,4098,0
2134,2026-08-26 08:32:29.532459,3424.21,2545,0
4812,2026-08-27 14:58:29.541094,637.72,3051,0
9412,2026-08-29 00:14:29.556260,3159.25,6569,0
1996,2026-08-30 15:19:29.532007,3870.34,8745,0
6318,2026-08-31 11:10:29.545910,926.58,3072,0
8466,2026-08-28 08:39:29.553193,2658.35,8644,0
1095,2026-08-29 06:38:29.529116,1847.86,1753,0
8380,2026-08-30 17:45:29.552891,3316.39,4197,0
6480,2026-08-30 16:19:29.546448,807.13,2194,0
7754,2026-08-31 07:08:29.550872,1578.04,4691,0
3595,2026-08-31 18:16:29.537187,4400.97,8972,0
2662,2026-08-31 18:36:29.534196,4629.62,4847,0
6312,2026-08-29 08:04:29.545891,3630.13,4705,0
9763,2026-08-31 18:23:29.557384,2308.61,5312,0
4385,2026-08-28 12:36:29.539725,1143.93,2973,0
4001,2026-08-25 16:57:29.538497,4727.3,6188,0
1291,2026-08-30 00:12:29.529745,3869.47,4160,0
5831,2026-08-29 01:04:29.544364,3257.83,8891,0
4935,2026-08-25 09:31:29.541485,2161.5,4007,0
10311,2026-09-01 03:45:29.564659,1000.0,10010,1
5764,2026-08-27 08:56:29.544156,2413.44,6461,0
8552,2026-08-30 17:52:29.553464,4596.04,3956,0
1041,2026-08-27 06:40:29.528907,3417.92,1912,0
6084,2026-08-30 20:08:29.545175,2600.23,3620,0
4167,2026-08-26 01:05:29.539022,3182.91,8387,0
2330,2026-08-25 15:10:29.533112,4310.19,7449,0
7495,2026-08-27 13:38:29.549978,4116.27,4540,0
5975,2026-08-29 17:22:29.544823,2509.24,6499,0
6087,2026-08-28 18:42:29.545185,3920.38,7690,0
7272,2026-08-31 16:25:29.549269,4222.43,3389,0
630,2026-08-31 01:38:29.527596,1144.06,5652,0
6557,2026-08-28 03:42:29.546693,2757.7,6526,0
6029,2026-08-26 10:58:29.544994,4685.32,1103,0
9539,2026-08-26 09:27:29.556664,1126.72,1142,0
7372,2026-08-28 16:47:29.549587,3195.1,6849,0
218,2026-08-26 09:04:29.526272,2407.94,2087,0
9963,2026-08-31 15:39:29.558015,2065.09,6832,0
6519,2026-08-28 16:11:29.546573,737.29,3117,0
8409,2026-08-28 00:43:29.552996,840.68,5538,0
9781,2026-08-31 09:58:29.557440,640.18,4695,0
222,2026-08-26 14:17:29.526284,2247.48,3678,0
9396,2026-08-31 23:35:29.556206,4847.26,7947,0
2336,2026-08-28 01:38:29.533131,2709.86,4645,0
2863,2026-08-29 10:24:29.534840,4274.69,4597,0
2429,2026-08-27 21:07:29.533426,1242.35,3746,0
755,2026-08-26 20:49:29.527994,4228.69,2237,0
1531,2026-08-27 22:25:29.530522,427.36,1904,0
7829,2026-08-26 19:12:29.551142,4687.45,1657,0
10376,2026-09-01 03:45:29.564659,1000.0,10025,1
2404,2026-08-27 18:46:29.533347,321.74,3569,0
306,2026-08-27 00:03:29.526548,1728.36,5415,0
2744,2026-08-28 15:55:29.534457,4938.63,7709,0
9187,2026-08-26 15:41:29.555541,1343.02,8309,0
6594,2026-08-28 02:19:29.546812,3721.37,6871,0
3740,2026-08-30 04:46:29.537651,3490.14,4574,0
9600,2026-08-25 21:08:29.556858,2488.92,6481,0
167,2026-08-26 03:14:29.526113,219.14,1088,0
2822,2026-08-28 06:53:29.534706,2156.72,5031,0
6371,2026-08-25 09:13:29.546098,3339.76,8906,0
9679,2026-08-27 02:20:29.557117,811.07,1814,0
4242,2026-08-31 20:01:29.539268,725.17,7907,0
4958,2026-08-28 22:26:29.541557,4090.18,3997,0
3838,2026-08-26 21:02:29.537960,4926.44,1028,0
4852,2026-08-29 01:36:29.541222,2891.28,7407,0
9718,2026-08-30 09:04:29.557241,1950.19,6886,0
5195,2026-08-29 15:00:29.542333,3026.43,2955,0
535,2026-08-25 22:06:29.527292,2781.61,7195,0
5228,2026-08-28 22:18:29.542439,4446.43,1092,0
8405,2026-08-29 03:58:29.552983,808.24,4476,0
907,2026-08-25 08:03:29.528484,4422.81,6622,0
216,2026-08-26 11:07:29.526265,1831.73,8989,0
5108,2026-08-26 09:34:29.542031,4403.08,3381,0
55,2026-08-28 22:00:29.525722,2736.84,5248,0
5652,2026-08-31 05:43:29.543794,4210.47,7045,0
6115,2026-08-30 03:38:29.545274,4248.67,1501,0
775,2026-08-26 14:21:29.528068,661.35,3954,0
2014,2026-08-26 04:53:29.532075,3505.04,1354,0
7852,2026-09-01 00:49:29.551216,3656.01,2923,0
5209,2026-08-30 08:04:29.542377,3858.74,4849,0
7352,2026-08-31 08:49:29.549520,920.21,1747,0
8989,2026-08-25 09:11:29.554881,279.76,5248,0
110,2026-08-31 04:35:29.525894,3426.64,1518,0
1465,2026-08-30 07:16:29.530313,2703.64,6364,0
7144,2026-08-29 05:13:29.548834,4909.01,6328,0
3433,2026-08-28 21:41:29.536668,619.07,5533,0
2427,2026-08-31 10:39:29.533420,86.76,6041,0
5004,2026-08-29 12:09:29.541703,28.77,4207,0
5028,2026-08-26 13:36:29.541779,1540.36,3115,0
6005,2026-08-30 07:37:29.544917,204.59,6162,0
10341,2026-09-01 03:45:29.564659,1000.0,10040,1
3341,2026-08-29 20:31:29.536379,366.78,6402,0
3726,2026-08-31 01:52:29.537607,1452.89,2323,0
5877,2026-08-29 02:08:29.544509,735.95,2027,0
6331,2026-08-27 11:53:29.545950,1285.49,2335,0
1311,2026-08-25 12:25:29.529807,572.95,5704,0
682,2026-08-25 15:39:29.527764,4808.93,6732,0
5916,2026-08-25 11:02:29.544633,2999.14,3189,0
1437,2026-08-26 11:35:29.530226,3091.73,8233,0
910,2026-08-30 15:38:29.528494,3154.8,3500,0
8560,2026-08-28 10:26:29.553493,4092.05,4661,0
7035,2026-08-31 17:42:29.548484,2955.05,5618,0
122,2026-08-27 00:42:29.525932,249.74,3640,0
7110,2026-08-29 06:52:29.548728,132.26,5346,0
10163,2026-09-01 03:45:29.564659,1000.0,10012,1
1456,2026-08-29 12:09:29.530285,1606.29,1359,0
7802,2026-08-31 22:19:29.551024,603.12,4262,0
7438,2026-08-31 03:19:29.549793,2293.95,3850,0
9411,2026-08-31 16:26:29.556257,1761.62,8937,0
1125,2026-08-28 23:39:29.529216,762.01,8924,0
9898,2026-08-28 12:28:29.557809,3323.42,6061,0
10158,2026-09-01 03:45:29.564659,1000.0,10007,1
7172,2026-08-29 10:45:29.548921,2902.39,6003,0
4017,2026-08-27 03:03:29.538547,2023.47,4162,0
9770,2026-08-31 14:55:29.557406,712.51,5751,0
10412,2026-09-01 03:45:29.564659,1000.0,10011,1
3272,2026-08-28 04:26:29.536160,3180.21,2422,0
1075,2026-08-27 01:31:29.529020,3663.91,2315,0
3963,2026-08-29 22:38:29.538375,2145.81,6500,0
10027,2026-09-01 03:45:29.564659,1000.0,10026,1
6048,2026-09-01 00:55:29.545062,4224.91,7616,0
166,2026-08-25 17:28:29.526110,2792.91,7657,0
231,2026-08-29 17:55:29.526313,1374.5,7347,0
4078,2026-08-27 15:55:29.538739,532.44,3637,0
7574,2026-08-27 09:50:29.550300,770.9,6566,0
9516,2026-08-31 19:50:29.556592,4747.29,5706,0
201,2026-08-31 02:27:29.526218,4830.34,6334,0
7490,2026-08-28 02:56:29.549962,1875.86,1943,0
5827,2026-08-30 08:17:29.544352,2309.44,7021,0
6871,2026-08-29 14:32:29.547704,250.92,2825,0
6679,2026-08-26 08:08:29.547094,2394.68,3978,0
9430,2026-08-27 00:19:29.556316,3626.97,1627,0
168,2026-08-27 21:56:29.526116,4652.67,7977,0
2144,2026-08-28 19:01:29.532491,4295.61,8381,0
1402,2026-08-28 03:54:29.530114,3856.61,8879,0
1114,2026-08-29 21:40:29.529181,3350.32,3853,0
551,2026-08-29 04:50:29.527342,4295.6,3205,0
248,2026-08-29 14:23:29.526366,2679.87,6269,0
1339,2026-08-27 21:49:29.529897,3480.5,3755,0
6958,2026-08-30 04:03:29.548057,1416.64,5208,0
9777,2026-08-30 00:46:29.557427,3431.72,7064,0
4705,2026-08-26 21:48:29.540748,4448.21,7692,0
4077,2026-08-26 09:38:29.538736,1055.38,5327,0
2693,2026-08-30 08:51:29.534296,1743.83,7564,0
9320,2026-08-25 07:58:29.555960,477.63,7895,0
1718,2026-08-28 16:32:29.531126,4435.84,1299,0
2929,2026-08-31 21:41:29.535061,610.63,8933,0
7285,2026-08-28 09:40:29.549312,2668.03,7488,0
2249,2026-08-25 10:47:29.532827,2272.99,1525,0
673,2026-08-29 08:43:29.527736,4705.09,8696,0
511,2026-08-30 15:16:29.527216,4243.63,3188,0
9896,2026-08-26 14:27:29.557803,3711.41,3884,0
3069,2026-08-27 12:48:29.535510,1059.04,6807,0
1392,2026-08-29 15:25:29.530083,845.1,4880,0
7189,2026-08-29 18:41:29.548974,2435.62,7871,0
8509,2026-08-26 03:19:29.553329,4822.73,5064,0
5464,2026-08-31 09:15:29.543203,2610.79,1213,0
743,2026-08-29 21:46:29.527957,1810.5,7543,0
5334,2026-08-29 01:42:29.542784,482.73,5900,0
9263,2026-08-28 18:42:29.555779,2467.46,3642,0
8998,2026-08-31 22:48:29.554909,3592.36,2348,0
5103,2026-08-31 17:57:29.542016,4559.96,7181,0
4152,2026-08-27 16:41:29.538975,1623.56,5134,0
1780,2026-08-27 14:22:29.531323,1030.64,5941,0
5603,2026-08-26 00:42:29.543642,3740.84,3704,0
1084,2026-08-29 19:32:29.529074,1928.41,7941,0
1252,2026-08-29 21:54:29.529619,3914.84,4482,0
6421,2026-08-26 13:12:29.546256,4242.55,4208,0
3334,2026-08-31 05:53:29.536357,1823.26,7891,0
2443,2026-08-31 20:32:29.533472,1858.81,3880,0
6927,2026-08-30 16:21:29.547893,1994.64,1055,0
1495,2026-08-25 22:15:29.530406,2804.77,5872,0
4964,2026-08-31 07:23:29.541575,1471.4,3562,0
1793,2026-08-29 05:35:29.531364,4464.93,8635,0
4010,2026-08-30 18:19:29.538525,4925.38,2963,0
3795,2026-08-31 09:08:29.537826,4810.97,8800,0
8627,2026-08-26 11:24:29.553702,492.45,4597,0
8475,2026-08-27 06:31:29.553224,3827.52,8451,0
8476,2026-08-29 04:20:29.553227,3496.9,2399,0
6088,2026-08-26 21:24:29.545188,4080.92,5998,0
509,2026-08-28 02:36:29.527210,1180.77,2304,0
973,2026-08-26 18:49:29.528692,2283.22,2375,0
2984,2026-08-25 20:58:29.535236,1491.21,3115,0
1104,2026-08-28 04:16:29.529150,2191.33,4473,0
8003,2026-08-27 20:52:29.551692,4699.83,3685,0
2596,2026-08-26 05:46:29.533961,558.46,7687,0
8590,2026-08-26 11:10:29.553586,2963.67,5525,0
7923,2026-08-28 07:36:29.551440,4772.44,5781,0
5948,2026-08-28 09:51:29.544738,4917.88,3519,0
825,2026-08-27 03:19:29.528226,2027.71,5930,0
7200,2026-08-29 10:32:29.549011,1570.25,8322,0
7071,2026-08-29 15:20:29.548603,1105.18,2322,0
2746,2026-08-27 10:19:29.534464,4386.88,3112,0
8442,2026-08-27 04:49:29.553118,1310.15,3774,0
2574,2026-08-30 12:23:29.533892,1004.95,1393,0
373,2026-08-28 09:57:29.526761,2536.86,1786,0
5501,2026-08-27 04:10:29.543320,4002.85,8670,0
1530,2026-08-26 17:07:29.530519,4075.23,5685,0
8099,2026-08-28 21:51:29.551993,2206.22,2016,0
4903,2026-08-30 13:56:29.541384,4246.62,7557,0
9988,2026-08-31 02:34:29.558101,936.05,2628,0
7782,2026-08-27 01:38:29.550960,3175.23,3700,0
10365,2026-09-01 03:45:29.564659,1000.0,10014,1
10093,2026-09-01 03:45:29.564659,1000.0,10042,1
1260,2026-08-25 10:21:29.529644,3594.74,8878,0
243,2026-08-31 14:26:29.526351,4687.8,6862,0
4452,2026-08-29 23:44:29.539937,4697.85,7693,0
9746,2026-08-26 18:29:29.557331,538.19,5420,0
5067,2026-08-27 10:04:29.541901,589.81,6093,0
6461,2026-08-25 14:30:29.546388,3238.34,3281,0
8671,2026-08-27 04:40:29.553842,3816.65,1501,0
2317,2026-08-30 17:35:29.533063,2149.21,3387,0
1653,2026-08-25 07:01:29.530907,2116.18,7768,0
7964,2026-09-01 00:17:29.551570,570.81,5977,0
3729,2026-08-28 12:20:29.537617,130.89,5823,0
5261,2026-08-25 17:55:29.542554,880.09,3977,0
2219,2026-08-27 05:06:29.532729,1432.68,5216,0
6990,2026-08-30 15:55:29.548235,2308.21,3291,0
1773,2026-08-30 06:37:29.531301,4287.64,3588,0
9872,2026-08-27 10:40:29.557728,1116.88,1041,0
3290,2026-08-31 04:31:29.536219,568.55,4011,0
8992,2026-08-31 13:47:29.554890,2777.75,2220,0
9454,2026-08-31 23:08:29.556394,3616.45,3038,0
10125,2026-09-01 03:45:29.564659,1000.0,10024,1
776,2026-08-27 11:55:29.528071,792.14,8508,0
8754,2026-08-27 09:49:29.554135,4223.35,2782,0
5248,2026-08-25 10:21:29.542509,3754.7,2027,0
3179,2026-08-31 06:59:29.535859,2131.63,7542,0
1540,2026-08-26 05:46:29.530551,306.85,5189,0
6456,2026-09-01 00:59:29.546373,4170.55,8953,0
9973,2026-08-31 02:40:29.558054,3533.82,7159,0
3064,2026-08-28 14:52:29.535494,4164.83,4279,0
8648,2026-08-31 17:32:29.553770,3063.76,8717,0
7749,2026-08-26 20:59:29.550857,1013.37,2971,0
6174,2026-08-30 03:29:29.545458,3548.99,8977,0
7825,2026-08-31 04:22:29.551129,2352.47,5962,0
6696,2026-08-27 03:15:29.547150,3781.6,6877,0
4540,2026-08-25 16:43:29.540228,734.73,1846,0
722,2026-08-27 11:59:29.527888,18.15,5400,0
6132,2026-08-27 04:06:29.545327,3023.29,1746,0
1645,2026-08-31 15:25:29.530882,963.51,8182,0
8660,2026-08-28 07:05:29.553808,576.11,6063,0
5037,2026-08-28 20:27:29.541807,2566.91,6407,0
4547,2026-08-30 15:50:29.540249,3711.95,8539,0
802,2026-08-31 00:51:29.528152,1376.15,6148,0
7334,2026-08-31 03:35:29.549465,590.78,6274,0
6212,2026-08-29 15:08:29.545578,644.71,5909,0
7879,2026-08-26 04:45:29.551303,401.11,6140,0
8830,2026-08-31 05:59:29.554376,1609.46,7649,0
623,2026-09-01 03:21:29.527574,1374.3,2758,0
6168,2026-08-27 00:21:29.545439,4984.17,4377,0
2092,2026-08-25 18:57:29.532325,4186.17,1833,0
6784,2026-08-31 03:37:29.547427,25.59,4941,0
295,2026-08-26 14:47:29.526514,3656.29,4325,0
8628,2026-08-29 05:42:29.553705,4710.08,1403,0
9752,2026-08-27 01:34:29.557349,1863.08,4279,0
569,2026-08-30 21:31:29.527402,439.74,3487,0
8877,2026-08-29 00:31:29.554524,4304.08,5851,0
3802,2026-08-30 09:18:29.537848,1776.74,2338,0
2088,2026-08-29 15:49:29.532313,1540.54,7339,0
5176,2026-08-26 07:13:29.542274,1361.04,7333,0
7968,2026-08-25 23:36:29.551582,1878.67,1461,0
7293,2026-08-25 17:38:29.549337,4019.95,8159,0
3389,2026-08-26 23:22:29.536531,1495.72,3525,0
9287,2026-08-26 02:51:29.555854,196.72,2247,0
1162,2026-08-29 14:55:29.529335,2611.36,6328,0
7715,2026-08-25 19:35:29.550746,2152.1,3940,0
9677,2026-08-29 22:30:29.557110,258.91,4452,0
2926,2026-08-27 14:59:29.535051,4333.55,6877,0
3806,2026-08-28 16:32:29.537861,2134.27,1116,0
6765,2026-08-26 15:14:29.547366,1173.43,7412,0
1650,2026-08-26 11:08:29.530898,689.97,7054,0
31,2026-08-29 15:09:29.525643,486.97,4022,0
578,2026-08-25 10:38:29.527430,328.64,8679,0
8745,2026-08-30 04:26:29.554107,3252.16,8559,0
8617,2026-08-31 18:40:29.553671,677.03,1291,0
1557,2026-08-29 10:35:29.530604,4998.05,3803,0
711,2026-08-25 22:38:29.527854,1330.77,5139,0
2400,2026-08-27 02:01:29.533334,4654.86,7631,0
9341,2026-08-30 07:36:29.556026,3414.89,7130,0
6694,2026-08-25 18:27:29.547144,2394.99,6189,0
3638,2026-08-26 21:41:29.537324,2867.33,6441,0
7608,2026-08-31 20:11:29.550406,4546.81,1826,0
6620,2026-08-26 05:57:29.546899,140.67,6059,0
2288,2026-08-28 22:13:29.532952,4189.95,6932,0
6128,2026-08-28 23:59:29.545315,1039.76,8968,0
3928,2026-08-29 10:18:29.538266,4208.76,6245,0
4754,2026-08-30 18:38:29.540904,1473.66,4378,0
3561,2026-08-29 19:32:29.537081,4534.81,6037,0
7258,2026-08-31 05:16:29.549225,1998.39,2849,0
2325,2026-08-30 14:12:29.533097,409.06,6735,0
6250,2026-08-28 12:40:29.545697,274.69,6818,0
6744,2026-08-27 01:20:29.547299,3691.36,1126,0
8910,2026-08-27 05:04:29.554629,3706.31,7598,0
272,2026-08-28 21:48:29.526442,2466.23,1172,0
7828,2026-08-26 13:38:29.551139,798.24,1722,0
1826,2026-08-26 03:36:29.531468,4296.92,4590,0
1083,2026-08-29 12:52:29.529068,689.26,5660,0
10221,2026-09-01 03:45:29.564659,1000.0,10020,1
4914,2026-08-25 11:24:29.541419,3104.67,1174,0
5715,2026-08-25 06:21:29.543993,3834.36,4693,0
6882,2026-08-29 08:52:29.547738,3236.6,7227,0
7762,2026-08-30 04:07:29.550897,2054.64,1488,0
5940,2026-08-31 19:41:29.544710,452.47,7209,0
3919,2026-08-25 07:15:29.538238,1275.82,7001,0
9543,2026-08-27 18:05:29.556677,801.36,8061,0
2408,2026-08-26 21:45:29.533359,4770.02,3855,0
5193,2026-08-31 08:29:29.542327,412.17,1841,0
10099,2026-09-01 03:45:29.564659,1000.0,10048,1
9969,2026-08-31 13:13:29.558033,744.9,7541,0
8647,2026-08-28 05:47:29.553767,1956.38,1262,0
5068,2026-08-31 21:16:29.541905,3214.98,8751,0
822,2026-08-25 06:25:29.528217,3331.7,1375,0
4424,2026-08-31 00:57:29.539850,1835.02,3856,0
2530,2026-08-25 05:08:29.533753,1449.89,5795,0
8814,2026-08-29 21:57:29.554326,596.24,6195,0
2436,2026-08-28 02:29:29.533451,2181.03,8309,0
10007,2026-09-01 03:45:29.564659,1000.0,10006,1
1748,2026-08-29 09:49:29.531220,1604.89,4008,0
6301,2026-08-28 11:18:29.545857,1555.94,8381,0
5988,2026-08-30 09:17:29.544863,3048.07,4128,0
2385,2026-08-29 03:03:29.533288,604.99,5412,0
5924,2026-08-29 18:07:29.544660,1949.91,1383,0
7471,2026-08-28 06:30:29.549903,4922.67,8350,0
6162,2026-08-30 20:45:29.545420,3585.81,7066,0
10461,2026-09-01 03:45:29.564659,1000.0,10010,1
2352,2026-08-27 06:20:29.533185,2584.41,2912,0
9335,2026-08-29 19:57:29.556007,270.23,6228,0
3702,2026-08-25 19:38:29.537530,3680.64,7175,0
1852,2026-08-26 20:49:29.531552,2526.99,8111,0
6020,2026-08-26 06:50:29.544966,4034.25,7533,0
740,2026-08-25 06:38:29.527947,3470.65,2530,0
5463,2026-08-28 04:39:29.543200,3920.77,6244,0
7446,2026-08-27 03:52:29.549818,4064.37,5902,0
10203,2026-09-01 03:45:29.564659,1000.0,10002,1
7236,2026-08-29 09:00:29.549157,3686.96,1372,0
1126,2026-08-27 05:02:29.529219,138.85,3489,0
3626,2026-08-29 22:31:29.537286,423.71,6908,0
1242,2026-08-28 06:51:29.529585,4541.3,4084,0
9921,2026-08-27 16:27:29.557883,3375.48,2605,0
1997,2026-08-29 19:26:29.532010,4538.53,3485,0
7977,2026-08-31 05:34:29.551611,838.6,7041,0
5373,2026-08-26 12:56:29.542906,4137.39,7165,0
6325,2026-08-25 17:53:29.545932,1035.17,1341,0
5937,2026-08-31 06:02:29.544701,3140.14,8458,0
3555,2026-08-27 00:59:29.537062,1821.16,5363,0
9668,2026-08-25 16:45:29.557082,922.59,3448,0
1941,2026-08-29 05:24:29.531835,2659.61,8463,0
5216,2026-08-28 07:42:29.542399,1527.62,5869,0
10190,2026-09-01 03:45:29.564659,1000.0,10039,1
10068,2026-09-01 03:45:29.564659,1000.0,10017,1
1810,2026-08-29 16:44:29.531418,4663.98,8631,0
9653,2026-08-28 19:16:29.557025,3565.66,7860,0
4016,2026-08-31 18:10:29.538543,4025.9,5939,0
8362,2026-08-25 13:24:29.552835,3433.09,6813,0
5743,2026-08-31 01:39:29.544089,1105.84,2677,0
9647,2026-08-30 12:43:29.557006,1035.99,8065,0
2478,2026-08-26 06:06:29.533583,2743.41,8669,0
1215,2026-08-28 15:08:29.529502,4278.76,3287,0
5401,2026-08-30 21:24:29.542994,478.49,3915,0
8735,2026-08-25 10:20:29.554076,2136.22,8788,0
6093,2026-08-30 18:36:29.545206,17.25,4643,0
524,2026-08-25 21:32:29.527258,1960.72,1366,0
10455,2026-09-01 03:45:29.564659,1000.0,10004,1
1684,2026-08-26 06:55:29.531006,3849.39,6604,0
91,2026-08-27 14:58:29.525834,3348.73,3626,0
6487,2026-08-28 04:23:29.546470,3799.66,3392,0
6157,2026-08-25 22:51:29.545405,2543.46,2392,0
6801,2026-08-27 11:58:29.547483,4080.73,8851,0
6010,2026-08-26 03:56:29.544936,4879.98,1384,0
10144,2026-09-01 03:45:29.564659,1000.0,10043,1
975,2026-08-31 06:46:29.528698,3631.65,5542,0
2449,2026-08-29 08:01:29.533491,1028.9,8585,0
8720,2026-08-25 13:45:29.553995,4764.4,6857,0
6466,2026-08-31 18:51:29.546404,343.18,1572,0
8093,2026-08-25 08:10:29.551974,2164.95,5770,0
2753,2026-08-27 03:35:29.534486,4355.91,3255,0
3425,2026-08-31 15:45:29.536643,1433.48,3676,0
249,2026-08-28 20:45:29.526370,3662.06,4883,0
5352,2026-08-30 12:07:29.542840,4072.49,3079,0
3194,2026-08-27 01:08:29.535906,4089.92,2339,0
5346,2026-08-31 20:05:29.542821,2007.82,3372,0
4463,2026-08-28 12:06:29.539972,713.92,1060,0
336,2026-08-29 22:07:29.526645,2480.62,2494,0
3386,2026-08-26 19:18:29.536521,3040.28,4464,0
8690,2026-08-27 13:09:29.553901,4622.6,4234,0
3850,2026-08-30 13:56:29.537998,4483.65,2434,0
9817,2026-08-29 02:32:29.557552,3566.96,4092,0
5551,2026-08-25 13:10:29.543477,4694.87,8809,0
10179,2026-09-01 03:45:29.564659,1000.0,10028,1
9874,2026-08-26 19:40:29.557734,1523.88,6766,0
6571,2026-08-30 17:46:29.546738,3133.81,7024,0
7197,2026-08-26 05:21:29.549001,694.54,7330,0
10241,2026-09-01 03:45:29.564659,1000.0,10040,1
5372,2026-08-26 07:35:29.542903,3347.97,2719,0
6873,2026-08-27 11:50:29.547710,600.67,5329,0
4575,2026-08-30 16:46:29.540339,2199.32,5215,0
2627,2026-08-29 16:26:29.534086,918.18,4565,0
6276,2026-08-31 03:59:29.545780,1063.8,6160,0
5427,2026-08-26 06:18:29.543087,1326.73,7489,0
2071,2026-08-27 23:20:29.532260,860.55,4696,0
1872,2026-08-30 20:16:29.531615,798.73,7889,0
1547,2026-08-26 13:00:29.530573,4672.53,6424,0
9630,2026-08-25 23:56:29.556951,3107.19,8426,0
2010,2026-08-29 15:43:29.532062,4463.04,8546,0
6450,2026-08-26 23:47:29.546354,4176.26,2839,0
6771,2026-08-26 07:59:29.547387,639.05,2484,0
10261,2026-09-01 03:45:29.564659,1000.0,10010,1
2364,2026-08-31 16:47:29.533223,2808.27,6487,0
8132,2026-08-29 16:41:29.552109,1408.95,1895,0
861,2026-08-26 23:37:29.528338,324.69,4986,0
6888,2026-08-29 04:46:29.547757,3522.06,7108,0
10291,2026-09-01 03:45:29.564659,1000.0,10040,1
5000,2026-08-25 14:53:29.541691,2719.06,3193,0
8668,2026-08-30 00:28:29.553833,3603.34,2259,0
4616,2026-08-31 17:58:29.540466,3147.54,8406,0
1018,2026-08-25 09:48:29.528835,3899.9,4818,0
6575,2026-08-26 09:07:29.546751,2447.43,6581,0
6839,2026-08-25 14:39:29.547602,4795.73,4972,0
4506,2026-08-30 07:11:29.540120,4844.41,8603,0
1027,2026-08-26 16:48:29.528863,2762.17,4231,0
2362,2026-08-26 03:58:29.533216,3242.73,4705,0
10202,2026-09-01 03:45:29.564659,1000.0,10001,1
5450,2026-08-27 16:14:29.543158,4253.64,3985,0
8342,2026-08-30 06:24:29.552773,2511.74,4994,0
3732,2026-08-29 23:43:29.537626,2668.53,2025,0
8292,2026-08-30 05:44:29.552615,1608.3,7133,0
1514,2026-08-30 22:53:29.530469,2580.08,8365,0
8436,2026-08-26 15:29:29.553100,3967.13,2017,0
9568,2026-08-29 06:10:29.556755,4320.69,2686,0
4342,2026-08-29 16:47:29.539589,2638.29,1420,0
2171,2026-08-27 10:30:29.532575,1574.48,1233,0
4649,2026-08-26 14:54:29.540574,3021.53,1276,0
9512,2026-08-26 16:09:29.556579,357.79,1572,0
865,2026-08-27 13:29:29.528350,683.44,7042,0
8083,2026-08-25 16:43:29.551943,3706.61,2616,0
4271,2026-08-31 15:06:29.539359,2146.3,1146,0
3753,2026-08-25 12:23:29.537692,2826.62,7470,0
5025,2026-08-26 11:13:29.541769,2286.51,7859,0
583,2026-08-27 06:03:29.527446,212.49,1254,0
1443,2026-08-26 12:59:29.530244,1933.49,1518,0
1039,2026-08-29 04:50:29.528901,4507.24,6095,0
10363,2026-09-01 03:45:29.564659,1000.0,10012,1
7163,2026-08-27 18:12:29.548893,3911.13,2190,0
8828,2026-08-30 04:36:29.554370,2559.13,5586,0
6134,2026-08-27 23:30:29.545333,216.84,7496,0
2058,2026-08-31 09:04:29.532219,2694.2,7122,0
9492,2026-08-30 23:17:29.556514,2482.23,1916,0
6114,2026-08-28 08:19:29.545271,398.76,8528,0
7080,2026-08-27 01:18:29.548631,1632.3,7953,0
6534,2026-08-25 07:20:29.546620,2500.55,8767,0
5910,2026-08-30 06:42:29.544614,2476.64,5671,0
8385,2026-08-28 16:14:29.552906,423.39,6719,0
8651,2026-08-31 17:13:29.553779,802.29,7902,0
431,2026-08-30 16:05:29.526946,737.54,1688,0
2915,2026-08-27 15:28:29.535005,1390.94,7524,0
6367,2026-08-25 21:20:29.546086,546.3,1172,0
10406,2026-09-01 03:45:29.564659,1000.0,10005,1
6041,2026-08-28 12:33:29.545031,1043.64,3065,0
6731,2026-08-31 18:37:29.547259,2512.52,8428,0
182,2026-08-28 15:49:29.526160,4707.5,4974,0
3176,2026-08-28 23:03:29.535850,3002.48,4546,0
5182,2026-08-30 19:47:29.542293,886.75,4475,0
9634,2026-08-31 15:48:29.556964,839.07,4009,0
5169,2026-08-27 09:30:29.542249,1400.53,5984,0
765,2026-08-26 05:45:29.528026,2728.62,3964,0
7225,2026-08-26 19:40:29.549123,910.44,7368,0
7062,2026-08-27 13:23:29.548575,2510.28,2891,0
255,2026-08-31 08:56:29.526388,1303.66,7666,0
10045,2026-09-01 03:45:29.564659,1000.0,10044,1
7260,2026-08-28 00:35:29.549231,3388.47,1627,0
2229,2026-08-25 18:23:29.532762,3669.31,3146,0
9486,2026-08-26 13:15:29.556493,809.85,8219,0
5657,2026-08-30 14:18:29.543809,4539.84,8997,0
5682,2026-08-25 16:01:29.543890,466.52,8276,0
3385,2026-08-29 15:27:29.536518,3800.79,6635,0
1122,2026-08-28 18:27:29.529207,2034.6,5686,0
7129,2026-08-27 17:45:29.548787,2873.11,5673,0
5996,2026-08-27 15:23:29.544889,4494.47,1677,0
2609,2026-08-31 16:42:29.534005,1268.4,7180,0
9880,2026-08-26 04:27:29.557753,445.34,1055,0
6462,2026-08-28 10:07:29.546391,4119.34,6619,0
7708,2026-08-29 02:33:29.550724,3867.47,8395,0
2589,2026-08-31 17:05:29.533939,3265.62,8119,0
2437,2026-08-26 05:13:29.533454,769.33,5746,0
5955,2026-08-31 05:47:29.544760,1350.72,1314,0
6274,2026-08-30 08:32:29.545774,4275.87,4312,0
9983,2026-08-28 20:33:29.558085,2404.44,8939,0
4869,2026-08-29 14:00:29.541275,2357.27,7171,0
3365,2026-08-28 10:04:29.536454,2650.68,8928,0
2043,2026-08-27 14:01:29.532173,687.16,2932,0
5541,2026-08-31 22:56:29.543445,4977.68,7457,0
736,2026-08-31 17:12:29.527935,2380.71,6357,0
10372,2026-09-01 03:45:29.564659,1000.0,10021,1
625,2026-08-29 02:31:29.527580,1997.01,1679,0
347,2026-09-01 00:34:29.526680,2822.5,5491,0
6342,2026-08-27 06:39:29.545985,3475.83,1773,0
1412,2026-08-31 01:17:29.530146,4886.23,5440,0
8889,2026-08-29 01:07:29.554561,65.5,5647,0
2479,2026-08-26 00:57:29.533586,1168.35,3200,0
7908,2026-08-27 06:18:29.551393,1236.27,1388,0
5787,2026-08-27 22:20:29.544228,2544.15,6118,0
1092,2026-08-27 19:56:29.529107,2745.93,7074,0
3761,2026-08-31 11:07:29.537717,2025.46,6343,0
10018,2026-09-01 03:45:29.564659,1000.0,10017,1
1411,2026-08-31 18:50:29.530143,1078.98,6623,0
3036,2026-08-27 13:09:29.535402,143.16,5943,0
10324,2026-09-01 03:45:29.564659,1000.0,10023,1
1786,2026-08-29 12:28:29.531342,4571.47,2330,0
848,2026-08-25 18:40:29.528298,2053.67,1520,0
734,2026-08-28 19:51:29.527926,2446.23,1423,0
3975,2026-08-30 07:55:29.538415,2963.94,3696,0
2465,2026-08-27 07:52:29.533542,3995.98,2211,0
6475,2026-08-27 01:51:29.546432,3860.14,4782,0
10092,2026-09-01 03:45:29.564659,1000.0,10041,1
2015,2026-08-28 10:12:29.532078,3654.35,2905,0
3512,2026-08-29 02:47:29.536916,684.33,5448,0
9074,2026-08-28 14:20:29.555187,4294.68,4602,0
4323,2026-08-29 01:30:29.539529,4929.13,5684,0
9775,2026-08-30 16:36:29.557421,4320.21,5843,0
4995,2026-08-29 18:08:29.541675,1707.89,7738,0
3910,2026-08-28 20:03:29.538210,2800.68,5501,0
5819,2026-08-27 03:59:29.544327,4359.42,5258,0
2409,2026-08-26 01:16:29.533362,296.85,6609,0
9832,2026-08-29 00:09:29.557602,2629.2,3914,0
2869,2026-08-26 21:34:29.534858,4503.58,1215,0
6628,2026-08-27 12:44:29.546924,3829.78,5452,0
9188,2026-08-29 13:04:29.555544,4563.81,8688,0
3213,2026-08-25 06:18:29.535967,1354.74,8050,0
2464,2026-08-29 23:34:29.533539,1202.96,6668,0
1197,2026-08-25 09:24:29.529446,2655.91,7145,0
3235,2026-08-26 12:48:29.536035,148.6,8629,0
7255,2026-08-26 01:07:29.549216,2928.09,7574,0
1377,2026-08-26 02:29:29.530015,4690.14,2946,0
2838,2026-08-27 01:23:29.534759,1817.61,8581,0
51,2026-08-29 15:39:29.525705,403.43,7343,0
5296,2026-08-28 02:45:29.542663,445.85,8950,0
8711,2026-08-29 15:28:29.553967,2696.32,6261,0
3007,2026-08-31 03:21:29.535308,1936.06,3650,0
8888,2026-08-31 13:56:29.554558,3185.46,2125,0
522,2026-08-31 18:53:29.527252,260.6,5893,0
3612,2026-08-30 15:09:29.537240,794.64,7100,0
3395,2026-09-01 02:27:29.536549,1529.32,7625,0
8145,2026-08-25 16:55:29.552150,803.43,4612,0
5604,2026-08-30 00:59:29.543645,3364.25,2474,0
9757,2026-08-30 01:47:29.557365,2922.01,7844,0
6329,2026-08-25 08:38:29.545944,1094.05,3487,0
9950,2026-08-31 11:10:29.557974,828.33,6405,0
4699,2026-08-31 02:15:29.540729,4383.71,8203,0
9525,2026-08-25 21:18:29.556620,2355.95,1334,0
8931,2026-08-28 05:11:29.554694,4925.77,5426,0
644,2026-08-31 19:39:29.527640,1500.76,5049,0
4687,2026-08-30 04:26:29.540692,739.51,2283,0
6637,2026-08-31 05:33:29.546955,1027.85,8897,0
9877,2026-08-29 06:30:29.557744,3515.31,6571,0
6361,2026-08-26 14:02:29.546066,4240.33,3895,0
4657,2026-08-28 02:50:29.540599,1945.4,5558,0
2763,2026-08-30 17:46:29.534518,3633.59,6037,0
6622,2026-08-28 21:04:29.546906,3611.42,4821,0
10309,2026-09-01 03:45:29.564659,1000.0,10008,1
8006,2026-08-30 04:28:29.551701,4770.87,3804,0
9575,2026-08-25 14:50:29.556781,3570.98,6488,0
1301,2026-08-26 04:43:29.529776,457.79,3498,0
2101,2026-08-30 15:26:29.532355,4400.49,8441,0
6540,2026-08-30 06:38:29.546640,4290.73,2999,0
4930,2026-08-30 20:25:29.541469,1643.31,8236,0
5163,2026-08-31 18:27:29.542229,4254.29,2250,0
93,2026-08-25 22:35:29.525840,2883.14,5668,0
10032,2026-09-01 03:45:29.564659,1000.0,10031,1
92,2026-08-25 11:36:29.525837,298.44,3895,0
2021,2026-08-31 23:28:29.532104,123.45,8323,0
6761,2026-08-30 13:02:29.547352,4122.38,2675,0
2956,2026-08-27 04:37:29.535148,600.75,5855,0
4894,2026-08-31 13:51:29.541353,302.51,7651,0
757,2026-08-27 03:11:29.528000,4358.57,6069,0
9999,2026-08-30 06:36:29.558135,798.22,5790,0
163,2026-08-28 17:36:29.526101,1781.73,1007,0
1842,2026-08-30 10:12:29.531521,3391.68,6459,0
7472,2026-08-29 11:32:29.549906,2543.14,7261,0
2675,2026-08-27 00:55:29.534237,1327.29,4646,0
4816,2026-08-25 08:29:29.541109,976.29,1584,0
3041,2026-08-31 19:19:29.535418,1901.05,4874,0
3786,2026-08-27 00:38:29.537796,1495.52,6924,0
6167,2026-08-29 15:51:29.545436,3561.15,7982,0
9246,2026-08-27 16:48:29.555727,2577.53,8003,0
7654,2026-08-25 21:52:29.550552,3758.22,5517,0
708,2026-09-01 01:26:29.527845,3953.03,5756,0
4280,2026-08-27 12:26:29.539387,1909.39,4033,0
10331,2026-09-01 03:45:29.564659,1000.0,10030,1
9065,2026-08-25 16:12:29.555156,4694.48,3056,0
6467,2026-08-30 04:55:29.546407,708.8,3858,0
2995,2026-08-28 18:30:29.535270,888.7,3449,0
32,2026-08-28 02:20:29.525646,3093.69,2081,0
8090,2026-08-26 10:06:29.551965,3440.24,5039,0
7415,2026-08-28 19:57:29.549721,4490.12,7642,0
7215,2026-08-30 05:20:29.549091,4213.3,4628,0
4888,2026-08-28 12:18:29.541334,3507.4,6145,0
4395,2026-08-27 02:07:29.539759,2639.27,6753,0
2680,2026-08-27 10:48:29.534252,827.92,5171,0
10402,2026-09-01 03:45:29.564659,1000.0,10001,1
3907,2026-08-27 04:31:29.538201,2930.81,4646,0
2046,2026-08-29 08:09:29.532182,1585.64,3443,0
1480,2026-08-31 20:17:29.530360,865.76,4774,0
4343,2026-08-27 08:46:29.539592,4430.97,8208,0
2770,2026-08-29 06:46:29.534541,1379.17,1437,0
19,2026-08-26 09:35:29.525605,3293.46,4565,0
1321,2026-08-28 04:16:29.529839,2162.66,7705,0
2757,2026-08-27 20:47:29.534499,2630.65,7858,0
9420,2026-08-29 22:05:29.556284,2568.57,2170,0
203,2026-08-30 06:11:29.526225,3929.13,1194,0
412,2026-08-25 07:44:29.526886,1300.63,6928,0
5926,2026-08-29 16:45:29.544666,606.91,4789,0
6121,2026-08-29 20:24:29.545293,4806.59,5443,0
5210,2026-08-29 18:27:29.542380,1352.91,3872,0
104,2026-08-26 00:53:29.525875,4614.3,1449,0
4407,2026-08-28 06:00:29.539797,3108.64,7850,0
8684,2026-08-30 05:15:29.553883,4099.48,8533,0
4647,2026-08-31 02:28:29.540568,3333.77,6815,0
7049,2026-08-26 10:29:29.548535,2867.77,2284,0
463,2026-08-30 07:44:29.527057,2144.64,5303,0
1167,2026-09-01 03:14:29.529350,1859.46,3314,0
5713,2026-08-30 20:30:29.543987,292.35,4160,0
1898,2026-08-28 17:03:29.531698,3794.89,4350,0
2743,2026-08-28 07:11:29.534454,195.33,6016,0
1835,2026-08-30 10:11:29.531496,4885.11,2320,0
4192,2026-08-25 05:26:29.539109,4704.45,6301,0
10084,2026-09-01 03:45:29.564659,1000.0,10033,1
9475,2026-08-30 05:47:29.556459,1235.63,6051,0
9951,2026-08-29 11:51:29.557977,1118.33,1986,0
10134,2026-09-01 03:45:29.564659,1000.0,10033,1
2377,2026-08-26 16:43:29.533263,3436.62,6778,0
1911,2026-08-31 02:05:29.531738,670.92,6009,0
8498,2026-08-29 21:04:29.553295,1316.69,3366,0
7876,2026-08-25 11:27:29.551294,3112.79,6271,0
1337,2026-08-28 11:10:29.529891,1033.27,6566,0
5779,2026-08-29 06:42:29.544203,4431.7,5516,0
4931,2026-08-27 00:56:29.541472,2137.36,2621,0
3522,2026-08-25 06:24:29.536948,2866.43,7336,0
3848,2026-08-29 10:04:29.537991,2353.45,5618,0
883,2026-08-27 19:13:29.528407,4678.73,6656,0
1776,2026-08-26 13:39:29.531311,4429.76,5263,0
5794,2026-08-27 03:47:29.544249,141.02,2868,0
6317,2026-08-30 00:13:29.545907,1777.52,4178,0
7363,2026-08-29 22:44:29.549556,1906.76,7074,0
3401,2026-09-01 00:34:29.536568,40.96,6819,0
8110,2026-08-27 14:55:29.552027,4055.85,3871,0
6525,2026-08-26 06:51:29.546592,1068.48,1185,0
6711,2026-08-26 02:54:29.547197,3050.45,5812,0
1980,2026-08-25 21:04:29.531956,4765.53,8673,0
4610,2026-08-30 11:05:29.540448,3395.38,3451,0
5905,2026-08-27 19:56:29.544598,909.95,2317,0
10143,2026-09-01 03:45:29.564659,1000.0,10042,1
2848,2026-08-26 17:09:29.534790,1490.86,2413,0
3581,2026-08-28 13:49:29.537143,4214.16,5275,0
6661,2026-08-30 06:21:29.547029,1430.35,3592,0
9153,2026-08-31 19:28:29.555435,3081.88,2495,0
4099,2026-08-27 23:25:29.538805,2190.24,5952,0
893,2026-08-25 10:09:29.528438,2787.63,2042,0
858,2026-08-26 18:05:29.528328,561.26,2340,0
8670,2026-08-31 02:18:29.553839,584.55,2599,0
1703,2026-08-31 13:20:29.531079,3951.62,1815,0
2776,2026-08-31 12:47:29.534562,1694.1,4431,0
4939,2026-08-31 21:14:29.541497,201.93,7225,0
6704,2026-08-28 01:08:29.547175,1113.53,8455,0
4685,2026-08-27 13:14:29.540686,4621.55,2455,0
8986,2026-08-31 03:12:29.554872,2507.83,3673,0
6699,2026-08-29 22:21:29.547159,4543.32,7130,0
4193,2026-08-31 04:16:29.539113,2785.67,2276,0
1406,2026-08-31 23:05:29.530127,2838.66,4689,0
7928,2026-08-26 01:38:29.551456,3815.58,5730,0
6028,2026-08-31 20:28:29.544991,2834.06,1705,0
6281,2026-08-26 20:22:29.545796,3522.39,5999,0
317,2026-08-29 19:47:29.526586,390.19,1468,0
1727,2026-08-30 07:55:29.531154,225.65,5608,0
680,2026-08-26 01:35:29.527758,4110.61,7255,0
4066,2026-08-31 01:16:29.538702,1732.7,1525,0
7957,2026-08-29 03:48:29.551546,2995.54,5782,0
2233,2026-08-26 02:15:29.532775,1505.78,1710,0
8611,2026-08-28 01:31:29.553652,3542.94,6939,0
4947,2026-08-25 09:10:29.541522,4672.73,5145,0
3534,2026-08-26 23:44:29.536985,1958.36,5877,0
6966,2026-09-01 01:57:29.548103,4990.48,3776,0
5344,2026-08-28 11:17:29.542815,4906.63,8244,0
6874,2026-08-30 03:33:29.547713,3910.02,7167,0
9073,2026-08-31 12:40:29.555184,2189.29,4120,0
457,2026-08-25 05:22:29.527027,4563.88,3991,0
8447,2026-09-01 00:07:29.553134,4420.58,2935,0
3162,2026-08-31 12:55:29.535806,2184.09,4408,0
455,2026-08-28 11:45:29.527021,413.58,5113,0
2196,2026-08-26 15:31:29.532655,1027.99,4230,0
2207,2026-08-26 11:16:29.532689,93.4,1920,0
7779,2026-08-30 21:18:29.550950,4079.21,8222,0
2631,2026-08-31 19:53:29.534099,1734.83,6909,0
6607,2026-08-28 06:08:29.546858,3217.97,6205,0
3338,2026-08-28 08:42:29.536370,4212.8,6545,0
2442,2026-08-25 14:19:29.533469,3004.54,7719,0
5332,2026-08-31 01:13:29.542778,639.07,8483,0
4259,2026-08-28 10:01:29.539321,4367.53,7228,0
424,2026-08-28 13:05:29.526924,4597.65,8318,0
2519,2026-08-25 20:28:29.533713,4457.28,2767,0
2643,2026-08-28 17:05:29.534137,356.71,8420,0
5749,2026-08-28 17:21:29.544107,4933.02,3027,0
9149,2026-08-25 19:01:29.555420,415.87,1655,0
6316,2026-08-28 02:28:29.545904,2980.18,1920,0
4130,2026-09-01 00:00:29.538904,380.94,1661,0
5470,2026-08-30 04:45:29.543222,363.62,3762,0
6574,2026-08-26 18:01:29.546748,3114.69,8797,0
5669,2026-08-25 22:53:29.543849,755.55,3121,0
7906,2026-08-27 12:46:29.551387,3288.82,4950,0
2614,2026-08-25 17:59:29.534021,2473.5,7387,0
6970,2026-08-28 12:07:29.548124,4033.45,5688,0
2482,2026-08-27 08:32:29.533595,3153.07,7875,0
9488,2026-08-31 00:46:29.556499,3019.06,6997,0
105,2026-08-25 05:25:29.525879,1691.99,1741,0
5024,2026-08-31 10:14:29.541766,2542.29,3111,0
5588,2026-08-27 13:41:29.543594,1218.23,8857,0
4674,2026-08-27 22:29:29.540651,1275.79,5452,0
7978,2026-08-25 19:16:29.551614,236.54,2886,0
7099,2026-08-28 11:13:29.548690,122.89,8591,0
3681,2026-08-26 12:56:29.537464,4474.26,5366,0
2496,2026-08-26 17:13:29.533640,2725.94,4999,0
5215,2026-08-30 06:11:29.542396,1190.86,8240,0
9865,2026-08-25 18:12:29.557707,1659.11,5687,0
7836,2026-08-28 15:42:29.551163,637.35,3505,0
4472,2026-09-01 00:42:29.539999,1391.21,4692,0
4257,2026-08-29 00:50:29.539315,4525.57,2814,0
159,2026-08-26 23:58:29.526088,2579.76,3979,0
9460,2026-08-31 19:22:29.556412,3626.37,8204,0
9143,2026-08-27 22:43:29.555402,1564.4,8271,0
8968,2026-08-26 00:08:29.554813,3553.98,2512,0
7212,2026-08-27 17:53:29.549075,4692.05,1752,0
4716,2026-08-31 15:43:29.540782,4972.89,7972,0
2341,2026-08-27 10:03:29.533147,2519.81,3669,0
729,2026-08-31 20:33:29.527910,1275.58,7237,0
8512,2026-08-28 03:16:29.553339,53.69,1539,0
5005,2026-08-28 10:10:29.541706,3420.51,6100,0
1019,2026-08-30 21:10:29.528838,1583.1,2705,0
9795,2026-08-26 11:29:29.557484,2160.87,7317,0
3625,2026-08-26 01:04:29.537280,1636.66,7964,0
9404,2026-08-27 03:35:29.556231,1901.38,2732,0
8543,2026-08-26 11:39:29.553436,3685.86,4968,0
10050,2026-09-01 03:45:29.564659,1000.0,9999,1
9310,2026-08-28 19:56:29.555926,1811.04,6156,0
4505,2026-08-27 01:24:29.540116,2405.49,7410,0
5655,2026-08-29 17:19:29.543803,3647.06,7527,0
7958,2026-08-26 05:59:29.551549,3084.3,7358,0
2080,2026-08-28 20:18:29.532288,1756.86,5500,0
9458,2026-08-25 09:34:29.556406,799.24,7672,0
8945,2026-08-31 01:12:29.554740,4094.55,5928,0
6660,2026-08-31 22:34:29.547026,1262.38,2993,0
5033,2026-08-30 13:54:29.541795,3266.31,5060,0
4027,2026-08-27 10:37:29.538578,267.54,2623,0
4691,2026-08-31 02:43:29.540704,2694.43,3075,0
2122,2026-08-27 02:02:29.532421,2224.71,5457,0
4769,2026-08-31 12:00:29.540951,1786.62,7643,0
4201,2026-08-30 08:53:29.539138,1971.63,4617,0
5526,2026-08-29 18:17:29.543398,4802.25,1533,0
9000,2026-08-29 00:15:29.554916,2344.9,8389,0
5174,2026-08-29 09:00:29.542268,731.13,5665,0
4111,2026-08-26 18:31:29.538842,3906.2,3755,0
286,2026-08-29 22:08:29.526486,3794.95,2231,0
8961,2026-08-27 17:05:29.554791,1648.07,3782,0
3535,2026-08-27 06:43:29.536988,2652.48,3190,0
5395,2026-08-28 04:17:29.542975,4109.94,3909,0
2542,2026-08-27 13:40:29.533790,4981.11,5706,0
5824,2026-08-30 14:30:29.544342,2738.28,6453,0
3915,2026-08-30 23:54:29.538225,227.83,4816,0
6144,2026-08-25 19:27:29.545364,1190.37,5900,0
9783,2026-08-28 08:56:29.557446,2926.32,3787,0
5617,2026-08-31 13:31:29.543685,3006.23,8540,0
1287,2026-08-30 22:02:29.529732,2574.61,5612,0
56,2026-08-31 21:55:29.525725,1068.99,2714,0
7484,2026-08-28 22:02:29.549943,3885.79,7818,0
1596,2026-08-27 14:07:29.530730,4852.61,5353,0
9355,2026-08-31 17:21:29.556079,3100.78,3104,0
42,2026-08-31 13:09:29.525677,1002.66,5968,0
10362,2026-09-01 03:45:29.564659,1000.0,10011,1
7180,2026-08-30 22:30:29.548946,3890.19,2570,0
221,2026-08-30 16:23:29.526281,1020.56,1647,0
4759,2026-08-27 20:19:29.540920,4381.38,7382,0
1473,2026-08-25 13:49:29.530338,1389.42,4223,0
4670,2026-08-28 13:57:29.540639,4124.84,3764,0
4526,2026-08-26 16:12:29.540184,3570.62,3212,0
1886,2026-08-30 08:32:29.531660,4791.99,2859,0
3822,2026-08-29 06:13:29.537911,1065.79,8787,0
3171,2026-08-29 12:39:29.535834,2167.91,3748,0
2456,2026-08-25 20:34:29.533513,3978.49,8378,0
10173,2026-09-01 03:45:29.564659,1000.0,10022,1
9691,2026-08-26 06:31:29.557155,1656.23,6998,0
2500,2026-08-27 15:08:29.533653,4784.11,6444,0
2996,2026-08-27 16:50:29.535273,1175.26,6422,0
7426,2026-08-31 10:04:29.549755,1778.03,8992,0
3751,2026-08-28 23:35:29.537686,4537.41,7063,0
639,2026-08-25 21:28:29.527624,806.15,6611,0
10356,2026-09-01 03:45:29.564659,1000.0,10005,1
2061,2026-08-31 19:26:29.532229,3007.02,7395,0
7135,2026-08-31 23:00:29.548806,3802.83,2421,0
6292,2026-08-27 15:08:29.545829,1779.69,8185,0
5430,2026-08-27 14:20:29.543096,3825.08,4016,0
2704,2026-08-30 15:48:29.534331,3365.23,1654,0
2919,2026-08-28 19:30:29.535017,676.06,6993,0
3920,2026-08-31 15:12:29.538241,4842.22,6701,0
7750,2026-08-31 14:59:29.550860,2791.84,1284,0
10319,2026-09-01 03:45:29.564659,1000.0,10018,1
8230,2026-08-31 12:12:29.552419,3296.72,7995,0
7867,2026-08-25 07:49:29.551263,1556.7,5717,0
3413,2026-08-31 14:29:29.536605,4946.08,5101,0
2933,2026-09-01 00:22:29.535073,4079.58,8733,0
9975,2026-08-29 15:12:29.558060,42.65,2329,0
1138,2026-08-31 05:12:29.529257,3741.42,1631,0
503,2026-08-27 18:38:29.527191,3075.79,8407,0
6601,2026-08-31 05:58:29.546840,3079.92,6505,0
6193,2026-08-28 00:24:29.545519,2808.09,2623,0
4202,2026-08-31 06:44:29.539141,2606.69,1973,0
8269,2026-08-31 10:22:29.552542,3939.94,4016,0
7474,2026-08-28 14:24:29.549912,4306.19,7140,0
3746,2026-08-26 19:08:29.537670,1727.01,1338,0
6107,2026-08-28 02:10:29.545249,1981.58,4561,0
4855,2026-08-27 14:00:29.541232,4650.75,8782,0
5950,2026-08-28 17:59:29.544744,316.44,7109,0
8400,2026-09-01 00:42:29.552968,917.9,6369,0
9217,2026-08-31 02:20:29.555634,11.84,4121,0
4110,2026-08-27 09:53:29.538839,4836.51,3016,0
3602,2026-08-27 06:05:29.537209,1066.89,8025,0
6415,2026-08-28 10:05:29.546236,4827.15,5735,0
1643,2026-08-31 02:13:29.530876,1171.98,4232,0
4435,2026-08-30 14:48:29.539884,1909.97,4051,0
1319,2026-08-30 23:07:29.529833,120.38,1251,0
10323,2026-09-01 03:45:29.564659,1000.0,10022,1
2156,2026-08-25 07:59:29.532528,3094.73,8463,0
5151,2026-08-27 11:11:29.542187,4710.25,4384,0
2269,2026-08-27 20:13:29.532892,1238.93,7861,0
3118,2026-08-25 23:13:29.535666,4870.72,5054,0
39,2026-08-26 00:14:29.525667,2023.47,3310,0
7337,2026-08-30 11:21:29.549474,1334.61,2059,0
1109,2026-08-30 12:19:29.529166,674.34,3653,0
4114,2026-08-25 07:42:29.538852,2102.23,2047,0
5475,2026-08-25 23:52:29.543237,4083.14,6708,0
5159,2026-08-29 07:01:29.542216,1123.63,8922,0
10481,2026-09-01 03:45:29.564659,1000.0,10030,1
4918,2026-08-30 08:18:29.541432,1575.17,6549,0
2878,2026-08-25 11:05:29.534886,1861.36,1086,0
10301,2026-09-01 03:45:29.564659,1000.0,10000,1
1293,2026-08-28 20:58:29.529751,3995.7,8093,0
9471,2026-08-25 20:34:29.556446,3989.54,3993,0
6149,2026-08-28 02:01:29.545380,1041.69,4426,0
8694,2026-08-31 10:34:29.553913,244.37,4318,0
234,2026-08-28 09:15:29.526323,469.9,8872,0
2854,2026-08-29 21:16:29.534809,1818.44,1392,0
5422,2026-08-27 12:03:29.543071,2407.6,5441,0
8410,2026-08-30 08:52:29.552999,865.08,6050,0
9215,2026-09-01 03:36:29.555628,4913.13,2043,0
4381,2026-08-27 04:27:29.539713,1785.32,7598,0
387,2026-08-25 19:13:29.526805,4084.23,5716,0
2165,2026-08-26 07:55:29.532556,140.25,7010,0
9357,2026-08-30 10:48:29.556085,3813.65,6598,0
7713,2026-08-30 13:55:29.550739,4010.33,1995,0
6825,2026-08-28 17:38:29.547558,1845.84,8669,0
178,2026-08-29 13:00:29.526147,4653.26,6324,0
3834,2026-08-26 05:09:29.537948,2215.46,1828,0
3863,2026-08-29 00:17:29.538055,3408.84,7253,0
3360,2026-08-28 06:46:29.536438,623.25,4613,0
2498,2026-08-25 13:28:29.533646,3965.67,3588,0
4561,2026-08-27 16:19:29.540295,3859.33,8884,0
10124,2026-09-01 03:45:29.564659,1000.0,10023,1
2807,2026-08-29 01:41:29.534659,1289.35,5508,0
2967,2026-08-27 14:03:29.535183,3614.61,7146,0
4070,2026-08-31 22:16:29.538714,1959.3,1521,0
2857,2026-08-27 09:53:29.534818,221.8,8106,0
6754,2026-08-30 13:30:29.547330,1142.59,3938,0
8343,2026-08-26 09:29:29.552776,1652.15,6536,0
4805,2026-08-28 11:40:29.541072,478.38,5853,0
2319,2026-08-29 09:40:29.533073,4381.59,2610,0
9499,2026-08-27 01:56:29.556538,2651.99,4957,0
10090,2026-09-01 03:45:29.564659,1000.0,10039,1
3508,2026-08-31 10:47:29.536904,2475.51,2374,0
8976,2026-08-28 07:53:29.554838,1259.81,6571,0
8481,2026-08-28 12:52:29.553242,2629.28,2164,0
8296,2026-08-30 12:57:29.552627,964.04,6860,0
5621,2026-08-31 19:58:29.543698,3900.71,3033,0
3945,2026-08-30 21:05:29.538319,3051.0,4305,0
3953,2026-08-25 16:00:29.538344,4237.5,3536,0
6929,2026-08-29 22:41:29.547903,2174.73,8029,0
7466,2026-08-25 05:49:29.549887,851.59,4615,0
4822,2026-08-29 07:49:29.541128,211.09,2051,0
749,2026-08-28 06:19:29.527975,1206.08,6805,0
6781,2026-08-26 09:28:29.547418,2625.34,5336,0
8891,2026-08-26 14:59:29.554568,3479.45,6904,0
2064,2026-08-30 00:39:29.532238,3402.24,4207,0
2618,2026-08-31 22:38:29.534034,1500.2,1968,0
5355,2026-08-25 05:24:29.542849,1079.82,5470,0
7052,2026-08-29 10:58:29.548544,3308.42,3321,0
2355,2026-09-01 01:43:29.533194,194.28,5911,0
5759,2026-08-31 11:10:29.544141,1706.9,1089,0
8218,2026-08-30 02:36:29.552382,3465.29,5750,0
1338,2026-08-27 22:27:29.529894,4405.51,7453,0
2268,2026-08-31 16:11:29.532889,1391.54,4576,0
3018,2026-08-31 05:09:29.535342,1860.88,7405,0
962,2026-08-27 11:36:29.528657,4208.58,4878,0
5640,2026-08-31 21:54:29.543757,829.77,1071,0
4049,2026-08-28 08:05:29.538646,3464.86,8175,0
8789,2026-08-28 10:59:29.554245,4720.94,3880,0
6154,2026-08-26 20:33:29.545395,4122.83,5788,0
7655,2026-08-28 18:21:29.550555,1787.69,2516,0
4793,2026-08-25 22:49:29.541026,3038.39,8748,0
3383,2026-08-27 13:22:29.536512,423.33,4963,0
7746,2026-08-29 13:12:29.550847,1593.79,4759,0
4002,2026-08-29 19:07:29.538500,1927.39,4688,0
9227,2026-08-25 10:59:29.555665,2623.39,6145,0
8434,2026-08-29 15:13:29.553093,155.26,2997,0
6768,2026-08-25 14:41:29.547375,4407.02,4359,0
9368,2026-08-28 22:20:29.556119,4991.43,7038,0
3884,2026-08-27 01:58:29.538129,4871.88,7406,0
7863,2026-08-26 01:42:29.551251,830.41,3113,0
1086,2026-08-28 18:03:29.529086,2174.99,7879,0
10200,2026-09-01 03:45:29.564659,1000.0,9999,1
5339,2026-08-27 01:54:29.542799,1934.16,7185,0
3609,2026-08-30 07:39:29.537231,98.57,2814,0
859,2026-08-28 04:15:29.528332,3316.47,7899,0
4363,2026-08-27 16:35:29.539657,2727.25,4372,0
8709,2026-08-31 03:11:29.553960,4209.67,7152,0
9753,2026-08-27 22:37:29.557352,4076.87,1873,0
6245,2026-08-31 01:39:29.545681,4282.78,1273,0
1774,2026-08-25 06:27:29.531304,3083.32,1934,0
801,2026-08-25 14:09:29.528149,2651.99,1797,0
2870,2026-08-31 00:51:29.534861,938.16,1605,0
7564,2026-08-29 05:05:29.550269,4240.57,4361,0
4893,2026-08-30 12:27:29.541350,481.36,5653,0
5057,2026-08-26 06:13:29.541870,4961.16,7657,0
916,2026-08-26 18:31:29.528513,315.28,5488,0
5362,2026-08-29 15:40:29.542872,3356.79,2122,0
5630,2026-08-27 05:48:29.543725,1613.86,5996,0
7517,2026-08-27 07:32:29.550090,4118.06,6432,0
5021,2026-08-27 15:11:29.541757,1415.08,8740,0
6025,2026-08-28 01:28:29.544982,1489.9,2527,0
3559,2026-08-26 10:07:29.537075,3004.15,8793,0
9987,2026-08-30 04:40:29.558098,2867.81,8859,0
7170,2026-08-25 09:26:29.548915,3022.03,3053,0
7339,2026-08-29 23:51:29.549480,4990.78,4960,0
9937,2026-08-26 19:02:29.557933,2516.52,1058,0
7463,2026-08-29 11:19:29.549878,3611.53,2374,0
6404,2026-08-28 00:29:29.546201,4492.91,3510,0
8539,2026-08-30 03:57:29.553423,1872.58,4389,0
4633,2026-08-30 13:00:29.540519,1582.38,8908,0
5899,2026-08-28 08:19:29.544580,2277.06,8265,0
789,2026-08-25 13:07:29.528111,4034.76,4731,0
730,2026-08-30 08:42:29.527913,4943.92,1470,0
4053,2026-08-30 06:44:29.538661,1473.8,6249,0
1892,2026-08-29 15:27:29.531679,3418.91,3071,0
4823,2026-08-30 10:20:29.541131,2879.97,7397,0
3210,2026-08-27 14:14:29.535958,1601.22,5794,0
2028,2026-08-30 14:02:29.532126,3768.99,8887,0
8300,2026-08-31 02:41:29.552642,3710.5,5314,0
4511,2026-08-28 21:19:29.540135,4847.22,8096,0
6793,2026-08-29 17:50:29.547458,1567.06,4302,0
7998,2026-08-29 01:13:29.551676,2466.32,5399,0
8225,2026-08-26 17:02:29.552404,1717.21,3800,0
7311,2026-08-28 19:44:29.549393,3801.27,5501,0
1314,2026-08-30 22:33:29.529816,1074.52,7532,0
9851,2026-08-29 17:39:29.557661,1487.96,7898,0
1304,2026-08-31 20:37:29.529785,3390.47,2804,0
207,2026-09-01 03:39:29.526237,3509.68,3105,0
3175,2026-08-27 22:22:29.535846,78.91,5350,0
5923,2026-08-27 01:05:29.544657,1744.24,7334,0
5812,2026-08-25 13:35:29.544305,4729.84,8670,0
8629,2026-08-30 03:04:29.553708,2133.14,3334,0
1457,2026-08-26 18:19:29.530288,1260.89,4203,0
6060,2026-08-26 02:53:29.545100,2547.83,6838,0
9255,2026-08-30 07:52:29.555755,1225.38,7376,0
4020,2026-08-29 11:40:29.538556,4753.16,6982,0
6109,2026-08-28 10:43:29.545255,353.74,4057,0
7884,2026-08-29 19:31:29.551319,2916.05,6281,0
4080,2026-08-31 09:07:29.538745,2841.66,4931,0
2326,2026-08-30 09:18:29.533100,4437.82,1001,0
7156,2026-08-26 00:40:29.548872,4495.57,6135,0
1976,2026-08-28 06:14:29.531944,4884.71,2424,0
10212,2026-09-01 03:45:29.564659,1000.0,10011,1
10340,2026-09-01 03:45:29.564659,1000.0,10039,1
6654,2026-08-31 00:58:29.547008,2894.44,5804,0
10057,2026-09-01 03:45:29.564659,1000.0,10006,1
2606,2026-08-29 11:12:29.533995,3201.15,5363,0
7605,2026-08-30 20:35:29.550397,545.94,4830,0
2123,2026-08-25 11:13:29.532424,203.82,8574,0
3107,2026-08-29 11:00:29.535629,2965.27,1455,0
1370,2026-08-28 20:32:29.529993,1577.96,8190,0
6454,2026-08-29 00:37:29.546367,4760.72,6605,0
1816,2026-08-27 12:36:29.531436,2218.41,5876,0
1458,2026-08-27 02:45:29.530291,3724.2,3261,0
7912,2026-08-30 09:15:29.551406,2143.84,3462,0
9863,2026-08-25 11:43:29.557701,1769.25,5794,0
7513,2026-08-25 17:59:29.550069,468.35,5026,0
1825,2026-08-27 12:43:29.531465,3922.53,3521,0
2566,2026-08-26 16:29:29.533868,3149.03,5187,0
2910,2026-08-26 01:42:29.534989,1635.15,1568,0
4991,2026-08-30 23:24:29.541663,2990.74,4006,0
2905,2026-08-29 14:25:29.534974,3449.76,3192,0
8562,2026-08-29 02:55:29.553499,4079.79,4589,0
371,2026-08-26 07:59:29.526755,3349.78,4969,0
8411,2026-08-26 04:30:29.553002,3022.77,3331,0
9508,2026-08-31 12:41:29.556566,560.48,8304,0
9031,2026-08-28 15:59:29.555014,3036.18,6538,0
5529,2026-08-28 19:29:29.543407,1369.33,1572,0
519,2026-09-01 01:34:29.527242,819.77,3404,0
4071,2026-08-28 03:27:29.538717,2249.2,8898,0
10435,2026-09-01 03:45:29.564659,1000.0,10034,1
5770,2026-08-26 22:54:29.544175,1521.59,6616,0
2026,2026-08-31 09:36:29.532119,3230.93,4140,0
6257,2026-08-28 03:25:29.545719,2736.95,2089,0
2504,2026-08-27 14:16:29.533666,2011.21,2969,0
8301,2026-08-29 08:06:29.552645,288.34,4842,0
3085,2026-08-28 14:48:29.535560,963.44,1254,0
6030,2026-08-25 16:53:29.544997,1402.66,6746,0
5818,2026-08-26 03:53:29.544324,3400.04,5093,0
833,2026-08-30 13:33:29.528251,2878.78,1447,0
9814,2026-08-28 17:41:29.557543,1785.72,6529,0
5148,2026-08-27 16:19:29.542178,2055.42,5790,0
8354,2026-08-28 13:30:29.552810,1017.7,4267,0
3382,2026-08-30 15:28:29.536509,3977.27,6005,0
1870,2026-08-31 10:57:29.531609,4406.08,5987,0
8643,2026-08-31 10:15:29.553755,507.1,1995,0
8821,2026-08-29 21:52:29.554348,1565.59,5745,0
290,2026-08-26 16:16:29.526498,2883.87,6888,0
580,2026-08-25 19:55:29.527436,3132.17,8876,0
2785,2026-08-30 18:52:29.534591,3615.36,7687,0
3310,2026-08-27 09:17:29.536282,4307.25,8510,0
5239,2026-08-28 17:13:29.542478,180.35,6083,0
8464,2026-08-31 22:05:29.553187,1304.78,8688,0
5615,2026-08-29 00:15:29.543679,969.15,5264,0
9398,2026-08-29 07:48:29.556212,3886.84,1395,0
1175,2026-08-27 22:23:29.529377,4193.45,4969,0
2328,2026-08-26 09:28:29.533106,2571.13,1774,0
8399,2026-08-26 11:32:29.552965,1543.99,6374,0
7493,2026-08-28 17:25:29.549971,728.49,1276,0
6199,2026-08-29 22:59:29.545537,1980.08,4668,0
8120,2026-08-31 14:02:29.552068,4335.46,2238,0
5960,2026-08-30 18:06:29.544776,1714.86,5663,0
2425,2026-08-25 10:10:29.533414,2173.61,6212,0
6350,2026-08-28 15:29:29.546012,1730.6,5232,0
1230,2026-08-28 03:31:29.529548,418.92,5585,0
5833,2026-08-31 19:34:29.544370,267.94,7126,0
5843,2026-08-30 18:32:29.544404,2832.73,5252,0
8063,2026-08-27 23:53:29.551881,3571.98,1357,0
8734,2026-08-25 19:16:29.554072,1940.81,1111,0
3723,2026-08-30 08:42:29.537598,3188.37,5491,0
3542,2026-08-27 16:45:29.537012,4760.16,6808,0
8130,2026-08-26 22:22:29.552102,1441.44,4776,0
10445,2026-09-01 03:45:29.564659,1000.0,10044,1
6829,2026-08-26 15:39:29.547570,1461.29,2169,0
9614,2026-08-30 20:49:29.556902,1819.45,1190,0
3715,2026-08-29 06:34:29.537573,3892.72,7698,0
10298,2026-09-01 03:45:29.564659,1000.0,10047,1
10041,2026-09-01 03:45:29.564659,1000.0,10040,1
4358,2026-08-26 08:44:29.539641,1114.28,4802,0
6173,2026-08-27 02:59:29.545454,489.41,5404,0
4423,2026-08-28 16:12:29.539847,3790.56,3997,0
13,2026-08-26 21:41:29.525587,2099.47,5037,0
9545,2026-08-26 01:00:29.556683,4018.01,6273,0
1298,2026-08-31 12:41:29.529767,3075.13,8758,0
2828,2026-08-31 10:06:29.534728,1950.96,4415,0
7154,2026-08-27 15:48:29.548865,4139.75,1004,0
9082,2026-08-27 03:52:29.555212,4999.81,5239,0
674,2026-08-26 21:56:29.527739,4301.16,6277,0
7467,2026-08-30 01:00:29.549890,4165.2,6915,0
4959,2026-08-26 14:42:29.541560,1461.76,4392,0
5691,2026-08-25 05:21:29.543918,4333.33,2042,0
7537,2026-08-29 14:03:29.550184,2732.21,2292,0
9305,2026-08-26 18:05:29.555911,88.98,1110,0
7805,2026-08-31 19:34:29.551034,4812.11,4758,0
2227,2026-08-29 00:23:29.532756,1635.58,6389,0
4360,2026-08-31 00:40:29.539647,4275.42,8737,0
3663,2026-08-28 05:30:29.537405,2835.96,2083,0
558,2026-08-25 11:37:29.527364,1817.38,7669,0
4384,2026-08-26 23:20:29.539722,2784.79,8020,0
3037,2026-08-28 03:52:29.535405,3810.17,7404,0
3030,2026-08-27 07:30:29.535383,3292.2,1954,0
3935,2026-08-28 05:58:29.538288,2004.54,1358,0
49,2026-08-27 18:09:29.525699,3283.7,1149,0
4663,2026-08-28 15:23:29.540617,2951.14,5684,0
2924,2026-08-31 18:37:29.535035,2999.81,5153,0
1011,2026-08-27 06:03:29.528813,4750.31,3418,0
5242,2026-08-26 01:43:29.542490,40.6,4576,0
5100,2026-08-31 13:58:29.542007,3340.65,1244,0
7816,2026-08-30 11:48:29.551101,1647.52,1308,0
6022,2026-08-29 15:40:29.544973,3558.21,5891,0
1636,2026-08-28 03:13:29.530854,1618.85,5067,0
8731,2026-08-31 16:37:29.554061,11.23,8990,0
9477,2026-08-31 20:30:29.556465,173.46,1056,0
1191,2026-08-28 20:04:29.529427,4919.22,2032,0
6530,2026-08-27 22:25:29.546608,3811.66,2241,0
2886,2026-08-25 23:05:29.534914,3322.91,1854,0
2100,2026-08-31 22:41:29.532352,207.02,4793,0
8567,2026-08-28 21:13:29.553515,1017.54,4802,0
4881,2026-08-25 20:55:29.541313,482.11,8926,0
4179,2026-08-30 20:28:29.539068,2839.17,1745,0
8114,2026-08-30 21:09:29.552040,4659.4,8690,0
6169,2026-08-30 00:47:29.545442,375.62,4528,0
622,2026-08-28 23:42:29.527571,4426.21,1159,0
4654,2026-08-27 15:51:29.540589,2131.23,4250,0
1211,2026-08-31 18:38:29.529489,1520.95,4939,0
9192,2026-08-29 15:20:29.555556,2595.57,8593,0
8205,2026-08-28 01:01:29.552338,525.18,5844,0
8123,2026-08-26 11:07:29.552077,2139.21,8774,0
4904,2026-08-31 02:26:29.541388,111.77,8914,0
7139,2026-08-31 23:51:29.548818,256.98,6424,0
7022,2026-08-26 03:25:29.548409,4111.43,2953,0
8953,2026-08-27 04:48:29.554765,121.26,2554,0
10409,2026-09-01 03:45:29.564659,1000.0,10008,1
2169,2026-08-25 10:47:29.532568,3817.58,6479,0
1221,2026-08-25 06:45:29.529520,4171.48,7650,0
792,2026-08-31 01:02:29.528120,3835.52,3822,0
4620,2026-08-25 23:44:29.540478,2160.63,4423,0
5907,2026-08-28 12:33:29.544605,691.02,5315,0
10235,2026-09-01 03:45:29.564659,1000.0,10034,1
4676,2026-08-29 02:21:29.540658,4731.31,3966,0
10459,2026-09-01 03:45:29.564659,1000.0,10008,1
10377,2026-09-01 03:45:29.564659,1000.0,10026,1
4659,2026-08-29 09:49:29.540605,3887.93,1999,0
5766,2026-08-29 06:13:29.544163,709.2,1834,0
6007,2026-08-26 22:09:29.544926,1077.72,3616,0
5947,2026-08-26 23:06:29.544735,3562.09,1625,0
7738,2026-08-30 09:03:29.550822,178.67,7301,0
8340,2026-08-31 03:30:29.552766,771.39,1888,0
8895,2026-08-25 06:00:29.554582,506.23,5557,0
2524,2026-08-31 01:23:29.533733,2317.22,4642,0
7775,2026-08-27 17:10:29.550938,901.92,5456,0
1753,2026-08-31 06:20:29.531235,2297.13,4015,0
4341,2026-08-30 14:19:29.539586,3717.62,5557,0
713,2026-08-25 12:37:29.527861,313.72,7007,0
3610,2026-08-27 09:46:29.537234,2943.28,4502,0
5573,2026-08-31 08:57:29.543545,2444.6,8478,0
2108,2026-08-26 10:43:29.532377,575.7,8308,0
1479,2026-08-29 09:34:29.530356,2810.25,2745,0
462,2026-08-31 03:59:29.527054,2198.85,6447,0
1157,2026-08-26 09:32:29.529316,3594.88,2811,0
4273,2026-08-29 07:51:29.539365,2990.71,3116,0
8501,2026-08-27 17:33:29.553305,2081.81,1117,0
1571,2026-09-01 00:13:29.530648,1921.87,1906,0
9702,2026-08-30 01:31:29.557191,2684.71,7626,0
7771,2026-08-30 17:15:29.550925,2659.94,8898,0
7821,2026-08-30 17:22:29.551117,4244.46,4750,0
6091,2026-08-25 06:55:29.545200,958.74,8808,0
4063,2026-08-28 20:32:29.538693,4564.0,2915,0
1924,2026-08-29 15:50:29.531779,2680.82,7040,0
903,2026-08-31 10:29:29.528469,3366.97,2263,0
8484,2026-08-25 10:33:29.553252,4115.23,3933,0
3871,2026-08-28 04:47:29.538086,3369.78,7816,0
3140,2026-08-28 06:44:29.535737,1707.24,4718,0
2454,2026-08-25 12:54:29.533507,462.42,8798,0
125,2026-08-31 06:51:29.525941,164.63,7974,0
6440,2026-08-28 21:11:29.546319,1493.78,1441,0
9602,2026-08-31 06:42:29.556865,825.4,4372,0
10336,2026-09-01 03:45:29.564659,1000.0,10035,1
6834,2026-08-27 01:23:29.547586,1947.61,7632,0
8188,2026-08-27 22:33:29.552285,4313.51,5040,0
153,2026-08-30 05:35:29.526031,1463.44,4122,0
7803,2026-08-26 11:33:29.551027,3541.89,3473,0
1284,2026-08-27 18:24:29.529722,4936.15,2907,0
7360,2026-08-31 00:30:29.549545,3401.25,6613,0
4224,2026-08-29 20:47:29.539212,4115.91,2458,0
8309,2026-08-27 21:42:29.552670,259.32,7206,0
10357,2026-09-01 03:45:29.564659,1000.0,10006,1
8490,2026-08-25 21:51:29.553270,2212.91,5447,0
2780,2026-08-31 05:48:29.534575,4124.8,6665,0
7703,2026-08-25 06:04:29.550705,1883.3,7519,0
283,2026-09-01 01:27:29.526476,1386.79,3244,0
4637,2026-08-28 04:54:29.540532,3462.9,1223,0
6289,2026-08-28 13:55:29.545820,4815.45,6281,0
4157,2026-08-27 00:25:29.538991,2278.07,5520,0
8379,2026-08-30 14:25:29.552888,1167.43,5817,0
4586,2026-08-29 11:23:29.540373,2195.36,6270,0
6795,2026-08-30 11:04:29.547464,1590.39,4204,0
6895,2026-08-25 05:57:29.547778,4689.47,2876,0
6790,2026-08-28 02:51:29.547448,2339.28,1269,0
4513,2026-08-31 17:04:29.540141,4494.63,2133,0
5527,2026-08-31 08:37:29.543401,1382.76,6934,0
3174,2026-08-28 07:14:29.535843,3870.06,6969,0
427,2026-08-29 06:44:29.526933,1513.05,1138,0
1795,2026-08-30 03:32:29.531371,2629.44,1781,0
4356,2026-08-27 21:58:29.539634,154.07,5182,0
8432,2026-08-27 06:33:29.553087,173.74,7456,0
3909,2026-08-27 01:54:29.538207,2216.82,1432,0
2866,2026-08-27 17:57:29.534849,4125.96,3666,0
2509,2026-08-28 19:25:29.533681,3711.95,6431,0
2019,2026-08-25 14:05:29.532097,4212.92,3810,0
8393,2026-08-28 08:49:29.552934,761.99,6443,0
6780,2026-08-27 21:00:29.547415,1321.13,1858,0
5625,2026-08-30 05:54:29.543710,3131.6,7748,0
8524,2026-09-01 01:38:29.553376,952.35,6514,0
333,2026-08-31 05:08:29.526636,170.55,8568,0
9020,2026-08-25 06:54:29.554979,1345.05,6873,0
7092,2026-08-29 01:46:29.548668,2153.24,6635,0
7831,2026-08-27 20:34:29.551148,2565.45,3121,0
4000,2026-08-31 07:30:29.538494,3952.72,8920,0
3697,2026-08-30 19:30:29.537514,514.95,5731,0
4322,2026-08-27 06:06:29.539526,4877.49,2300,0
1994,2026-08-26 08:06:29.532000,4887.0,8970,0
409,2026-08-31 05:57:29.526877,1337.25,6048,0
8746,2026-08-29 21:19:29.554110,2549.04,6955,0
7393,2026-08-29 18:26:29.549652,1403.54,6967,0
9682,2026-09-01 01:34:29.557126,1059.43,8947,0
6940,2026-08-25 12:08:29.547958,897.18,1301,0
6886,2026-08-28 04:54:29.547750,4687.83,7629,0
4545,2026-08-26 03:45:29.540243,1805.67,8830,0
5523,2026-08-25 06:40:29.543388,1730.5,3960,0
10368,2026-09-01 03:45:29.564659,1000.0,10017,1
8904,2026-08-27 15:27:29.554610,3352.17,7788,0
946,2026-08-28 16:59:29.528607,4128.6,1555,0
5509,2026-08-27 13:13:29.543345,3227.03,1595,0
7059,2026-08-26 22:41:29.548566,3173.5,8987,0
2354,2026-08-30 22:40:29.533191,2646.91,2218,0
701,2026-08-28 20:26:29.527823,3018.3,5848,0
6145,2026-08-25 18:41:29.545367,3825.16,8689,0
5407,2026-08-27 18:34:29.543013,1539.54,3729,0
1660,2026-08-27 21:05:29.530929,4856.01,6512,0
10167,2026-09-01 03:45:29.564659,1000.0,10016,1
1791,2026-08-26 11:23:29.531358,2781.1,6698,0
2029,2026-08-28 17:48:29.532129,4592.29,3301,0
237,2026-08-25 21:18:29.526332,1252.14,3909,0
8076,2026-08-26 12:46:29.551921,2916.8,1969,0
2880,2026-08-27 19:28:29.534893,899.32,1541,0
7301,2026-08-26 18:17:29.549362,4430.29,6568,0
812,2026-08-30 03:54:29.528184,2863.51,3083,0
8624,2026-08-27 11:27:29.553693,1693.0,4318,0
9760,2026-08-29 22:22:29.557374,891.58,2916,0
5736,2026-08-28 19:51:29.544067,1791.49,5768,0
1409,2026-08-29 14:18:29.530136,2036.4,6820,0
7302,2026-08-27 20:16:29.549365,4993.17,5273,0
5091,2026-08-27 21:26:29.541978,2368.84,4975,0
5965,2026-08-30 20:40:29.544791,3906.43,1234,0
3322,2026-08-26 20:25:29.536320,3418.99,8592,0
835,2026-08-29 03:01:29.528257,2828.45,7709,0
5064,2026-08-31 23:03:29.541892,3040.98,8873,0
9171,2026-08-25 16:41:29.555491,1272.56,8484,0
7640,2026-08-31 08:13:29.550508,2671.71,6269,0
5635,2026-08-26 09:19:29.543741,186.01,4327,0
6560,2026-08-29 22:03:29.546702,678.71,8790,0
8142,2026-08-27 09:02:29.552141,1157.08,7025,0
6808,2026-08-26 21:07:29.547505,4765.15,4817,0
2376,2026-08-26 05:41:29.533260,1429.43,7879,0
2796,2026-08-28 16:12:29.534625,982.96,1562,0
4750,2026-08-31 14:14:29.540892,3255.86,5868,0
9202,2026-08-31 05:59:29.555587,4457.86,3835,0
2338,2026-08-27 17:24:29.533138,4632.58,2617,0
4366,2026-08-28 16:16:29.539666,760.11,7697,0
8376,2026-08-30 09:22:29.552878,2270.17,1788,0
1428,2026-08-28 21:22:29.530198,3778.58,3644,0
5436,2026-08-27 19:51:29.543115,1237.49,3410,0
3775,2026-08-30 04:36:29.537761,4237.08,3762,0
500,2026-08-31 03:59:29.527182,2137.88,8536,0
7881,2026-08-31 03:14:29.551309,3027.45,7693,0
9556,2026-08-27 23:27:29.556717,4422.84,7426,0
672,2026-08-26 15:04:29.527732,4437.9,4744,0
3461,2026-08-25 19:43:29.536758,265.16,5519,0
6156,2026-08-30 13:40:29.545402,2460.54,5215,0
6071,2026-08-30 19:24:29.545134,3437.16,1091,0
7733,2026-08-30 02:27:29.550806,4384.2,3885,0
4160,2026-08-29 06:30:29.539000,76.33,7227,0
4791,2026-08-26 09:13:29.541019,4825.62,3970,0
6050,2026-08-28 12:02:29.545068,33.32,7646,0
8892,2026-08-27 19:55:29.554571,4364.8,4426,0
4147,2026-08-30 20:44:29.538959,12.47,3711,0
6488,2026-08-28 21:30:29.546473,2754.26,8757,0
1897,2026-08-25 19:13:29.531695,894.96,1530,0
1323,2026-08-27 22:58:29.529845,862.26,4948,0
2518,2026-08-30 22:38:29.533710,1196.44,6907,0
9455,2026-08-26 03:18:29.556397,1737.62,7276,0
598,2026-08-31 20:52:29.527495,2824.43,5424,0
3675,2026-08-31 23:09:29.537445,2210.52,8935,0
1006,2026-08-26 13:30:29.528798,1774.25,5564,0
2423,2026-08-31 08:27:29.533407,4925.13,5014,0
3046,2026-08-28 02:41:29.535435,1752.83,7336,0
1113,2026-08-28 18:20:29.529178,3694.01,5897,0
7767,2026-08-31 00:09:29.550913,452.87,3465,0
10333,2026-09-01 03:45:29.564659,1000.0,10032,1
8797,2026-08-26 03:18:29.554270,2457.89,3319,0
9231,2026-08-31 16:53:29.555678,2910.01,7027,0
3574,2026-08-29 01:08:29.537122,3048.44,2565,0
6883,2026-08-27 03:33:29.547741,4536.12,4166,0
1250,2026-08-25 05:37:29.529613,4116.09,6277,0
8458,2026-08-28 17:58:29.553168,1545.9,1952,0
2008,2026-08-25 07:40:29.532054,2964.45,7320,0
687,2026-08-30 03:08:29.527779,1875.04,6276,0
6515,2026-08-28 17:44:29.546560,2134.31,8878,0
8969,2026-08-30 22:49:29.554816,2041.49,8394,0
6604,2026-08-27 06:12:29.546849,3509.02,5956,0
9591,2026-08-28 02:02:29.556831,772.31,1076,0
5500,2026-08-31 04:47:29.543317,4136.96,2569,0
6099,2026-08-31 22:01:29.545224,2756.6,6174,0
10048,2026-09-01 03:45:29.564659,1000.0,10047,1
5888,2026-08-27 20:00:29.544543,1861.26,6497,0
2300,2026-08-31 04:59:29.532989,893.81,3883,0
6493,2026-08-28 14:56:29.546488,2160.16,7176,0
8007,2026-08-25 15:01:29.551704,520.26,2227,0
8856,2026-08-31 21:40:29.554459,1715.73,4597,0
3144,2026-08-30 04:27:29.535749,3837.57,5642,0
5900,2026-08-28 12:27:29.544583,4916.27,3656,0
3577,2026-08-26 01:30:29.537131,1140.15,5419,0
5846,2026-08-29 11:12:29.544413,3224.45,6939,0
531,2026-08-26 01:01:29.527280,580.01,7069,0
3952,2026-08-30 16:45:29.538341,952.49,1835,0
3455,2026-08-26 23:42:29.536739,2705.39,8377,0
5149,2026-08-31 13:52:29.542181,2566.87,1955,0
3224,2026-08-27 06:37:29.536001,4962.76,6849,0
1335,2026-08-28 03:01:29.529885,3105.17,5129,0
8741,2026-08-30 02:42:29.554094,2232.72,7853,0
6047,2026-08-27 09:16:29.545059,4479.37,1460,0
4403,2026-08-26 17:38:29.539784,4514.86,2372,0
4486,2026-08-28 18:11:29.540057,2581.59,3266,0
1,2026-08-25 17:00:29.525544,4038.6,7424,0
1008,2026-08-25 10:05:29.528804,1401.72,7829,0
3257,2026-08-27 19:17:29.536113,24.0,3564,0
5326,2026-08-25 14:35:29.542759,2842.77,5543,0
8785,2026-09-01 02:16:29.554233,2434.08,7730,0
4382,2026-08-28 23:58:29.539716,1529.68,1180,0
63,2026-08-28 17:41:29.525747,1968.42,1588,0
5117,2026-08-25 22:13:29.542081,3090.75,8314,0
2766,2026-08-29 10:45:29.534528,4541.23,6493,0
8705,2026-08-25 13:17:29.553948,4999.54,2355,0
6681,2026-08-27 02:31:29.547101,1840.63,1663,0
1089,2026-09-01 00:58:29.529098,656.28,6477,0
2554,2026-08-29 17:07:29.533828,2868.26,5085,0
7941,2026-08-28 07:44:29.551496,2373.68,1296,0
3126,2026-09-01 02:04:29.535691,3272.1,3368,0
1274,2026-08-25 20:55:29.529689,2222.45,8150,0
6003,2026-08-28 04:53:29.544911,1249.26,2888,0
5800,2026-08-31 13:04:29.544268,3986.45,4760,0
4464,2026-08-30 01:22:29.539975,1445.44,5159,0
888,2026-08-29 22:15:29.528423,4126.29,6137,0
6298,2026-09-01 00:29:29.545848,3203.9,6326,0
10289,2026-09-01 03:45:29.564659,1000.0,10038,1
1021,2026-08-29 07:05:29.528845,986.44,1568,0
8094,2026-08-30 17:52:29.551977,288.47,1636,0
661,2026-08-27 18:01:29.527697,3538.53,2609,0
9544,2026-08-25 05:08:29.556680,2527.81,6990,0
3316,2026-08-26 22:29:29.536301,84.47,3060,0
8803,2026-08-28 17:02:29.554289,4969.47,7769,0
2457,2026-08-25 14:15:29.533516,2874.05,5319,0
9244,2026-08-30 21:07:29.555721,1502.2,5540,0
8837,2026-08-26 03:20:29.554400,2780.12,4318,0
5634,2026-08-25 19:29:29.543738,1681.38,3866,0
7209,2026-08-30 04:09:29.549056,179.43,2585,0
6613,2026-08-30 22:38:29.546878,4259.13,2282,0
1518,2026-08-31 00:06:29.530481,1610.4,3915,0
8978,2026-08-26 01:28:29.554844,211.33,5162,0
6364,2026-08-30 15:03:29.546076,2727.22,5023,0
1615,2026-08-30 12:15:29.530789,2856.41,4727,0
10056,2026-09-01 03:45:29.564659,1000.0,10005,1
2280,2026-08-26 13:19:29.532927,3665.59,6787,0
5241,2026-08-30 15:43:29.542487,224.53,7795,0
5130,2026-08-26 14:28:29.542122,3471.77,2737,0
905,2026-08-27 21:02:29.528476,2887.17,1217,0
1955,2026-08-26 02:15:29.531878,2197.07,2780,0
808,2026-08-31 09:03:29.528171,2049.21,7129,0
1603,2026-08-27 21:46:29.530752,3300.96,6289,0
8186,2026-08-29 07:14:29.552279,2180.92,4400,0
4870,2026-08-28 16:45:29.541278,3594.87,5550,0
7737,2026-08-25 07:22:29.550819,2830.04,4207,0
7602,2026-08-27 18:48:29.550387,3014.39,3831,0
1246,2026-08-26 13:40:29.529600,451.0,5382,0
3774,2026-08-30 23:44:29.537758,447.24,7727,0
4675,2026-08-28 03:21:29.540655,3233.31,2410,0
5530,2026-08-30 16:11:29.543410,2346.57,6656,0
1072,2026-08-26 15:11:29.529008,3241.59,3696,0
3571,2026-08-31 12:25:29.537112,3021.91,8958,0
8827,2026-08-27 18:20:29.554366,2037.85,3786,0
1346,2026-08-31 14:38:29.529919,1650.25,2699,0
9349,2026-08-27 10:50:29.556060,692.07,4229,0
2701,2026-08-30 10:09:29.534321,3274.48,3545,0
9282,2026-08-27 11:52:29.555839,1639.11,5262,0
9604,2026-08-25 11:04:29.556871,482.51,1307,0
5773,2026-08-27 04:25:29.544184,2698.27,6983,0
233,2026-08-31 01:45:29.526320,641.74,1437,0
8299,2026-08-27 12:47:29.552637,3108.16,4835,0
1288,2026-08-27 23:43:29.529735,2090.87,1161,0
5802,2026-08-29 07:07:29.544274,4351.33,8555,0
4479,2026-08-29 18:48:29.540024,2872.65,5861,0
5017,2026-08-31 15:34:29.541744,668.57,4350,0
4155,2026-08-26 20:13:29.538984,310.98,1565,0
274,2026-08-29 08:51:29.526448,2233.8,1448,0
2865,2026-08-31 16:14:29.534846,1447.37,3386,0
3565,2026-08-25 09:43:29.537094,1507.01,2161,0
10089,2026-09-01 03:45:29.564659,1000.0,10038,1
966,2026-08-30 11:00:29.528670,1903.46,7455,0
10065,2026-09-01 03:45:29.564659,1000.0,10014,1
7296,2026-08-29 01:53:29.549346,442.64,1692,0
3016,2026-08-26 21:19:29.535336,4215.08,3041,0
2715,2026-08-26 15:48:29.534365,1193.65,1472,0
8066,2026-08-29 23:40:29.551890,1551.78,3299,0
1667,2026-08-27 04:54:29.530951,2011.2,6362,0
6916,2026-08-28 09:14:29.547844,4459.74,3756,0
908,2026-08-26 13:48:29.528488,4650.55,1367,0
3940,2026-08-31 17:42:29.538303,3342.47,5834,0
329,2026-08-25 15:23:29.526623,4397.2,6143,0
5549,2026-08-27 11:21:29.543470,2569.06,8257,0
4726,2026-08-29 08:33:29.540814,2094.72,6482,0
6820,2026-08-28 11:22:29.547542,1587.85,8697,0
6205,2026-08-25 21:51:29.545556,762.16,5664,0
2379,2026-08-29 11:01:29.533269,3721.84,4072,0
9515,2026-08-29 22:31:29.556588,3850.79,6991,0
1999,2026-08-29 07:36:29.532016,916.41,4960,0
992,2026-08-28 12:44:29.528754,3964.24,3460,0
26,2026-08-29 08:02:29.525627,4960.79,5951,0
5419,2026-08-26 03:37:29.543062,2985.04,2544,0
5107,2026-08-30 09:31:29.542028,1161.08,8847,0
1760,2026-08-31 14:06:29.531260,4550.52,3907,0
1504,2026-08-27 15:49:29.530437,2028.18,8639,0
6302,2026-08-29 20:52:29.545860,1450.9,6508,0
6444,2026-08-31 10:02:29.546332,3961.04,7844,0
726,2026-08-29 18:41:29.527901,4569.35,6267,0
2514,2026-08-31 03:44:29.533697,909.78,5627,0
131,2026-08-27 08:32:29.525960,4834.62,5128,0
6903,2026-08-29 09:55:29.547804,3809.19,5694,0
1725,2026-08-26 06:37:29.531148,643.34,5754,0
10159,2026-09-01 03:45:29.564659,1000.0,10008,1
2690,2026-08-26 01:02:29.534287,1487.5,3536,0
610,2026-08-28 18:40:29.527533,2754.45,5905,0
2481,2026-08-31 13:31:29.533592,3310.16,4596,0
1839,2026-08-29 11:18:29.531509,3390.2,6282,0
4789,2026-08-28 09:14:29.541013,3762.58,3988,0
7000,2026-08-28 03:52:29.548289,4259.36,1998,0
1101,2026-08-31 08:26:29.529141,2780.52,1921,0
6484,2026-08-26 03:24:29.546461,579.42,2585,0
9971,2026-08-28 11:05:29.558047,4919.3,8086,0
7992,2026-08-31 22:46:29.551657,805.92,3428,0
10444,2026-09-01 03:45:29.564659,1000.0,10043,1
4945,2026-08-30 12:19:29.541516,4465.23,3329,0
10034,2026-09-01 03:45:29.564659,1000.0,10033,1
6890,2026-08-25 15:06:29.547763,389.04,1200,0
6650,2026-09-01 02:18:29.546995,188.21,8661,0
8924,2026-08-31 08:07:29.554672,4293.57,5643,0
4095,2026-08-28 06:11:29.538793,501.48,2280,0
2758,2026-08-30 09:15:29.534502,1049.38,2249,0
9177,2026-08-29 19:30:29.555510,2686.53,3237,0
8357,2026-08-28 10:32:29.552819,3328.68,1190,0
5262,2026-08-26 00:36:29.542557,4556.29,5306,0
3727,2026-08-30 01:07:29.537610,51.59,5164,0
6542,2026-08-28 20:40:29.546646,1181.39,6397,0
4569,2026-08-27 17:09:29.540320,1129.75,6787,0
8900,2026-08-26 02:57:29.554598,1427.96,8987,0
3068,2026-08-29 15:50:29.535507,3768.89,7444,0
5693,2026-08-30 05:38:29.543924,3328.96,1538,0
2991,2026-08-25 14:15:29.535258,236.83,8849,0
875,2026-08-29 21:20:29.528382,2460.52,6485,0
6408,2026-08-26 16:22:29.546214,4450.28,5908,0
1441,2026-08-28 08:33:29.530238,1568.54,2989,0
3580,2026-08-29 20:11:29.537140,2652.54,7408,0
10464,2026-09-01 03:45:29.564659,1000.0,10013,1
10271,2026-09-01 03:45:29.564659,1000.0,10020,1
5612,2026-08-28 06:35:29.543670,4823.85,7421,0
3635,2026-08-29 02:50:29.537314,4345.84,6824,0
7521,2026-08-25 14:08:29.550111,159.8,2489,0
9707,2026-08-28 10:38:29.557207,4183.28,4157,0
2563,2026-08-27 00:49:29.533858,1894.11,7483,0
4536,2026-09-01 01:24:29.540215,779.82,2668,0
4369,2026-08-26 07:18:29.539675,4319.87,8167,0
5918,2026-08-30 05:14:29.544639,3698.24,3051,0
2426,2026-08-30 19:17:29.533417,3928.49,5473,0
6054,2026-08-26 10:50:29.545081,2457.25,5967,0
1389,2026-08-31 20:50:29.530074,1148.17,1636,0
10137,2026-09-01 03:45:29.564659,1000.0,10036,1
6468,2026-08-25 22:05:29.546411,3222.91,2922,0
9478,2026-08-29 12:05:29.556468,1531.56,5928,0
5719,2026-08-29 20:09:29.544005,211.54,4139,0
6503,2026-08-29 12:26:29.546520,3305.58,3849,0
2121,2026-08-29 14:53:29.532418,1088.14,8514,0
9952,2026-08-29 21:05:29.557980,234.18,1134,0
10107,2026-09-01 03:45:29.564659,1000.0,10006,1
303,2026-08-25 20:56:29.526538,3499.16,5646,0
454,2026-08-28 16:28:29.527017,1678.89,8831,0
9134,2026-08-27 21:21:29.555373,4412.66,6036,0
2786,2026-08-28 01:52:29.534594,4682.29,8985,0
2492,2026-08-25 14:48:29.533627,408.02,5775,0
6826,2026-08-25 19:26:29.547561,400.71,6801,0
5516,2026-08-31 13:53:29.543367,3142.11,6741,0
426,2026-08-28 08:40:29.526930,2233.71,7902,0
913,2026-08-27 03:37:29.528503,4847.6,4967,0
7418,2026-08-29 03:59:29.549730,3505.65,7746,0
2874,2026-08-25 13:48:29.534874,2608.03,4707,0
4683,2026-08-31 01:35:29.540680,957.49,4610,0
8981,2026-08-27 00:24:29.554856,512.8,2673,0
1477,2026-08-31 15:55:29.530350,3321.17,3205,0
1515,2026-08-31 06:24:29.530472,1800.44,6568,0
5689,2026-08-29 21:14:29.543912,1467.32,7112,0
7007,2026-08-28 05:16:29.548328,401.28,4208,0
4205,2026-08-27 01:54:29.539150,3164.1,6188,0
8203,2026-08-27 19:12:29.552332,4888.05,2239,0
4953,2026-08-26 02:04:29.541541,3150.08,6112,0
2526,2026-08-31 16:36:29.533740,1077.46,8845,0
7473,2026-08-25 07:34:29.549909,4130.15,8075,0
2615,2026-08-27 02:56:29.534024,3277.3,8092,0
8286,2026-08-27 12:48:29.552596,2464.2,6432,0
8936,2026-08-28 19:02:29.554710,4098.95,6244,0
609,2026-08-28 00:29:29.527530,4642.4,8809,0
5898,2026-08-29 12:30:29.544577,2421.08,7954,0
8231,2026-08-25 16:16:29.552423,3035.12,3826,0
3101,2026-08-27 01:26:29.535610,536.11,7665,0
4779,2026-08-25 19:21:29.540982,4507.6,3488,0
3104,2026-08-25 09:03:29.535620,888.91,6795,0
4772,2026-08-30 17:46:29.540960,2707.63,8190,0
9845,2026-08-30 14:09:29.557642,3475.64,8070,0
1087,2026-08-27 17:34:29.529091,3833.91,2670,0
549,2026-08-31 02:16:29.527336,3836.61,1898,0
6352,2026-08-29 10:25:29.546019,4675.29,7412,0
6949,2026-08-31 15:53:29.547997,2326.18,5674,0
9137,2026-09-01 00:05:29.555383,403.65,2218,0
7465,2026-08-28 21:07:29.549884,2978.12,5291,0
1053,2026-08-31 01:40:29.528948,3742.24,6041,0
7929,2026-08-28 12:40:29.551459,4826.06,7016,0
6842,2026-08-27 05:56:29.547611,3682.42,4722,0
1136,2026-08-31 23:45:29.529250,3149.67,4721,0
8940,2026-08-26 03:42:29.554725,1843.71,6340,0
482,2026-08-27 00:49:29.527120,2836.7,7279,0
4608,2026-08-29 05:45:29.540441,1830.22,7958,0
10488,2026-09-01 03:45:29.564659,1000.0,10037,1
1818,2026-08-26 00:45:29.531443,2536.35,3168,0
2659,2026-08-28 20:54:29.534186,4121.07,1540,0
7359,2026-08-27 11:36:29.549542,3607.13,3345,0
2633,2026-08-29 10:06:29.534105,2149.9,8219,0
4934,2026-08-29 11:37:29.541482,3792.84,3097,0
1226,2026-08-29 19:28:29.529536,1330.09,6437,0
5803,2026-08-26 23:13:29.544277,571.29,1230,0
8576,2026-08-30 00:56:29.553543,4102.05,1209,0
7893,2026-08-26 08:31:29.551346,1546.63,7498,0
2672,2026-08-25 20:22:29.534227,4490.94,5817,0
7930,2026-08-25 09:35:29.551462,2557.21,8006,0
2279,2026-08-27 05:10:29.532924,983.2,7044,0
1353,2026-08-28 04:40:29.529940,3846.27,4400,0
5047,2026-08-29 22:57:29.541839,3745.67,8175,0
2981,2026-08-27 11:18:29.535227,2729.47,2412,0
7370,2026-08-29 04:06:29.549581,3146.52,4859,0
5018,2026-08-27 20:22:29.541747,30.04,7059,0
5591,2026-08-31 12:01:29.543603,1238.04,3555,0
6755,2026-08-29 12:43:29.547334,3236.29,3526,0
10415,2026-09-01 03:45:29.564659,1000.0,10014,1
6064,2026-08-27 05:10:29.545112,2140.39,8587,0
9467,2026-08-30 01:47:29.556434,580.94,7349,0
9518,2026-09-01 00:08:29.556598,3149.88,1900,0
9463,2026-08-28 22:39:29.556421,1199.99,7285,0
7813,2026-08-29 19:39:29.551092,3374.23,1325,0
17,2026-08-29 13:42:29.525599,2629.51,2825,0
7364,2026-08-25 14:15:29.549559,2036.2,1615,0
9892,2026-08-27 03:11:29.557790,2223.52,7631,0
9745,2026-08-29 18:10:29.557325,507.55,7040,0
2259,2026-08-27 01:23:29.532858,1060.37,8478,0
3908,2026-08-26 16:18:29.538204,1207.19,1167,0
4912,2026-08-26 12:10:29.541413,3912.11,6636,0
3091,2026-08-25 06:41:29.535579,300.92,1052,0
1484,2026-08-26 18:40:29.530372,1066.49,5988,0
3019,2026-08-31 16:17:29.535345,68.54,1228,0
360,2026-08-26 09:38:29.526720,3263.67,8041,0
9683,2026-08-28 14:33:29.557129,3954.25,4717,0
9743,2026-08-26 20:21:29.557319,2665.99,2802,0
422,2026-08-27 09:50:29.526918,4539.18,3404,0
10272,2026-09-01 03:45:29.564659,1000.0,10021,1
253,2026-08-26 15:51:29.526382,2859.53,2296,0
8502,2026-08-31 16:52:29.553308,1866.71,5255,0
589,2026-08-27 12:25:29.527467,4629.86,7306,0
8717,2026-08-29 20:22:29.553985,3603.47,2728,0
6979,2026-08-31 21:02:29.548175,171.94,2707,0
4014,2026-08-26 10:00:29.538537,1840.56,1983,0
5703,2026-09-01 01:30:29.543955,2251.7,6772,0
1883,2026-08-28 00:24:29.531650,2411.3,5928,0
3894,2026-08-28 09:26:29.538160,2864.07,6422,0
3585,2026-08-25 16:30:29.537156,4565.07,3856,0
9178,2026-08-29 10:04:29.555513,3227.63,8201,0
2710,2026-08-25 12:01:29.534349,1894.16,5085,0
9687,2026-08-30 22:56:29.557142,2825.21,8674,0
8631,2026-08-31 14:51:29.553715,1538.49,1958,0
9259,2026-08-27 02:19:29.555767,199.53,8419,0
1692,2026-08-29 18:56:29.531031,1893.79,3213,0
1317,2026-08-26 23:45:29.529826,2436.71,1004,0
3083,2026-08-27 00:39:29.535554,1589.59,7855,0
8591,2026-08-31 07:33:29.553590,1730.87,8674,0
8238,2026-08-30 14:26:29.552444,1644.27,4819,0
3348,2026-08-29 16:19:29.536401,841.77,3830,0
5249,2026-08-25 07:26:29.542512,560.36,7969,0
8200,2026-08-26 09:46:29.552323,3238.86,3953,0
6104,2026-08-28 21:21:29.545240,1116.64,4383,0
4490,2026-08-31 10:36:29.540069,4835.48,2327,0
914,2026-08-30 20:52:29.528507,490.06,8825,0
850,2026-08-28 08:40:29.528304,3451.8,2883,0
5307,2026-08-25 23:04:29.542697,2377.0,4556,0
1020,2026-08-28 10:49:29.528841,4796.24,1065,0
1415,2026-08-27 03:17:29.530158,3816.89,6584,0
1563,2026-08-27 11:53:29.530623,4250.95,4734,0
6805,2026-08-29 17:48:29.547495,1102.17,7929,0
2265,2026-08-25 12:56:29.532877,495.64,1981,0
8278,2026-08-30 03:25:29.552571,1195.53,8346,0
1723,2026-09-01 01:04:29.531142,2625.18,6625,0
6566,2026-08-26 15:37:29.546722,1866.45,7143,0
1899,2026-08-29 07:26:29.531701,1862.5,1682,0
4040,2026-08-26 22:20:29.538618,3756.21,4548,0
9925,2026-08-25 15:02:29.557895,1985.09,3282,0
5880,2026-08-28 01:18:29.544518,2305.37,8816,0
9723,2026-08-27 00:44:29.557257,2429.12,8306,0
7076,2026-08-25 09:20:29.548619,2775.19,2915,0
5265,2026-08-29 03:35:29.542566,4505.43,8191,0
8163,2026-08-29 20:13:29.552206,268.74,2212,0
9183,2026-08-30 17:08:29.555528,872.18,7330,0
7698,2026-08-29 05:24:29.550689,4451.4,4703,0
4849,2026-08-27 09:03:29.541213,619.65,7979,0
6611,2026-08-26 23:42:29.546871,4785.24,4509,0
8845,2026-08-29 21:17:29.554425,4607.61,1630,0
3487,2026-08-26 01:33:29.536838,2206.34,4632,0
731,2026-08-25 20:19:29.527917,552.73,7248,0
1920,2026-08-29 13:25:29.531767,1252.34,8898,0
2150,2026-09-01 02:11:29.532509,2884.09,1463,0
2969,2026-08-28 12:05:29.535189,483.57,5550,0
9397,2026-08-26 09:27:29.556209,3242.95,1734,0
2591,2026-08-28 04:51:29.533945,4352.41,1988,0
8401,2026-08-29 06:38:29.552971,4980.58,6956,0
2673,2026-08-28 11:45:29.534230,2369.37,3205,0
597,2026-08-30 01:57:29.527492,3197.21,5872,0
419,2026-08-29 12:52:29.526908,445.96,8494,0
6357,2026-08-27 07:14:29.546034,1449.72,3297,0
8248,2026-08-31 21:59:29.552476,4084.97,1118,0
2410,2026-08-29 04:06:29.533366,3103.75,2908,0
9113,2026-08-25 09:24:29.555308,3330.63,6346,0
3579,2026-08-26 19:50:29.537137,1995.16,6832,0
6591,2026-08-25 13:54:29.546802,979.68,6238,0
9391,2026-08-26 08:58:29.556190,3430.89,2896,0
8806,2026-08-28 06:48:29.554299,3423.03,4544,0
7531,2026-08-31 18:53:29.550162,1476.35,1682,0
1512,2026-08-28 15:48:29.530462,459.58,6079,0
3154,2026-08-31 03:14:29.535781,155.73,5089,0
5014,2026-08-29 04:18:29.541735,2083.35,5022,0
3717,2026-08-31 19:47:29.537579,2134.17,7227,0
9248,2026-08-29 17:03:29.555733,1814.18,7833,0
5330,2026-08-27 17:00:29.542771,2592.77,8660,0
10347,2026-09-01 03:45:29.564659,1000.0,10046,1
2087,2026-08-26 01:09:29.532310,952.36,4010,0
7434,2026-08-29 09:04:29.549780,770.18,4100,0
5414,2026-08-31 21:50:29.543037,4034.95,5401,0
6163,2026-08-28 19:25:29.545423,2463.4,5863,0
3167,2026-08-27 03:03:29.535822,1328.47,2661,0
659,2026-08-29 08:11:29.527691,4849.44,7954,0
8446,2026-08-28 11:52:29.553131,4063.58,4927,0
5486,2026-09-01 03:09:29.543271,1759.5,8307,0
6835,2026-08-26 22:43:29.547589,3738.33,1139,0
10023,2026-09-01 03:45:29.564659,1000.0,10022,1
9562,2026-08-25 15:42:29.556736,3244.59,7700,0
3411,2026-08-29 04:44:29.536599,1913.32,4329,0
8015,2026-08-27 15:01:29.551729,3680.03,4059,0
9585,2026-08-27 05:30:29.556812,2745.65,8382,0
4075,2026-08-31 23:14:29.538730,1696.99,7709,0
8941,2026-08-26 22:09:29.554728,574.13,6608,0
2875,2026-08-28 18:07:29.534877,743.1,3592,0
2394,2026-08-26 20:28:29.533316,1644.53,3408,0
3991,2026-08-29 13:57:29.538465,339.51,7147,0
2138,2026-08-26 04:38:29.532472,4963.35,5431,0
2551,2026-08-26 09:17:29.533818,2208.37,7788,0
2712,2026-08-30 06:35:29.534356,3089.31,3552,0
6395,2026-08-28 08:49:29.546173,1336.8,3500,0
5314,2026-08-27 18:32:29.542719,3809.5,3939,0
2645,2026-08-27 13:35:29.534143,4880.49,5457,0
2547,2026-08-26 03:50:29.533806,2051.75,7327,0
361,2026-08-27 14:30:29.526723,2813.29,3260,0
803,2026-08-27 13:05:29.528155,4375.68,7661,0
9130,2026-08-25 21:23:29.555361,1980.16,1385,0
6669,2026-08-30 20:31:29.547063,4181.25,6466,0
1846,2026-08-25 19:20:29.531533,891.84,7996,0
4837,2026-08-30 12:41:29.541175,612.92,5315,0
7549,2026-08-30 23:06:29.550221,3469.84,8446,0
3582,2026-08-28 00:10:29.537146,1656.2,3260,0
9456,2026-08-27 21:57:29.556400,537.5,2763,0
2212,2026-08-25 12:25:29.532705,2983.99,4105,0
8695,2026-08-28 02:22:29.553917,2064.99,4795,0
5341,2026-08-28 09:27:29.542806,4272.35,1565,0
6431,2026-08-29 11:09:29.546291,4351.18,4999,0
5620,2026-08-26 04:58:29.543695,4811.84,3784,0
7227,2026-08-29 05:09:29.549129,656.73,3171,0
5616,2026-08-31 07:24:29.543682,3958.51,4704,0
59,2026-08-31 00:49:29.525734,3023.17,6272,0
7705,2026-08-25 06:26:29.550711,2693.7,4484,0
8686,2026-08-31 19:14:29.553889,3819.75,6191,0
1828,2026-08-28 17:53:29.531474,3340.88,6376,0
65,2026-08-28 09:25:29.525753,1651.31,4113,0
5236,2026-08-30 17:24:29.542468,4430.92,5676,0
4194,2026-08-31 10:22:29.539116,1471.28,5031,0
375,2026-08-30 18:54:29.526768,1206.23,2386,0
6587,2026-08-31 22:44:29.546790,4766.08,2077,0
3591,2026-08-25 21:53:29.537175,4892.27,3739,0
6108,2026-08-29 04:40:29.545252,3036.67,3823,0
5400,2026-08-30 06:07:29.542991,3677.87,3346,0
2972,2026-08-31 00:45:29.535198,1731.73,1617,0
10097,2026-09-01 03:45:29.564659,1000.0,10046,1
5118,2026-08-31 14:45:29.542084,4608.83,7324,0
8308,2026-08-29 05:03:29.552667,3309.26,3366,0
256,2026-08-29 03:03:29.526391,4587.85,3521,0
5839,2026-08-28 05:31:29.544392,2173.7,6225,0
9408,2026-08-29 13:44:29.556247,4080.7,8462,0
6202,2026-08-26 03:57:29.545547,2080.91,2514,0
57,2026-08-27 07:46:29.525728,948.4,5445,0
7785,2026-08-25 21:04:29.550969,3985.98,2220,0
7636,2026-08-30 10:27:29.550496,1388.21,3932,0
2536,2026-08-26 19:33:29.533771,3743.66,4799,0
6841,2026-08-25 23:08:29.547608,123.54,6387,0
2314,2026-08-29 22:55:29.533033,1872.89,5138,0
5288,2026-08-29 00:50:29.542638,4325.32,6035,0
4082,2026-08-25 23:03:29.538752,230.54,7583,0
8879,2026-08-31 18:39:29.554530,2637.71,4392,0
9593,2026-08-29 21:51:29.556837,2744.24,4615,0
3851,2026-08-28 12:49:29.538001,2346.12,4944,0
572,2026-08-28 00:47:29.527411,1444.67,1008,0
8688,2026-08-26 23:47:29.553895,3643.73,3382,0
5938,2026-08-26 15:55:29.544704,3805.96,3954,0
5909,2026-08-30 14:18:29.544611,4701.48,3232,0
9359,2026-08-25 05:39:29.556091,2537.85,4764,0
9346,2026-08-26 21:39:29.556051,2637.26,4074,0
8600,2026-08-31 16:14:29.553618,2548.67,7001,0
3346,2026-08-25 17:39:29.536394,2244.95,8071,0
8034,2026-08-29 12:41:29.551788,182.63,2316,0
10010,2026-09-01 03:45:29.564659,1000.0,10009,1
7497,2026-08-31 11:02:29.549984,3302.54,6436,0
1267,2026-08-30 02:05:29.529666,3454.24,5125,0
4785,2026-08-28 19:36:29.541001,3839.36,7509,0
6751,2026-08-28 18:21:29.547321,4240.29,3999,0
210,2026-08-28 07:35:29.526247,1754.98,3176,0
3783,2026-08-30 11:05:29.537786,901.65,4794,0
1256,2026-08-28 12:26:29.529632,858.28,3256,0
5647,2026-08-29 22:18:29.543778,1641.73,2495,0
6185,2026-08-28 06:16:29.545494,1643.51,8389,0
7532,2026-08-29 03:25:29.550166,3102.32,7576,0
4967,2026-08-26 19:07:29.541585,1308.45,2532,0
5729,2026-08-27 02:01:29.544037,1176.07,3592,0
4803,2026-08-30 08:55:29.541066,3951.28,5575,0
5567,2026-08-28 20:06:29.543526,4697.88,6890,0
3705,2026-08-25 14:26:29.537539,4648.31,2912,0
9662,2026-08-30 00:13:29.557064,2141.39,7406,0
1316,2026-08-30 21:13:29.529823,2728.74,1345,0
7946,2026-08-28 17:56:29.551511,2158.08,2929,0
935,2026-08-27 18:38:29.528573,2335.25,3149,0
8260,2026-08-27 17:16:29.552513,1889.75,6941,0
8756,2026-09-01 02:48:29.554141,2784.31,6349,0
2579,2026-08-28 18:42:29.533908,3299.35,8296,0
6463,2026-08-30 05:54:29.546394,986.19,5155,0
10353,2026-09-01 03:45:29.564659,1000.0,10002,1
9389,2026-08-29 04:21:29.556184,4173.76,3245,0
8586,2026-08-27 04:05:29.553574,4919.08,7888,0
7621,2026-08-30 19:00:29.550449,4192.91,7436,0
6353,2026-08-31 19:11:29.546022,976.89,6245,0
4225,2026-08-26 12:10:29.539215,2407.16,4283,0
10174,2026-09-01 03:45:29.564659,1000.0,10023,1
4459,2026-08-29 04:21:29.539959,4931.81,7198,0
6426,2026-08-28 09:41:29.546272,1332.58,3902,0
1740,2026-08-28 20:16:29.531195,4875.23,5422,0
3394,2026-08-29 17:04:29.536546,4059.6,6696,0
1425,2026-08-26 02:03:29.530189,76.04,8634,0
1642,2026-08-28 12:05:29.530873,4565.8,3586,0
7579,2026-08-30 22:13:29.550316,3565.12,1093,0
7830,2026-08-29 19:26:29.551145,4053.5,4623,0
4004,2026-08-27 22:16:29.538506,4364.79,7048,0
1357,2026-08-28 10:35:29.529953,3827.58,1599,0
103,2026-08-26 02:23:29.525872,3049.08,2799,0
4156,2026-08-31 03:21:29.538987,1945.59,2500,0
8890,2026-09-01 03:24:29.554564,793.22,5413,0
108,2026-08-26 13:03:29.525888,2739.44,7029,0
3165,2026-08-26 08:22:29.535815,3320.8,8222,0
6639,2026-08-27 14:26:29.546961,947.93,1949,0
8713,2026-08-27 00:16:29.553973,3515.7,1586,0
7961,2026-08-31 06:34:29.551561,2518.62,2973,0
10305,2026-09-01 03:45:29.564659,1000.0,10004,1
9204,2026-08-26 08:29:29.555593,780.11,2128,0
3106,2026-08-29 17:52:29.535626,3104.75,6314,0
5933,2026-08-26 23:20:29.544688,3224.43,7461,0
8517,2026-08-28 13:40:29.553354,3954.16,8025,0
304,2026-08-30 16:08:29.526542,2751.12,5117,0
6092,2026-08-29 05:58:29.545203,3927.95,1831,0
5394,2026-08-26 20:36:29.542972,2559.0,1423,0
7469,2026-08-25 07:19:29.549897,3650.79,1043,0
9016,2026-08-25 18:18:29.554966,2954.91,5100,0
1051,2026-08-27 17:03:29.528940,4219.56,6945,0
8836,2026-08-29 23:57:29.554397,3266.04,1360,0
3998,2026-08-26 06:26:29.538487,3454.31,2893,0
7476,2026-08-29 10:13:29.549918,2479.07,2851,0
7208,2026-08-27 02:08:29.549036,3531.72,8927,0
6491,2026-08-26 16:28:29.546482,474.13,6906,0
5190,2026-08-26 00:02:29.542318,2995.83,8336,0
2587,2026-08-31 02:59:29.533933,3205.27,7290,0
689,2026-08-31 08:24:29.527785,153.11,4066,0
1631,2026-08-30 11:48:29.530839,4426.61,5601,0
1918,2026-08-26 20:32:29.531760,4005.7,7853,0
10188,2026-09-01 03:45:29.564659,1000.0,10037,1
9532,2026-08-28 14:16:29.556642,3936.1,8832,0
6721,2026-08-31 08:51:29.547228,1299.1,8682,0
2823,2026-08-28 22:53:29.534709,4728.23,3462,0
9599,2026-08-30 21:11:29.556855,2095.82,5889,0
7053,2026-08-25 10:03:29.548547,3341.69,6931,0
10109,2026-09-01 03:45:29.564659,1000.0,10008,1
5578,2026-08-29 23:12:29.543561,238.34,8577,0
8977,2026-08-30 04:18:29.554841,885.68,6634,0
5204,2026-08-25 07:20:29.542362,2992.28,6643,0
1040,2026-08-31 11:51:29.528904,1351.94,6438,0
3333,2026-08-30 05:08:29.536354,434.19,1706,0
9722,2026-08-25 21:02:29.557253,2870.42,3474,0
8875,2026-08-27 15:21:29.554518,1690.01,8589,0
3877,2026-08-29 01:48:29.538104,2593.17,1363,0
5121,2026-08-27 14:38:29.542093,2423.31,7011,0
6962,2026-08-30 05:49:29.548080,3627.32,6948,0
1158,2026-08-25 20:37:29.529319,3258.64,6713,0
3476,2026-08-25 09:45:29.536804,3792.51,3702,0
3115,2026-08-27 20:14:29.535656,2753.04,1561,0
694,2026-08-28 22:14:29.527801,2001.84,8022,0
646,2026-08-29 19:49:29.527646,3711.84,1793,0
8493,2026-08-26 19:54:29.553280,2192.47,6039,0
751,2026-08-30 00:53:29.527982,4336.31,6908,0
723,2026-08-25 19:06:29.527892,1778.75,1199,0
5194,2026-08-29 14:32:29.542330,4323.65,3069,0
1807,2026-08-25 22:28:29.531408,4271.59,1385,0
6215,2026-08-30 00:13:29.545588,2605.43,7533,0
9254,2026-08-30 12:00:29.555752,2167.58,1579,0
9794,2026-08-29 22:07:29.557481,1005.29,3441,0
416,2026-08-26 21:18:29.526899,1096.91,2957,0
3164,2026-08-31 20:47:29.535812,1304.81,5019,0
8268,2026-08-30 02:01:29.552539,2378.53,2188,0
10441,2026-09-01 03:45:29.564659,1000.0,10040,1
4757,2026-08-26 13:10:29.540913,837.4,7575,0
3215,2026-08-28 05:13:29.535973,2611.57,8438,0
3000,2026-08-28 11:41:29.535286,2268.18,5546,0
9686,2026-08-27 04:03:29.557139,1073.67,1120,0
10195,2026-09-01 03:45:29.564659,1000.0,10044,1
917,2026-08-26 13:12:29.528516,1022.34,7392,0
10229,2026-09-01 03:45:29.564659,1000.0,10028,1
8585,2026-08-30 07:51:29.553571,3780.19,8499,0
3889,2026-08-26 22:15:29.538144,3161.25,1345,0
8613,2026-08-27 13:33:29.553658,2870.14,6715,0
8495,2026-08-30 11:22:29.553286,1974.38,7452,0
5452,2026-08-30 04:41:29.543164,2897.92,3175,0
8134,2026-08-31 22:19:29.552115,680.81,5693,0
9449,2026-08-31 14:31:29.556375,2405.02,4000,0
2047,2026-08-30 16:42:29.532185,633.57,4431,0
5504,2026-08-30 10:46:29.543329,351.02,8653,0
9378,2026-08-28 12:45:29.556150,4655.23,8822,0
8161,2026-08-28 06:59:29.552200,4346.71,8252,0
3321,2026-08-27 08:45:29.536317,1801.37,1016,0
9676,2026-08-27 18:10:29.557107,3346.24,5678,0
2833,2026-08-30 03:24:29.534744,4741.46,2195,0
4743,2026-08-28 11:43:29.540870,4625.14,2219,0
8762,2026-08-30 13:42:29.554160,3325.3,3740,0
9941,2026-08-31 17:24:29.557946,1769.34,3642,0
8111,2026-08-30 00:47:29.552030,1898.43,2172,0
657,2026-08-26 05:44:29.527685,997.73,2191,0
9331,2026-08-29 02:36:29.555994,3354.73,2382,0
6328,2026-09-01 00:49:29.545941,274.31,6902,0
9279,2026-08-25 20:45:29.555829,4975.51,3818,0
5784,2026-08-27 08:50:29.544218,99.13,4167,0
5462,2026-08-31 19:13:29.543197,4203.41,1592,0
8426,2026-08-25 18:45:29.553068,1980.16,3771,0
7073,2026-08-25 22:47:29.548610,3978.66,4189,0
7915,2026-08-27 08:30:29.551415,2526.16,6761,0
9281,2026-08-26 05:30:29.555835,2155.34,2473,0
9257,2026-08-30 17:08:29.555761,741.58,8280,0
6783,2026-08-31 18:21:29.547424,2709.66,8652,0
2438,2026-08-31 02:25:29.533457,2583.5,1530,0
2883,2026-08-31 08:39:29.534902,364.11,1474,0
9433,2026-08-28 22:26:29.556326,3578.53,7390,0
3450,2026-08-28 05:07:29.536721,1838.87,3296,0
280,2026-08-27 03:10:29.526467,2519.44,2120,0
5771,2026-08-30 05:30:29.544178,3804.15,1822,0
4922,2026-08-28 10:57:29.541444,1219.12,7635,0
2646,2026-08-29 09:45:29.534146,2524.13,5968,0
9423,2026-09-01 03:44:29.556294,3854.53,8925,0
3409,2026-08-28 10:28:29.536593,4496.87,1655,0
4232,2026-08-26 20:01:29.539237,3000.63,1165,0
315,2026-08-28 05:12:29.526579,3501.01,5892,0
633,2026-08-26 00:51:29.527605,810.48,4713,0
2971,2026-08-30 10:09:29.535195,2530.17,8838,0
8622,2026-08-28 13:33:29.553687,4206.77,5751,0
8649,2026-08-31 02:45:29.553773,1818.95,7608,0
3130,2026-08-25 07:03:29.535704,3055.0,4766,0
4760,2026-08-25 13:48:29.540923,3698.67,3429,0
8091,2026-08-31 12:15:29.551968,4758.06,7392,0
6040,2026-08-30 10:18:29.545028,748.86,6268,0
7962,2026-08-25 06:52:29.551564,3500.02,6055,0
2125,2026-08-26 12:45:29.532430,476.96,3211,0
2277,2026-08-27 06:27:29.532917,4023.32,1742,0
6372,2026-08-28 15:31:29.546101,3671.98,7365,0
1502,2026-08-26 19:36:29.530431,4649.54,4816,0
2560,2026-08-27 13:20:29.533847,2295.66,4395,0
6210,2026-08-27 01:19:29.545572,133.45,5791,0
7151,2026-08-27 14:56:29.548856,2482.45,2544,0
4920,2026-08-25 19:17:29.541438,3965.16,7757,0
7287,2026-08-26 16:11:29.549318,2417.73,5955,0
1855,2026-08-29 05:37:29.531562,346.18,7098,0
6330,2026-08-27 04:12:29.545947,3777.0,3886,0
1713,2026-08-26 23:23:29.531110,2655.25,7071,0
7184,2026-08-29 01:35:29.548958,4181.05,4454,0
4828,2026-08-28 12:34:29.541147,338.79,4222,0
5488,2026-08-29 14:36:29.543277,4775.04,7503,0
7781,2026-08-29 15:30:29.550957,3671.09,1251,0
4047,2026-08-27 03:16:29.538640,3691.55,2376,0
2159,2026-08-29 10:44:29.532537,2209.65,6848,0
8572,2026-08-28 13:50:29.553530,451.3,4874,0
1856,2026-09-01 02:46:29.531565,1695.71,5966,0
6059,2026-08-25 12:33:29.545096,3657.74,8501,0
2433,2026-08-25 21:13:29.533439,3240.41,8838,0
1626,2026-08-27 14:51:29.530823,2274.03,1743,0
7241,2026-09-01 02:34:29.549172,129.96,4995,0
8178,2026-08-25 13:36:29.552253,565.61,3071,0
6427,2026-08-25 12:09:29.546275,2778.65,8984,0
4361,2026-08-31 22:00:29.539650,4246.08,6954,0
10269,2026-09-01 03:45:29.564659,1000.0,10018,1
3148,2026-08-26 11:23:29.535762,2935.03,3400,0
3661,2026-08-27 01:36:29.537399,832.4,2081,0
7202,2026-08-29 01:43:29.549017,3610.59,8979,0
8013,2026-08-27 23:57:29.551723,1811.14,4277,0
4509,2026-08-29 09:18:29.540129,3708.45,4200,0
7281,2026-08-25 21:25:29.549300,3665.26,5139,0
4970,2026-08-29 13:31:29.541594,280.31,2694,0
1646,2026-08-27 04:33:29.530885,3402.43,1530,0
2446,2026-08-25 23:50:29.533482,2712.0,5117,0
938,2026-08-30 02:55:29.528582,3775.96,5074,0
5396,2026-08-26 06:58:29.542978,3579.64,3164,0
9042,2026-08-31 13:40:29.555077,3274.83,1419,0
1804,2026-08-29 12:16:29.531399,3093.37,6107,0
4684,2026-08-30 11:52:29.540683,4438.08,7707,0
3888,2026-08-27 02:05:29.538141,694.32,2108,0
5973,2026-08-27 10:15:29.544817,3753.19,1479,0
2039,2026-08-27 07:52:29.532160,2371.39,5774,0
6687,2026-08-27 06:30:29.547122,2302.87,4865,0
5186,2026-08-26 21:32:29.542305,3785.28,1679,0
5392,2026-08-28 19:07:29.542966,912.43,1872,0
4809,2026-08-30 15:05:29.541084,822.57,4760,0
5666,2026-08-29 11:03:29.543840,2981.5,7695,0
5904,2026-08-26 23:40:29.544595,4036.68,7635,0
10437,2026-09-01 03:45:29.564659,1000.0,10036,1
1368,2026-08-29 10:59:29.529987,4973.17,4411,0
649,2026-08-30 14:28:29.527656,2324.35,4470,0
1984,2026-08-25 13:03:29.531969,4228.61,8046,0
7385,2026-08-27 15:30:29.549627,3801.81,8531,0
7093,2026-08-30 15:40:29.548671,1897.28,2587,0
10256,2026-09-01 03:45:29.564659,1000.0,10005,1
7623,2026-08-28 23:32:29.550455,279.9,4608,0
9501,2026-08-25 23:19:29.556544,4765.64,7613,0
4286,2026-08-25 09:10:29.539405,2542.6,7438,0
319,2026-08-31 02:14:29.526592,973.07,5755,0
10450,2026-09-01 03:45:29.564659,1000.0,9999,1
6476,2026-08-31 04:52:29.546436,211.46,7865,0
1379,2026-08-27 12:31:29.530021,4194.22,7812,0
2798,2026-08-30 23:07:29.534631,2368.4,2160,0
5624,2026-08-25 16:44:29.543707,1007.94,5360,0
6623,2026-08-30 08:29:29.546909,1864.09,6574,0
5337,2026-08-28 08:45:29.542793,4905.02,3751,0
8751,2026-08-31 07:17:29.554126,4823.58,5018,0
1049,2026-08-27 01:25:29.528934,4938.35,5392,0
3747,2026-08-27 15:59:29.537673,2509.64,2628,0
2493,2026-08-26 08:36:29.533630,1801.02,8007,0
10237,2026-09-01 03:45:29.564659,1000.0,10036,1
7014,2026-08-26 17:07:29.548366,736.4,2380,0
3552,2026-08-26 21:36:29.537053,2906.76,7619,0
6868,2026-08-25 17:11:29.547695,2441.36,4571,0
6483,2026-08-28 06:17:29.546457,2642.54,5822,0
10414,2026-09-01 03:45:29.564659,1000.0,10013,1
344,2026-08-27 07:52:29.526670,2817.63,7930,0
10082,2026-09-01 03:45:29.564659,1000.0,10031,1
512,2026-08-29 05:38:29.527220,4400.89,7563,0
4783,2026-08-28 10:39:29.540994,3513.43,2193,0
3131,2026-08-27 22:20:29.535707,4975.77,8713,0
3547,2026-08-29 22:32:29.537028,2753.01,7454,0
8788,2026-08-26 06:39:29.554242,972.37,6988,0
10217,2026-09-01 03:45:29.564659,1000.0,10016,1
9984,2026-08-30 14:31:29.558088,4855.28,3814,0
626,2026-08-28 15:32:29.527584,194.11,4442,0
664,2026-08-30 00:11:29.527706,1329.46,5688,0
9325,2026-08-31 13:14:29.555976,1188.74,7471,0
6311,2026-08-29 11:50:29.545888,2391.27,4565,0
3905,2026-08-30 00:47:29.538194,540.17,4210,0
7615,2026-08-30 12:21:29.550428,3889.28,5085,0
7284,2026-08-30 15:26:29.549309,3551.94,6218,0
782,2026-08-30 19:41:29.528090,2746.23,1405,0
10060,2026-09-01 03:45:29.564659,1000.0,10009,1
9792,2026-08-30 16:31:29.557474,3998.96,5238,0
2767,2026-08-25 13:17:29.534531,2074.85,5279,0
2541,2026-08-26 15:14:29.533787,1655.83,8018,0
10106,2026-09-01 03:45:29.564659,1000.0,10005,1
8985,2026-08-26 01:02:29.554869,2514.33,5725,0
895,2026-08-27 16:00:29.528444,843.42,4588,0
10467,2026-09-01 03:45:29.564659,1000.0,10016,1
7318,2026-08-30 23:51:29.549414,999.35,8444,0
5031,2026-08-30 02:17:29.541788,547.25,3726,0
7329,2026-08-26 18:59:29.549449,3154.93,7651,0
3437,2026-08-28 18:19:29.536680,1364.73,1786,0
5379,2026-08-29 16:56:29.542925,3584.2,8961,0
3381,2026-08-25 23:08:29.536506,3642.55,2911,0
6119,2026-08-31 08:04:29.545286,3540.03,7282,0
2264,2026-08-26 13:30:29.532874,3630.54,8479,0
8749,2026-08-31 10:57:29.554119,1894.14,5471,0
876,2026-08-28 18:37:29.528385,2052.46,4682,0
8655,2026-08-28 04:41:29.553793,3295.58,5901,0
4636,2026-08-25 12:12:29.540529,383.35,1875,0
6347,2026-08-29 01:53:29.546003,2033.7,7729,0
4973,2026-09-01 01:02:29.541604,1877.7,4554,0
1193,2026-08-29 03:17:29.529433,2137.43,6061,0
860,2026-08-25 13:09:29.528335,1255.58,8642,0
4150,2026-08-29 07:40:29.538969,190.44,6839,0
6303,2026-08-30 17:44:29.545863,2884.8,6146,0
393,2026-08-28 06:58:29.526824,4156.95,4672,0
5722,2026-08-25 05:45:29.544015,4845.52,4598,0
3026,2026-08-27 20:45:29.535367,2110.15,2021,0
4884,2026-08-30 19:21:29.541322,2914.51,8377,0
6880,2026-08-30 07:39:29.547732,3076.06,2888,0
1833,2026-08-31 12:26:29.531489,2683.07,8251,0
4525,2026-08-27 14:38:29.540179,3397.01,4677,0
8883,2026-09-01 03:41:29.554542,368.33,1448,0
866,2026-08-29 23:11:29.528354,3235.4,8395,0
2084,2026-08-31 12:06:29.532300,1477.02,4875,0
6664,2026-08-29 09:32:29.547039,2455.09,3336,0
1173,2026-08-27 09:29:29.529371,1894.51,6820,0
584,2026-08-31 13:42:29.527449,4264.35,4351,0
3660,2026-08-25 14:15:29.537393,616.23,1756,0
4994,2026-08-28 09:15:29.541672,3931.17,2048,0
1169,2026-08-29 02:02:29.529356,40.47,3092,0
7751,2026-08-31 23:09:29.550863,4231.45,1533,0
8880,2026-08-31 08:45:29.554533,2889.41,5690,0
5304,2026-08-27 14:29:29.542688,1553.71,6695,0
7909,2026-09-01 03:16:29.551396,462.84,2146,0
6258,2026-08-29 21:23:29.545722,4797.27,2316,0
3296,2026-08-29 02:10:29.536238,335.01,4690,0
4355,2026-08-25 18:40:29.539631,1901.83,6673,0
1031,2026-08-25 07:00:29.528876,1022.45,6588,0
9330,2026-08-29 02:21:29.555991,1150.49,5697,0
5646,2026-08-26 05:48:29.543775,2364.69,3207,0
8619,2026-08-31 21:53:29.553677,3702.18,8794,0
7956,2026-08-30 12:21:29.551543,3656.61,6758,0
8207,2026-08-25 11:30:29.552344,1678.64,5320,0
6446,2026-08-31 15:40:29.546338,4058.38,3498,0
9438,2026-08-28 21:26:29.556341,2768.92,4545,0
836,2026-08-30 16:28:29.528260,4208.82,7200,0
9365,2026-08-25 16:00:29.556110,1152.83,3220,0
6334,2026-08-29 17:40:29.545960,3470.25,5526,0
10205,2026-09-01 03:45:29.564659,1000.0,10004,1
10427,2026-09-01 03:45:29.564659,1000.0,10026,1
8146,2026-08-29 14:36:29.552153,4994.24,4731,0
4876,2026-08-30 13:52:29.541297,1136.96,3170,0
10054,2026-09-01 03:45:29.564659,1000.0,10003,1
2855,2026-08-26 13:17:29.534812,2811.81,4029,0
5637,2026-08-28 04:37:29.543747,2950.33,2565,0
2199,2026-08-27 21:48:29.532665,3575.13,4036,0
5080,2026-08-26 23:50:29.541944,1186.03,4608,0
4145,2026-08-25 11:51:29.538953,1379.32,2066,0
3568,2026-08-31 22:16:29.537103,334.8,7695,0
5911,2026-08-27 00:36:29.544617,4330.98,1850,0
3117,2026-08-28 17:30:29.535663,841.47,1735,0
7700,2026-08-29 14:51:29.550695,2566.45,4280,0
2049,2026-08-28 05:20:29.532191,1669.15,5819,0
4847,2026-08-25 20:58:29.541206,4520.94,5079,0
1975,2026-08-26 21:58:29.531941,3918.91,6183,0
9421,2026-08-27 19:05:29.556288,3542.02,5988,0
2445,2026-08-29 19:15:29.533479,852.52,4033,0
8082,2026-08-26 16:38:29.551940,3948.61,1218,0
2283,2026-08-26 05:13:29.532936,1317.07,8529,0
1430,2026-08-26 03:09:29.530204,4882.14,4911,0
3250,2026-08-31 13:53:29.536091,3758.12,2961,0
2499,2026-08-30 22:43:29.533650,3630.93,2454,0
7016,2026-08-30 02:02:29.548377,3068.36,3905,0
3997,2026-08-25 15:47:29.538484,4029.9,6379,0
6981,2026-08-29 06:37:29.548185,2544.9,7555,0
3589,2026-08-31 19:53:29.537168,4115.82,3446,0
6671,2026-08-26 00:20:29.547069,972.56,8140,0
9106,2026-08-31 14:50:29.555286,3481.73,1020,0
2829,2026-08-26 05:38:29.534731,3946.78,4599,0
592,2026-08-29 11:42:29.527476,3155.64,5161,0
9594,2026-08-26 00:46:29.556840,4223.33,6336,0
9597,2026-08-28 11:11:29.556849,2626.4,7454,0
3649,2026-08-30 20:06:29.537358,226.21,6203,0
3479,2026-08-26 17:20:29.536813,205.75,8282,0
9766,2026-08-26 11:49:29.557393,1631.85,6000,0
7276,2026-08-28 05:57:29.549281,3801.63,6731,0
5769,2026-08-28 14:09:29.544172,3766.45,3492,0
275,2026-08-27 12:37:29.526451,3787.47,5278,0
10066,2026-09-01 03:45:29.564659,1000.0,10015,1
3662,2026-08-30 18:05:29.537402,1177.51,2961,0
4627,2026-08-26 23:13:29.540500,390.99,2064,0
5298,2026-08-28 18:33:29.542669,612.36,8284,0
7336,2026-08-28 19:13:29.549471,1683.98,6435,0
5840,2026-08-31 11:37:29.544395,1601.85,5584,0
8645,2026-08-30 01:03:29.553761,1354.29,6076,0
5623,2026-08-30 22:21:29.543704,307.01,7105,0
10478,2026-09-01 03:45:29.564659,1000.0,10027,1
8256,2026-08-31 06:33:29.552501,3046.48,6971,0
6139,2026-08-26 10:55:29.545349,1282.73,6542,0
7410,2026-08-28 13:07:29.549705,2949.0,8198,0
8898,2026-08-31 07:15:29.554592,1761.87,4061,0
7357,2026-08-31 18:26:29.549536,4932.0,7077,0
4553,2026-08-30 02:42:29.540268,4933.47,8212,0
6080,2026-08-28 22:54:29.545163,4411.6,5996,0
7015,2026-08-26 21:36:29.548371,1039.62,3221,0
9724,2026-08-29 07:56:29.557260,4808.11,4734,0
5525,2026-08-25 07:04:29.543395,4429.34,7171,0
8820,2026-08-29 19:25:29.554345,4058.73,2613,0
5192,2026-08-26 13:08:29.542324,2826.18,5990,0
8744,2026-08-25 11:08:29.554104,1424.1,4496,0
5062,2026-08-26 20:05:29.541886,4314.62,7322,0
357,2026-08-31 18:12:29.526711,2484.61,7769,0
3329,2026-08-31 04:17:29.536342,1870.45,5408,0
10094,2026-09-01 03:45:29.564659,1000.0,10043,1
9453,2026-08-26 00:56:29.556390,2571.27,6455,0
971,2026-08-27 23:10:29.528685,355.97,8277,0
1043,2026-08-26 07:07:29.528915,2132.15,7060,0
10245,2026-09-01 03:45:29.564659,1000.0,10044,1
2543,2026-08-27 01:46:29.533793,591.43,1730,0
8772,2026-08-30 13:06:29.554191,2389.85,6098,0
8909,2026-08-30 04:34:29.554626,2012.21,1607,0
4584,2026-08-27 06:58:29.540367,4826.0,5805,0
4607,2026-08-29 19:54:29.540438,3587.17,8537,0
227,2026-08-27 02:38:29.526300,2633.32,3291,0
4209,2026-08-30 12:48:29.539163,4772.58,8988,0
5962,2026-08-29 04:06:29.544782,4911.91,7574,0
1887,2026-08-27 07:11:29.531663,2786.43,4832,0
8812,2026-08-27 18:56:29.554320,3947.01,8209,0
773,2026-08-27 07:21:29.528061,177.71,4411,0
5142,2026-08-26 07:11:29.542159,638.12,8739,0
6785,2026-08-27 05:30:29.547431,2139.11,3715,0
4102,2026-08-28 01:51:29.538814,223.05,1048,0
1474,2026-08-26 01:36:29.530341,2396.21,6140,0
3784,2026-09-01 02:21:29.537789,1349.63,7239,0
5687,2026-08-27 11:05:29.543906,2502.75,6539,0
6452,2026-08-26 01:14:29.546360,2697.89,4968,0
3748,2026-08-31 17:47:29.537676,285.21,3276,0
548,2026-08-27 19:50:29.527333,2129.82,2870,0
7424,2026-08-30 18:23:29.549749,165.71,7541,0
7006,2026-08-27 01:22:29.548322,1811.39,7304,0
6887,2026-08-26 18:01:29.547754,3907.78,3559,0
4593,2026-08-28 01:08:29.540395,748.1,8562,0
4447,2026-08-30 23:12:29.539922,1209.97,8148,0
5388,2026-08-30 09:37:29.542953,3596.87,6608,0
881,2026-08-25 11:01:29.528401,1052.36,4407,0
5058,2026-08-28 20:06:29.541873,1502.28,1459,0
4850,2026-08-29 22:34:29.541216,3144.93,3659,0
10126,2026-09-01 03:45:29.564659,1000.0,10025,1
8046,2026-08-27 22:16:29.551828,4686.23,8145,0
2999,2026-08-27 02:47:29.535283,3579.36,5987,0
6973,2026-08-28 13:10:29.548141,2405.11,6148,0
9392,2026-08-29 08:21:29.556194,4110.66,6693,0
8960,2026-08-30 05:00:29.554788,3463.37,3500,0
7887,2026-08-28 13:56:29.551328,4246.52,4616,0
3249,2026-08-29 16:59:29.536088,1597.7,6421,0
2889,2026-08-28 23:00:29.534923,4177.03,5024,0
6647,2026-08-26 12:33:29.546986,4921.16,2746,0
9299,2026-08-31 06:50:29.555892,2255.37,7210,0
1312,2026-08-29 13:18:29.529810,4819.89,7587,0
5668,2026-08-29 18:27:29.543846,3514.22,6961,0
3481,2026-08-30 12:36:29.536820,542.17,5983,0
7756,2026-08-28 16:01:29.550878,1969.2,1485,0
4571,2026-08-27 19:34:29.540326,1759.94,2108,0
310,2026-08-30 18:22:29.526564,428.2,7851,0
1090,2026-08-26 15:47:29.529101,4462.82,2038,0
2200,2026-08-31 17:32:29.532668,2338.85,2865,0
7401,2026-08-30 07:42:29.549677,2181.21,4813,0
410,2026-08-31 02:03:29.526880,4497.36,8465,0
1854,2026-08-28 20:51:29.531559,2395.15,8264,0
8084,2026-08-26 04:21:29.551946,1439.4,4706,0
4960,2026-08-25 18:46:29.541563,142.27,7920,0
928,2026-08-27 23:02:29.528551,1060.3,7482,0
7048,2026-08-25 17:10:29.548532,1443.43,6828,0
3366,2026-08-26 02:55:29.536457,3021.04,1005,0
3932,2026-09-01 01:23:29.538278,1340.28,5155,0
8364,2026-08-30 15:35:29.552841,2135.46,3727,0
724,2026-08-26 15:35:29.527895,1936.46,1191,0
4446,2026-08-29 19:44:29.539919,3048.48,5222,0
2085,2026-08-27 06:53:29.532303,604.07,5618,0
6762,2026-08-28 16:13:29.547355,4891.6,6627,0
0,2026-08-30 02:39:29.525485,4424.05,7662,0
4261,2026-08-25 18:53:29.539328,480.7,7139,0
8768,2026-08-25 13:42:29.554179,695.41,7277,0
9364,2026-08-30 19:51:29.556107,4807.59,1019,0
4121,2026-08-31 08:07:29.538874,1473.95,1684,0
9882,2026-08-29 15:48:29.557759,2946.08,3528,0
4267,2026-08-31 02:28:29.539346,719.71,2995,0
7716,2026-08-29 12:18:29.550749,3880.61,5070,0
6899,2026-08-27 06:45:29.547791,3641.61,1678,0
4347,2026-09-01 03:13:29.539605,924.23,1838,0
7169,2026-08-28 20:08:29.548912,399.24,3494,0
4348,2026-08-29 18:07:29.539608,4778.44,4325,0
179,2026-08-28 15:53:29.526150,3618.54,6421,0
1778,2026-08-26 16:15:29.531317,753.64,4114,0
2181,2026-08-28 08:14:29.532609,570.05,5838,0
4439,2026-08-31 23:25:29.539897,1848.52,6909,0
1552,2026-08-30 14:31:29.530588,879.02,6470,0
7396,2026-08-25 10:43:29.549662,4418.29,6626,0
1655,2026-08-26 00:16:29.530913,1445.33,6058,0
3357,2026-08-30 20:21:29.536429,344.87,2992,0
8999,2026-08-29 08:48:29.554913,3875.94,6173,0
4195,2026-08-25 16:14:29.539119,2087.29,6968,0
7330,2026-08-26 06:50:29.549452,164.17,3981,0
5856,2026-08-25 15:00:29.544444,1789.48,1820,0
6304,2026-08-27 08:06:29.545867,3919.24,4539,0
3103,2026-08-28 01:58:29.535616,3133.18,4165,0
3965,2026-08-27 02:00:29.538382,905.37,8063,0
2243,2026-08-26 01:25:29.532806,285.94,7146,0
4504,2026-08-25 21:25:29.540113,4616.29,8528,0
10268,2026-09-01 03:45:29.564659,1000.0,10017,1
9125,2026-08-29 23:39:29.555346,225.4,1898,0
9776,2026-08-25 11:34:29.557424,2276.52,4992,0
3415,2026-08-30 15:58:29.536612,967.88,6880,0
3285,2026-08-25 07:21:29.536200,2349.23,6435,0
1348,2026-08-26 12:03:29.529925,4881.14,6040,0
3060,2026-08-27 19:42:29.535481,2256.57,6913,0
8243,2026-08-31 19:39:29.552460,4674.51,3483,0
6396,2026-08-28 19:26:29.546176,3605.2,2441,0
7823,2026-08-29 03:11:29.551123,4037.21,6865,0
8008,2026-08-28 09:56:29.551707,2910.64,4978,0
10297,2026-09-01 03:45:29.564659,1000.0,10046,1
5946,2026-08-26 03:18:29.544732,3843.83,6331,0
4488,2026-08-27 00:10:29.540063,4634.83,5802,0
7544,2026-08-28 14:16:29.550206,1176.51,8882,0
10279,2026-09-01 03:45:29.564659,1000.0,10028,1
5954,2026-08-30 10:45:29.544757,2090.25,5146,0
3494,2026-08-26 22:33:29.536860,1091.8,8561,0
5597,2026-08-28 05:57:29.543623,3529.33,1335,0
7606,2026-08-29 13:06:29.550400,3796.04,3056,0
5329,2026-08-26 16:32:29.542768,1306.98,3125,0
10277,2026-09-01 03:45:29.564659,1000.0,10026,1
6485,2026-08-30 20:26:29.546464,2201.21,3149,0
9583,2026-08-28 02:14:29.556806,1874.0,7515,0
6062,2026-09-01 00:25:29.545106,2029.96,4237,0
4260,2026-08-30 08:48:29.539324,4897.75,5119,0
7739,2026-08-25 21:35:29.550825,629.61,3677,0
5345,2026-08-25 12:47:29.542818,1474.41,2888,0
7672,2026-08-28 11:47:29.550608,2597.35,7273,0
8092,2026-08-29 13:54:29.551971,2664.77,7329,0
6901,2026-08-31 18:04:29.547797,2391.18,6389,0
6735,2026-08-30 16:19:29.547272,972.77,2368,0
5793,2026-08-27 07:11:29.544246,1935.4,3608,0
9869,2026-08-25 12:12:29.557719,4241.54,5217,0
2218,2026-08-25 09:04:29.532726,3556.71,7208,0
760,2026-08-25 14:30:29.528010,2751.28,5402,0
6723,2026-08-31 06:39:29.547234,2627.87,1690,0
6194,2026-08-31 21:20:29.545522,444.36,7627,0
8563,2026-08-25 15:53:29.553502,1345.62,3265,0
43,2026-08-25 16:46:29.525680,3836.34,4376,0
5695,2026-08-28 00:30:29.543931,4420.21,3085,0
9105,2026-08-29 14:22:29.555283,4307.28,7448,0
1754,2026-08-28 08:00:29.531238,2599.61,8690,0
2363,2026-08-27 16:20:29.533219,1289.29,8537,0
4720,2026-08-25 16:22:29.540795,350.82,6527,0
4595,2026-08-27 19:33:29.540401,3299.95,4057,0
4293,2026-08-27 12:12:29.539427,141.48,3024,0
656,2026-08-30 00:09:29.527681,4373.16,3475,0
8727,2026-08-27 12:17:29.554031,4555.4,6826,0
2396,2026-08-25 20:09:29.533322,370.54,6391,0
8966,2026-08-30 06:02:29.554807,2088.16,4780,0
1939,2026-08-29 14:53:29.531829,3340.97,7024,0
3666,2026-08-25 21:17:29.537414,4259.14,6938,0
5987,2026-08-25 19:54:29.544860,98.02,3545,0
1447,2026-08-31 05:31:29.530257,735.1,4974,0
7309,2026-08-29 21:41:29.549386,3038.12,5639,0
415,2026-08-26 23:58:29.526896,2535.88,7421,0
7590,2026-08-30 06:55:29.550350,173.31,4049,0
6532,2026-08-29 18:24:29.546614,1793.07,7746,0
1352,2026-08-25 07:23:29.529937,1487.47,4724,0
7902,2026-08-29 01:38:29.551374,2960.72,7606,0
2285,2026-08-29 06:37:29.532942,1517.35,8821,0
6171,2026-08-27 14:31:29.545448,2702.14,1918,0
10375,2026-09-01 03:45:29.564659,1000.0,10024,1
7539,2026-08-31 15:05:29.550190,1408.31,5939,0
1123,2026-08-25 17:06:29.529210,1240.23,8945,0
2173,2026-08-27 10:55:29.532581,1515.87,1416,0
4962,2026-08-27 02:30:29.541569,3667.61,7344,0
7970,2026-08-26 10:37:29.551589,1235.24,1664,0
4635,2026-08-27 11:05:29.540525,86.66,1935,0
6306,2026-08-28 00:30:29.545873,1026.92,7027,0
8723,2026-08-31 08:18:29.554004,1961.93,5142,0
1752,2026-08-30 16:17:29.531232,543.33,2554,0
2451,2026-08-26 15:43:29.533497,1295.69,1073,0
3211,2026-08-31 18:40:29.535961,4750.53,7967,0
2602,2026-08-26 19:28:29.533980,2110.1,4835,0
10176,2026-09-01 03:45:29.564659,1000.0,10025,1
9947,2026-08-29 10:13:29.557965,880.24,5809,0
3722,2026-08-26 18:56:29.537595,2744.36,5296,0
7515,2026-08-30 15:58:29.550080,2017.25,7758,0
9285,2026-08-30 09:05:29.555848,2002.19,2829,0
4125,2026-08-31 15:32:29.538889,1004.14,6856,0
5939,2026-08-28 20:09:29.544707,821.27,6250,0
1556,2026-08-29 22:02:29.530601,3027.68,7096,0
9144,2026-08-31 16:25:29.555405,2836.63,6800,0
2787,2026-08-26 09:24:29.534597,3629.35,7121,0
2452,2026-08-26 07:10:29.533500,1982.03,1616,0
8443,2026-08-28 15:25:29.553122,623.8,6813,0
9024,2026-08-30 04:28:29.554992,4250.09,2637,0
199,2026-08-26 21:44:29.526212,1348.83,7374,0
5381,2026-08-27 18:02:29.542931,2486.57,1340,0
1048,2026-08-27 12:58:29.528931,4275.48,3580,0
174,2026-08-27 08:23:29.526135,4417.78,2319,0
970,2026-08-29 12:42:29.528682,4935.68,6960,0
8982,2026-08-25 15:27:29.554859,413.45,2294,0
8569,2026-08-29 01:18:29.553521,606.12,7569,0
9291,2026-08-29 03:31:29.555867,4006.99,8714,0
864,2026-08-25 14:50:29.528347,4832.7,5167,0
2569,2026-08-30 05:33:29.533877,4869.74,7971,0
6147,2026-08-27 15:02:29.545374,2791.58,4183,0
5972,2026-08-31 09:36:29.544814,2615.17,7534,0
5184,2026-08-31 21:35:29.542299,501.97,5434,0
6376,2026-08-27 01:58:29.546114,3134.04,3783,0
6670,2026-08-31 02:36:29.547066,3707.9,3847,0
3352,2026-08-27 23:45:29.536413,4139.14,3920,0
438,2026-08-25 19:15:29.526967,4054.13,2621,0
6987,2026-08-26 19:51:29.548218,2087.0,6881,0
7755,2026-08-26 21:16:29.550875,2294.27,2010,0
8582,2026-08-29 04:13:29.553561,2498.24,8407,0
1160,2026-08-28 13:01:29.529328,191.91,3635,0
6725,2026-08-31 11:01:29.547241,195.03,2191,0
7235,2026-08-31 18:55:29.549154,3892.01,7582,0
4645,2026-08-31 20:16:29.540559,831.9,5124,0
2339,2026-08-30 17:14:29.533141,2780.32,2360,0
2651,2026-08-27 17:18:29.534161,3343.38,7991,0
7350,2026-08-31 17:08:29.549514,1183.6,6984,0
1704,2026-08-30 19:34:29.531082,1095.8,5084,0
7246,2026-08-26 07:43:29.549188,2161.8,8427,0
2939,2026-08-29 19:39:29.535092,1020.16,6887,0
2057,2026-08-30 20:07:29.532216,3668.48,1048,0
2273,2026-08-26 08:17:29.532905,2136.1,8187,0
4700,2026-08-28 06:35:29.540733,4332.59,2440,0
1690,2026-08-27 19:05:29.531025,4951.45,1979,0
417,2026-08-25 08:29:29.526902,4204.31,8859,0
5128,2026-08-27 03:12:29.542115,467.08,4005,0
683,2026-08-28 08:16:29.527767,4240.19,1845,0
5569,2026-08-27 11:29:29.543533,3308.12,5694,0
5552,2026-08-29 10:12:29.543480,592.65,7614,0
9278,2026-08-27 11:46:29.555826,4168.55,7376,0
1814,2026-08-30 07:35:29.531430,1594.95,4518,0
7766,2026-08-27 18:30:29.550910,2584.37,5136,0
9807,2026-08-28 14:48:29.557521,1277.51,4881,0
10136,2026-09-01 03:45:29.564659,1000.0,10035,1
6051,2026-08-28 04:09:29.545071,4571.18,7934,0
7383,2026-08-30 17:05:29.549621,4784.5,3150,0
22,2026-08-30 05:18:29.525615,1749.3,8578,0
1034,2026-09-01 02:14:29.528885,3940.62,6243,0
4437,2026-09-01 00:27:29.539890,1908.0,2631,0
5550,2026-08-29 08:46:29.543473,530.75,5025,0
2931,2026-08-31 06:41:29.535067,3544.67,5738,0
1729,2026-08-29 06:47:29.531160,1273.2,1944,0
568,2026-08-30 00:02:29.527399,2142.16,5394,0
636,2026-08-26 06:03:29.527615,1012.45,2705,0
1800,2026-08-26 14:59:29.531386,3927.23,8670,0
8451,2026-08-28 03:24:29.553147,2425.53,8566,0
2552,2026-08-27 10:05:29.533821,3223.16,7122,0
4083,2026-08-31 01:58:29.538755,1643.31,8914,0
2240,2026-08-26 03:26:29.532797,2759.5,6561,0
7161,2026-08-28 05:33:29.548887,1552.06,8734,0
9319,2026-08-30 21:03:29.555954,1950.32,3220,0
4621,2026-08-31 09:02:29.540481,963.76,1388,0
7182,2026-08-25 19:22:29.548952,796.18,1129,0
10170,2026-09-01 03:45:29.564659,1000.0,10019,1
9771,2026-09-01 01:34:29.557409,1771.42,4237,0
6015,2026-08-26 23:39:29.544951,4274.48,7329,0
857,2026-08-31 11:23:29.528325,635.03,7678,0
488,2026-08-29 07:58:29.527142,3974.37,4568,0
2215,2026-08-27 21:23:29.532717,4512.38,5321,0
3432,2026-08-29 19:24:29.536665,323.4,6842,0
5511,2026-08-31 00:12:29.543351,4842.66,6306,0
9930,2026-08-30 17:08:29.557911,3078.53,8525,0
2553,2026-08-25 06:17:29.533825,3890.37,7099,0
979,2026-08-31 19:08:29.528711,1551.92,2075,0
9638,2026-08-29 21:41:29.556976,61.07,5711,0
4714,2026-08-27 16:06:29.540776,3958.79,6158,0
7675,2026-08-25 17:50:29.550618,630.39,8209,0
5543,2026-08-26 08:05:29.543452,2737.36,1303,0
2302,2026-08-25 15:52:29.532996,3368.69,8544,0
3353,2026-08-28 14:34:29.536416,4829.17,7959,0
1397,2026-08-31 02:26:29.530099,1275.9,5980,0
9797,2026-09-01 00:49:29.557490,3367.5,8653,0
8696,2026-08-26 03:04:29.553920,2887.61,7113,0
6792,2026-08-30 19:58:29.547455,4901.65,4785,0
1373,2026-08-28 04:18:29.530002,2115.93,5306,0
2304,2026-08-30 21:51:29.533002,1245.67,8296,0
692,2026-08-28 02:58:29.527795,4117.15,6027,0
10150,2026-09-01 03:45:29.564659,1000.0,9999,1
10086,2026-09-01 03:45:29.564659,1000.0,10035,1
7044,2026-08-30 02:26:29.548519,1691.62,4242,0
9860,2026-08-27 15:09:29.557691,4222.54,3300,0
4926,2026-08-30 19:22:29.541457,2479.36,1630,0
5737,2026-08-31 14:12:29.544070,4890.72,2760,0
10077,2026-09-01 03:45:29.564659,1000.0,10026,1
7566,2026-08-30 05:50:29.550275,1854.34,5809,0
7256,2026-08-31 13:12:29.549219,3256.53,6845,0
985,2026-08-29 05:35:29.528729,3097.35,2221,0
9731,2026-08-27 06:50:29.557281,1332.54,1788,0
4351,2026-08-27 11:52:29.539619,2795.73,1915,0
2594,2026-08-25 14:43:29.533955,2880.96,5043,0
9529,2026-08-29 05:18:29.556633,3243.78,7301,0
4364,2026-08-29 13:54:29.539660,4650.78,5133,0
1453,2026-08-25 19:51:29.530275,410.41,5149,0
4800,2026-08-26 15:25:29.541057,4338.49,3211,0
365,2026-08-29 16:13:29.526736,123.49,3693,0
9521,2026-08-30 16:14:29.556607,4567.91,6464,0
1064,2026-08-29 09:51:29.528983,3738.78,1034,0
1627,2026-08-26 16:45:29.530826,611.57,1169,0
3700,2026-08-28 05:20:29.537523,1241.08,7888,0
8919,2026-08-26 21:43:29.554657,581.66,6831,0
9919,2026-08-27 15:53:29.557877,188.73,4923,0
4165,2026-08-30 19:14:29.539015,47.46,6214,0
5247,2026-08-30 21:54:29.542505,252.98,1134,0
9959,2026-08-27 21:52:29.558002,126.71,5603,0
3398,2026-08-31 00:26:29.536559,1515.01,5923,0
3226,2026-08-30 08:18:29.536008,3144.56,1591,0
236,2026-08-28 14:37:29.526329,2676.53,3173,0
5859,2026-08-27 22:39:29.544454,2446.57,2542,0
6642,2026-08-27 22:57:29.546970,4953.82,6496,0
9201,2026-08-28 10:09:29.555584,2131.07,4477,0
9886,2026-09-01 02:51:29.557772,2608.74,8466,0
3890,2026-08-31 01:10:29.538147,1896.17,1700,0
1455,2026-08-29 14:20:29.530282,511.61,1358,0
10180,2026-09-01 03:45:29.564659,1000.0,10029,1
6562,2026-08-29 23:45:29.546709,3197.52,8525,0
2475,2026-08-31 23:06:29.533574,2159.05,8919,0
2887,2026-08-26 09:37:29.534917,1400.03,8319,0
4380,2026-08-25 22:50:29.539710,3135.64,6244,0
4230,2026-08-28 09:43:29.539231,222.34,1764,0
2511,2026-08-26 07:53:29.533688,1840.18,4828,0
7091,2026-08-26 05:08:29.548665,3176.08,3001,0
9548,2026-08-31 14:25:29.556692,4674.72,8090,0
8086,2026-08-28 02:42:29.551952,4386.8,3311,0
2852,2026-08-28 02:33:29.534803,1450.65,1511,0
5048,2026-08-27 21:58:29.541842,2150.57,7823,0
1055,2026-08-29 23:09:29.528954,1453.01,5831,0
3124,2026-08-29 10:14:29.535685,4135.99,6909,0
9505,2026-08-27 14:13:29.556557,3687.85,3850,0
3241,2026-08-29 23:44:29.536063,1351.13,1167,0
10263,2026-09-01 03:45:29.564659,1000.0,10012,1
2203,2026-08-28 16:52:29.532677,48.87,7461,0
3979,2026-08-29 21:59:29.538428,2013.9,7336,0
2927,2026-08-31 12:38:29.535054,2774.91,8956,0
2086,2026-08-30 18:57:29.532306,3363.38,6650,0
5997,2026-08-26 11:16:29.544892,4949.59,1674,0
8882,2026-08-26 15:36:29.554539,3818.1,6742,0
8304,2026-08-25 13:56:29.552655,959.69,5503,0
3315,2026-08-28 22:18:29.536298,3951.7,1310,0
3307,2026-08-26 11:47:29.536273,3511.17,3461,0
3556,2026-08-26 01:42:29.537065,3652.16,5414,0
7063,2026-08-27 03:14:29.548578,3993.83,2149,0
3716,2026-08-25 23:18:29.537576,2419.66,5620,0
10216,2026-09-01 03:45:29.564659,1000.0,10015,1
4680,2026-08-26 14:16:29.540670,4391.35,8793,0
10344,2026-09-01 03:45:29.564659,1000.0,10043,1
693,2026-09-01 01:00:29.527798,587.09,8891,0
7669,2026-08-26 04:09:29.550599,614.7,6393,0
9446,2026-08-28 11:57:29.556366,2165.09,5914,0
725,2026-08-28 04:35:29.527898,881.16,8129,0
1875,2026-08-29 22:36:29.531624,1806.54,1779,0
7268,2026-08-28 10:33:29.549256,2649.28,5289,0
2946,2026-08-27 16:26:29.535117,4723.2,3471,0
6053,2026-08-30 16:08:29.545078,4707.67,4592,0
4034,2026-08-31 00:11:29.538599,408.59,4313,0
2497,2026-08-28 04:55:29.533643,3080.55,3135,0
7954,2026-08-27 05:04:29.551536,3617.81,5851,0
6435,2026-08-31 10:34:29.546303,3179.41,1354,0
6520,2026-08-27 16:20:29.546576,1981.21,6712,0
1395,2026-08-29 18:52:29.530092,4160.11,5917,0
8335,2026-08-28 14:36:29.552751,4567.42,5850,0
2892,2026-09-01 03:06:29.534933,884.39,1773,0
1257,2026-08-25 15:42:29.529635,1207.25,1067,0
398,2026-08-28 08:42:29.526843,2470.01,2563,0
7503,2026-08-29 07:40:29.550002,1180.82,4053,0
9737,2026-08-31 07:45:29.557300,2468.54,7947,0
10042,2026-09-01 03:45:29.564659,1000.0,10041,1
2629,2026-08-31 15:48:29.534092,1737.85,8314,0
1170,2026-08-31 07:21:29.529359,1280.22,5193,0
532,2026-08-28 12:59:29.527283,2407.77,6735,0
3992,2026-08-28 03:05:29.538469,3513.66,6102,0
6586,2026-08-25 12:53:29.546787,4545.63,3534,0
1542,2026-08-28 21:18:29.530557,59.57,7295,0
3327,2026-08-31 04:51:29.536335,717.6,3945,0
1497,2026-08-28 00:20:29.530413,379.63,5387,0
4093,2026-08-27 22:18:29.538786,2122.76,3944,0
7692,2026-08-25 21:01:29.550670,3567.44,1888,0
1858,2026-08-30 08:20:29.531571,4913.9,5340,0
6501,2026-08-27 15:54:29.546514,3300.15,6922,0
9612,2026-08-25 06:48:29.556896,4968.59,8072,0
4454,2026-08-28 13:32:29.539943,1264.31,1213,0
2741,2026-08-25 12:47:29.534448,1609.25,6812,0
8687,2026-08-25 07:52:29.553892,4027.06,8970,0
195,2026-08-31 23:08:29.526200,1714.54,2078,0
161,2026-08-27 23:34:29.526094,3759.01,8576,0
3168,2026-08-26 17:33:29.535825,4563.04,3814,0
6419,2026-08-27 19:12:29.546250,2406.83,1957,0
2131,2026-08-25 21:56:29.532449,4544.0,4529,0
4706,2026-08-26 11:52:29.540751,3977.1,5788,0
2204,2026-08-30 00:03:29.532680,3642.1,1914,0
8043,2026-08-28 22:52:29.551816,156.4,3687,0
5087,2026-08-27 18:22:29.541966,12.54,1357,0
5490,2026-08-29 21:21:29.543284,4196.56,2389,0
8873,2026-08-31 20:12:29.554511,4326.49,6470,0
8849,2026-09-01 02:49:29.554437,4539.78,2832,0
5270,2026-08-27 22:26:29.542582,1870.84,5108,0
2311,2026-08-31 12:58:29.533024,1664.57,7873,0
4516,2026-08-27 23:54:29.540151,4183.92,6866,0
8765,2026-08-25 10:18:29.554169,4878.68,3309,0
9164,2026-08-29 20:25:29.555469,2927.23,7998,0
6448,2026-08-29 02:54:29.546347,3684.81,6744,0
8175,2026-08-30 14:33:29.552244,2525.26,1649,0
1889,2026-08-31 17:46:29.531669,2173.36,5626,0
4278,2026-08-30 19:13:29.539380,647.85,1228,0
4328,2026-08-31 03:34:29.539546,3225.46,1563,0
9645,2026-08-26 17:06:29.557000,2694.15,1048,0
7191,2026-08-26 00:31:29.548980,4195.17,4168,0
8516,2026-08-25 05:25:29.553351,1992.24,3288,0
4866,2026-08-29 16:53:29.541266,4309.01,6002,0
3854,2026-08-29 02:16:29.538011,2787.45,5393,0
4336,2026-08-25 21:00:29.539571,2703.13,2724,0
6079,2026-08-28 14:28:29.545159,1571.91,7483,0
5060,2026-08-29 11:55:29.541880,1906.79,3918,0
5012,2026-08-30 17:48:29.541729,3924.13,4831,0
196,2026-08-31 19:43:29.526203,1636.17,6098,0
10393,2026-09-01 03:45:29.564659,1000.0,10042,1
123,2026-08-28 20:01:29.525935,126.5,5756,0
1165,2026-08-28 06:18:29.529344,424.25,1823,0
9936,2026-08-26 02:00:29.557930,4900.85,3642,0
6830,2026-08-28 15:12:29.547574,1601.63,4661,0
7455,2026-08-31 13:28:29.549850,4366.06,4673,0
4746,2026-08-31 02:13:29.540879,300.14,2443,0
7423,2026-09-01 02:49:29.549746,1479.26,1300,0
3840,2026-08-26 07:49:29.537966,531.67,5056,0
9354,2026-08-26 19:24:29.556076,806.68,8938,0
1864,2026-08-31 00:53:29.531590,2493.76,7704,0
10273,2026-09-01 03:45:29.564659,1000.0,10022,1
9034,2026-08-28 09:52:29.555023,1955.96,8251,0
9917,2026-08-25 08:02:29.557870,3281.66,5041,0
1380,2026-08-26 05:52:29.530024,94.33,3828,0
9920,2026-08-27 07:51:29.557880,2786.43,5756,0
4658,2026-08-31 06:29:29.540602,1790.31,5645,0
7772,2026-09-01 00:43:29.550928,3056.52,8506,0
5854,2026-08-26 20:05:29.544438,4617.58,8884,0
5088,2026-08-30 23:54:29.541969,930.62,6277,0
5056,2026-08-28 14:52:29.541867,1713.26,5821,0
9352,2026-08-29 23:38:29.556069,3781.08,5386,0
9442,2026-08-29 09:56:29.556354,4856.92,8694,0
2713,2026-08-29 11:53:29.534359,381.04,3078,0
3163,2026-08-26 02:26:29.535809,1645.56,4090,0
7597,2026-08-27 08:14:29.550372,3831.25,5075,0
3821,2026-08-31 06:39:29.537907,4244.23,3198,0
9096,2026-08-30 09:12:29.555255,2988.42,5446,0
5896,2026-08-28 09:52:29.544570,660.24,3779,0
750,2026-08-28 09:59:29.527979,1689.01,2904,0
7924,2026-08-30 08:29:29.551443,4948.81,6306,0
4072,2026-08-27 01:03:29.538721,2032.45,1760,0
1927,2026-08-31 22:26:29.531791,3071.13,1604,0
5212,2026-08-26 22:08:29.542387,84.08,4210,0
423,2026-08-27 22:35:29.526921,319.01,4183,0
9400,2026-08-30 14:41:29.556218,3074.67,6924,0
4222,2026-08-25 08:33:29.539206,2377.58,1659,0
7725,2026-08-27 10:08:29.550780,3263.96,5186,0
8271,2026-08-26 02:10:29.552549,1242.58,2790,0
10151,2026-09-01 03:45:29.564659,1000.0,10000,1
3942,2026-08-28 19:42:29.538310,3152.44,5104,0
1673,2026-08-28 22:39:29.530972,2930.18,6232,0
2940,2026-08-26 17:44:29.535095,3692.48,1705,0
2244,2026-08-29 15:08:29.532809,4341.73,8131,0
1942,2026-08-29 23:02:29.531838,4900.55,5699,0
8456,2026-08-29 13:31:29.553162,2910.48,2948,0
7534,2026-09-01 00:24:29.550172,2856.5,8232,0
1635,2026-08-25 23:47:29.530851,4924.99,8160,0
1706,2026-08-29 12:59:29.531088,1710.83,8416,0
4585,2026-08-27 02:33:29.540370,2677.6,7025,0
7492,2026-08-29 01:08:29.549968,4363.4,4870,0
2616,2026-08-26 21:40:29.534027,4240.47,4168,0
4101,2026-08-27 22:50:29.538811,3195.39,7934,0
9699,2026-08-29 08:22:29.557181,3341.93,1099,0
8255,2026-08-25 18:52:29.552498,4420.12,4926,0
10112,2026-09-01 03:45:29.564659,1000.0,10011,1
5521,2026-08-27 13:12:29.543382,1933.25,6477,0
1460,2026-08-29 03:09:29.530297,4142.39,4226,0
4132,2026-08-31 23:19:29.538911,3181.77,8217,0
3804,2026-08-30 00:56:29.537855,206.7,8070,0
7102,2026-08-25 11:10:29.548699,1709.56,4395,0
10447,2026-09-01 03:45:29.564659,1000.0,10046,1
8022,2026-08-28 07:49:29.551751,4507.62,6791,0
7187,2026-08-28 23:18:29.548968,1250.81,8961,0
8829,2026-08-27 10:44:29.554373,526.74,7062,0
4137,2026-08-31 16:00:29.538928,545.61,8519,0
2529,2026-08-25 20:00:29.533749,719.16,2338,0
6668,2026-08-25 19:25:29.547060,3574.13,5137,0
4532,2026-08-31 08:22:29.540203,1994.16,3625,0
7969,2026-08-28 21:14:29.551586,2919.85,5807,0
1024,2026-08-26 14:54:29.528854,4588.29,3944,0
8375,2026-08-26 11:30:29.552875,1652.96,4225,0
9039,2026-08-30 04:37:29.555039,3245.05,3267,0
2904,2026-08-27 15:25:29.534970,4339.11,1077,0
6016,2026-08-29 07:47:29.544954,2431.61,1640,0
3414,2026-08-28 02:34:29.536609,1061.76,5095,0
1240,2026-08-25 16:42:29.529579,2766.21,1603,0
9086,2026-08-28 08:01:29.555224,445.95,4162,0
16,2026-08-25 23:58:29.525596,3516.04,3579,0
4011,2026-08-27 23:43:29.538528,4294.15,2417,0
8177,2026-08-26 14:43:29.552250,4372.67,3347,0
8351,2026-08-28 22:19:29.552800,1268.83,3502,0
5092,2026-08-26 20:39:29.541982,4320.1,7008,0
3261,2026-08-25 17:21:29.536125,4125.23,1825,0
1949,2026-08-25 18:20:29.531860,2115.84,6506,0
5782,2026-08-26 05:49:29.544212,4884.17,4669,0
5967,2026-08-28 21:23:29.544798,535.64,6104,0
7695,2026-08-28 01:38:29.550680,4020.14,4018,0
8124,2026-08-27 12:51:29.552081,496.8,7887,0
10265,2026-09-01 03:45:29.564659,1000.0,10014,1
1156,2026-08-31 20:22:29.529313,418.75,6905,0
1581,2026-08-29 03:23:29.530679,2754.01,5560,0
963,2026-08-30 20:00:29.528660,4547.76,1891,0
1401,2026-08-30 07:06:29.530111,1646.99,1302,0
7663,2026-08-25 15:54:29.550580,1154.29,6125,0
2720,2026-08-27 10:19:29.534381,3782.91,6196,0
5479,2026-08-25 06:21:29.543249,1941.87,7172,0
8577,2026-08-26 06:12:29.553546,2183.89,2111,0
2584,2026-08-28 11:19:29.533923,663.92,5030,0
1803,2026-08-30 11:01:29.531396,871.84,2328,0
5205,2026-08-31 11:35:29.542365,848.97,3162,0
5760,2026-08-28 19:16:29.544144,531.75,5577,0
1263,2026-08-30 06:51:29.529654,2204.39,5586,0
4254,2026-08-25 18:27:29.539306,137.76,2997,0
5207,2026-08-31 11:46:29.542371,501.54,1378,0
8656,2026-08-27 16:07:29.553796,3439.06,2308,0
8662,2026-08-31 10:14:29.553814,3140.48,7050,0
1783,2026-08-26 15:56:29.531333,2170.07,7525,0
8610,2026-08-27 10:08:29.553649,2644.02,3402,0
2413,2026-08-27 17:06:29.533376,1205.02,5470,0
7983,2026-08-26 16:25:29.551629,4930.11,7858,0
5622,2026-08-28 07:47:29.543701,1301.03,2202,0
2007,2026-08-28 07:13:29.532050,4954.9,5707,0
8507,2026-08-28 00:54:29.553323,1603.39,2070,0
3844,2026-08-25 14:28:29.537979,3069.14,7438,0
1410,2026-08-29 11:27:29.530139,3773.07,2208,0
10369,2026-09-01 03:45:29.564659,1000.0,10018,1
10371,2026-09-01 03:45:29.564659,1000.0,10020,1
4142,2026-08-30 08:09:29.538944,4602.03,4199,0
1714,2026-08-25 07:58:29.531114,3020.92,3085,0
6243,2026-08-31 16:06:29.545675,3005.6,7319,0
2110,2026-08-25 12:35:29.532383,1315.47,7730,0
7480,2026-08-29 02:05:29.549931,1079.43,5799,0
1572,2026-08-30 02:28:29.530651,3189.24,5087,0
5728,2026-08-27 13:44:29.544034,4310.81,1005,0
5560,2026-09-01 02:05:29.543505,2792.8,2466,0
1045,2026-09-01 03:28:29.528921,2044.99,1810,0
5855,2026-08-28 03:32:29.544441,2283.29,2466,0
4180,2026-08-30 09:43:29.539071,1334.05,8672,0
8216,2026-08-25 11:22:29.552376,4301.51,6000,0
7292,2026-08-25 19:19:29.549334,1600.16,6113,0
7448,2026-08-26 02:22:29.549824,1423.91,7899,0
9274,2026-08-28 03:47:29.555814,3713.94,7143,0
6076,2026-08-28 19:04:29.545150,1410.94,5264,0
1399,2026-08-30 22:11:29.530105,346.52,2970,0
8471,2026-08-30 17:12:29.553211,662.22,3219,0
4710,2026-08-26 06:13:29.540764,4391.91,6819,0
542,2026-08-30 07:51:29.527314,4884.51,1506,0
350,2026-08-25 05:53:29.526689,1502.59,4249,0
5678,2026-08-28 10:20:29.543877,2623.51,7360,0
5139,2026-08-27 09:23:29.542150,626.35,4248,0
456,2026-08-29 12:48:29.527024,1710.81,6147,0
94,2026-08-30 20:48:29.525844,3709.07,1929,0
4554,2026-08-31 22:26:29.540271,1891.96,6390,0
2545,2026-08-28 01:42:29.533800,3544.78,2500,0
5082,2026-08-26 14:43:29.541951,2171.38,8119,0
9333,2026-08-25 08:58:29.556001,206.44,4746,0
5230,2026-08-29 22:11:29.542448,4203.74,4373,0
1606,2026-08-27 14:25:29.530761,4408.4,6315,0
6211,2026-08-26 11:08:29.545575,928.69,3666,0
1931,2026-08-25 05:51:29.531803,2438.55,3826,0
4263,2026-08-26 22:37:29.539334,1400.55,5704,0
1345,2026-08-25 19:36:29.529916,2551.76,4371,0
6847,2026-08-25 16:25:29.547627,2108.77,6868,0
9092,2026-08-30 23:18:29.555243,1167.21,7864,0
7917,2026-08-29 02:47:29.551421,2673.63,6197,0
3866,2026-08-25 21:13:29.538070,4674.3,2608,0
9829,2026-08-26 05:00:29.557590,3867.28,5943,0
1181,2026-08-30 14:39:29.529396,3124.46,6860,0
8468,2026-08-29 10:27:29.553200,690.62,3384,0
4290,2026-08-26 17:53:29.539418,154.22,7218,0
7039,2026-08-29 18:11:29.548504,2524.84,4858,0
513,2026-08-31 18:21:29.527223,1444.72,8802,0
154,2026-08-27 19:21:29.526034,4643.51,5683,0
2155,2026-08-25 21:15:29.532525,273.0,5072,0
1640,2026-08-29 00:17:29.530867,263.62,6356,0
5084,2026-08-29 17:52:29.541957,3698.64,3253,0
4474,2026-08-31 02:39:29.540006,2294.91,2505,0
10015,2026-09-01 03:45:29.564659,1000.0,10014,1
6957,2026-08-28 18:08:29.548051,4031.72,8988,0
2078,2026-08-30 09:03:29.532282,3638.81,7521,0
8743,2026-08-30 14:51:29.554101,3479.32,6859,0
8844,2026-08-26 04:04:29.554422,63.73,3781,0
1422,2026-08-31 02:33:29.530179,765.75,2435,0
4599,2026-08-26 04:12:29.540413,1069.44,3625,0
2841,2026-08-25 18:41:29.534769,4128.58,6907,0
7974,2026-08-29 22:35:29.551601,3533.76,3857,0
7132,2026-08-30 03:46:29.548796,2244.16,4689,0
10213,2026-09-01 03:45:29.564659,1000.0,10012,1
4634,2026-08-27 03:42:29.540522,1962.32,6993,0
6335,2026-08-28 06:14:29.545963,1111.78,4482,0
5704,2026-08-26 11:21:29.543958,4501.01,1678,0
4860,2026-08-27 17:44:29.541247,2991.54,3467,0
7986,2026-08-27 14:43:29.551639,398.08,8560,0
4737,2026-08-29 00:21:29.540851,1504.14,8246,0
7512,2026-08-31 22:52:29.550064,4670.35,3026,0
8368,2026-08-29 17:08:29.552853,725.2,5760,0
993,2026-08-28 22:04:29.528757,4829.77,7298,0
8915,2026-08-25 21:10:29.554644,4055.14,6339,0
7611,2026-08-30 22:10:29.550415,4442.66,2993,0
7362,2026-08-30 03:00:29.549552,4199.03,6816,0
1232,2026-08-28 21:29:29.529554,3776.56,2526,0
1085,2026-08-30 02:17:29.529080,3889.69,2640,0
4327,2026-08-30 21:15:29.539542,3057.88,3914,0
1535,2026-08-27 06:04:29.530535,3664.77,7628,0
4255,2026-08-31 09:45:29.539309,3972.93,7993,0
6232,2026-08-29 11:43:29.545641,138.87,1776,0
1106,2026-08-29 23:12:29.529157,3381.71,3882,0
6521,2026-08-25 20:01:29.546579,4431.27,6580,0
6482,2026-08-28 19:13:29.546454,3473.5,6673,0
10418,2026-09-01 03:45:29.564659,1000.0,10017,1
4825,2026-08-29 14:06:29.541137,4189.42,6190,0
254,2026-08-29 21:39:29.526385,2650.93,3675,0
5700,2026-08-31 07:13:29.543946,3720.63,7641,0
9716,2026-08-27 13:33:29.557235,1070.37,6772,0
8137,2026-08-27 18:06:29.552125,2080.78,4604,0
3114,2026-08-28 13:09:29.535650,2492.37,1550,0
1009,2026-09-01 02:00:29.528807,2267.17,4001,0
5537,2026-08-28 15:25:29.543432,4908.42,8556,0
8609,2026-08-29 20:15:29.553646,315.18,7913,0
4161,2026-08-30 14:18:29.539003,624.52,5401,0
6740,2026-08-31 14:36:29.547287,1692.28,8384,0
7995,2026-08-28 23:20:29.551667,4607.21,4617,0
6286,2026-09-01 00:53:29.545811,4470.33,2275,0
552,2026-08-29 17:23:29.527346,549.77,1359,0
7522,2026-08-30 10:34:29.550116,732.87,6435,0
2674,2026-08-27 03:18:29.534233,1247.53,2622,0
10258,2026-09-01 03:45:29.564659,1000.0,10007,1
3349,2026-08-26 21:34:29.536404,2568.04,7982,0
3825,2026-08-31 05:18:29.537920,1793.19,5190,0
9632,2026-08-30 10:58:29.556958,1726.12,4240,0
8172,2026-08-30 09:32:29.552234,1091.4,6705,0
965,2026-08-26 12:07:29.528666,3138.55,5925,0
10485,2026-09-01 03:45:29.564659,1000.0,10034,1
70,2026-08-31 04:48:29.525768,717.3,7864,0
6727,2026-08-29 17:47:29.547247,1770.97,6461,0
420,2026-08-31 23:16:29.526911,4614.33,7805,0
8761,2026-08-25 07:59:29.554157,4023.97,4575,0
7064,2026-08-28 18:59:29.548581,4120.68,7271,0
4151,2026-08-28 23:04:29.538972,3406.54,5325,0
4109,2026-08-25 13:45:29.538836,4658.12,4937,0
735,2026-08-25 14:13:29.527932,623.22,2165,0
608,2026-08-29 01:08:29.527527,3411.38,5392,0
1716,2026-08-29 22:31:29.531120,33.26,5983,0
8463,2026-08-28 17:02:29.553184,189.55,8387,0
4558,2026-08-30 09:13:29.540283,844.53,1900,0
2042,2026-08-25 21:26:29.532169,4447.64,8185,0
4345,2026-08-31 10:33:29.539599,877.69,3453,0
3750,2026-08-25 21:59:29.537683,3647.07,2748,0
8154,2026-08-26 03:56:29.552178,3485.29,2280,0
7745,2026-08-31 17:03:29.550844,4938.77,1800,0
5761,2026-08-26 23:20:29.544147,431.59,7875,0
9317,2026-08-27 03:53:29.555948,2062.23,2166,0
53,2026-08-29 02:25:29.525712,1634.12,5107,0
958,2026-08-31 16:07:29.528645,954.52,7613,0
849,2026-08-31 17:36:29.528301,4953.18,2779,0
4408,2026-08-29 13:47:29.539800,4826.97,4376,0
2535,2026-08-26 10:12:29.533768,4056.45,2022,0
9495,2026-08-26 05:03:29.556525,2220.63,8797,0
3110,2026-08-26 09:45:29.535638,781.76,2951,0
7273,2026-08-28 12:42:29.549272,1035.93,5557,0
5562,2026-08-28 10:57:29.543511,302.78,6721,0
1394,2026-08-29 11:50:29.530089,1610.38,1132,0
4976,2026-09-01 02:28:29.541613,725.33,6944,0
2983,2026-08-30 14:24:29.535233,2691.13,2752,0
8706,2026-08-26 11:15:29.553951,4950.39,2905,0
5378,2026-08-30 09:34:29.542922,3430.42,6391,0
3459,2026-09-01 01:35:29.536751,3840.84,8953,0
1772,2026-08-26 03:06:29.531298,867.37,5262,0
73,2026-08-27 08:19:29.525778,394.85,8961,0
9269,2026-08-26 10:29:29.555798,3758.26,4799,0
3271,2026-08-26 09:26:29.536157,334.19,5306,0
5688,2026-08-27 23:48:29.543909,2426.12,3320,0
1130,2026-08-30 15:16:29.529232,321.73,6808,0
7381,2026-08-30 18:58:29.549615,2374.0,4339,0
7593,2026-08-26 03:34:29.550359,3444.8,4314,0
3039,2026-08-31 18:41:29.535412,365.91,7893,0
3212,2026-08-27 22:08:29.535964,715.68,6807,0
1674,2026-08-28 09:38:29.530975,1045.01,6835,0
10157,2026-09-01 03:45:29.564659,1000.0,10006,1
10130,2026-09-01 03:45:29.564659,1000.0,10029,1
4588,2026-08-30 06:11:29.540379,2444.7,7451,0
5791,2026-08-29 14:57:29.544240,2801.51,4369,0
3464,2026-08-31 20:11:29.536767,3015.56,6136,0
4465,2026-08-27 11:51:29.539978,1923.15,1765,0
1308,2026-08-27 05:22:29.529798,1894.78,7722,0
10043,2026-09-01 03:45:29.564659,1000.0,10042,1
10345,2026-09-01 03:45:29.564659,1000.0,10044,1
5532,2026-08-28 06:08:29.543416,1122.31,6884,0
10250,2026-09-01 03:45:29.564659,1000.0,9999,1
5811,2026-08-27 14:08:29.544302,1523.43,5167,0
1851,2026-08-25 12:02:29.531549,706.55,8056,0
6413,2026-08-27 05:36:29.546230,2988.17,2211,0
4747,2026-08-26 00:44:29.540882,1964.26,5940,0
4781,2026-08-31 08:48:29.540988,3059.86,6587,0
1023,2026-08-25 12:03:29.528851,737.77,6164,0
6242,2026-08-27 10:21:29.545672,3354.08,8855,0
374,2026-08-26 14:43:29.526765,3650.65,2267,0
1254,2026-08-31 16:29:29.529626,4678.91,6597,0
996,2026-08-28 09:19:29.528767,1864.23,3619,0
8275,2026-08-28 08:16:29.552561,931.23,6072,0
9669,2026-08-26 20:51:29.557085,3439.1,6346,0
7323,2026-08-26 09:10:29.549430,4642.45,4902,0
8942,2026-08-29 10:33:29.554731,3537.81,1520,0
2373,2026-08-28 17:40:29.533250,2282.2,1493,0
873,2026-08-30 03:02:29.528376,3320.89,5278,0
405,2026-08-27 09:14:29.526865,3613.38,7121,0
99,2026-08-25 15:46:29.525860,4894.6,2710,0
3204,2026-08-30 16:29:29.535939,4377.39,2612,0
6605,2026-08-26 09:14:29.546852,2859.43,4251,0
5045,2026-08-31 00:51:29.541833,84.04,7201,0
3015,2026-08-28 00:23:29.535332,3238.34,3097,0
5796,2026-08-28 18:22:29.544255,4594.98,3723,0
3482,2026-08-31 10:59:29.536823,3578.52,1408,0
7711,2026-09-01 03:44:29.550733,4464.1,1569,0
150,2026-08-28 01:51:29.526021,107.32,1880,0
4798,2026-08-28 13:32:29.541050,1457.95,3924,0
3744,2026-08-25 18:31:29.537664,395.48,6038,0
5990,2026-09-01 01:56:29.544870,1108.42,5286,0
1506,2026-08-30 03:16:29.530443,851.74,4368,0
1915,2026-08-29 08:51:29.531751,3833.53,2801,0
1099,2026-08-28 19:49:29.529129,3805.24,4276,0
2861,2026-08-29 15:35:29.534833,1318.0,4882,0
4036,2026-08-26 07:50:29.538606,4461.67,4916,0
2884,2026-08-31 06:18:29.534905,2983.73,4072,0
9595,2026-08-27 20:09:29.556843,3014.3,4327,0
7300,2026-08-30 23:26:29.549359,1861.97,2342,0
251,2026-08-30 19:19:29.526376,2461.12,6641,0
351,2026-08-25 13:22:29.526692,1216.74,8325,0
1840,2026-08-28 00:50:29.531515,3496.61,7700,0
7400,2026-08-31 11:17:29.549674,1288.79,2021,0
894,2026-08-26 15:43:29.528441,1470.32,5997,0
10081,2026-09-01 03:45:29.564659,1000.0,10030,1
9671,2026-08-31 10:05:29.557092,1655.94,5163,0
3081,2026-08-26 01:42:29.535548,4419.2,4650,0
9929,2026-08-29 11:16:29.557908,2044.74,1215,0
2902,2026-08-29 16:31:29.534964,2652.18,1288,0
8106,2026-08-27 03:58:29.552015,3595.96,6441,0
2072,2026-08-28 15:14:29.532263,4581.79,7501,0
7356,2026-08-28 00:54:29.549533,3621.07,3544,0
10199,2026-09-01 03:45:29.564659,1000.0,10048,1
2824,2026-08-25 19:47:29.534712,1219.11,5362,0
6471,2026-08-31 05:10:29.546420,4338.9,5500,0
5369,2026-08-30 22:13:29.542894,2275.12,7857,0
3120,2026-08-31 22:19:29.535672,263.24,2455,0
4707,2026-09-01 02:58:29.540754,2175.16,4597,0
3641,2026-08-28 13:45:29.537333,4401.95,2207,0
9553,2026-08-29 08:14:29.556708,1902.38,7743,0
3270,2026-08-29 22:04:29.536153,703.53,6700,0
4862,2026-08-31 17:48:29.541253,4766.37,8350,0
9007,2026-08-27 16:11:29.554938,923.46,8840,0
7607,2026-08-30 07:02:29.550403,1984.01,3250,0
6917,2026-08-28 01:11:29.547847,1895.7,1759,0
8149,2026-08-25 20:54:29.552163,1155.39,1481,0
9764,2026-08-27 21:16:29.557387,423.89,5407,0
3842,2026-08-29 02:26:29.537973,2036.87,3899,0
10449,2026-09-01 03:45:29.564659,1000.0,10048,1
10351,2026-09-01 03:45:29.564659,1000.0,10000,1
586,2026-08-29 18:40:29.527457,393.68,8935,0
9384,2026-08-26 23:41:29.556169,2513.43,1876,0
4522,2026-08-26 11:30:29.540170,1821.64,2878,0
4441,2026-08-27 08:11:29.539903,3562.6,3357,0
2799,2026-08-26 15:36:29.534634,120.52,6852,0
7764,2026-08-31 15:54:29.550904,95.91,2201,0
6036,2026-08-27 18:21:29.545016,1618.42,1566,0
4579,2026-08-26 09:34:29.540351,989.08,3034,0
1554,2026-08-27 08:32:29.530595,834.2,8452,0
9768,2026-08-29 23:56:29.557399,2971.48,7762,0
9584,2026-08-25 16:48:29.556809,1077.57,8753,0
1623,2026-08-31 13:57:29.530814,544.71,4169,0
8415,2026-08-28 02:47:29.553015,4251.75,6196,0
4098,2026-08-28 08:16:29.538802,4542.89,6249,0
2891,2026-08-26 22:57:29.534930,4835.86,4253,0
7904,2026-08-31 14:48:29.551381,2282.04,2099,0
9536,2026-08-30 12:07:29.556655,1941.9,8261,0
3405,2026-08-25 11:46:29.536581,3901.15,2894,0
7871,2026-08-26 04:47:29.551276,2206.55,1532,0
6578,2026-08-25 06:51:29.546762,1858.5,2281,0
7971,2026-08-28 17:11:29.551592,1078.77,3012,0
10275,2026-09-01 03:45:29.564659,1000.0,10024,1
8528,2026-08-27 08:50:29.553389,978.67,5266,0
6123,2026-08-29 11:06:29.545299,3445.45,8857,0
2959,2026-08-31 08:43:29.535158,2083.32,4739,0
7987,2026-08-26 16:58:29.551642,4836.39,6946,0
9017,2026-08-26 11:46:29.554969,1513.0,3904,0
5317,2026-08-26 05:47:29.542729,4447.36,1285,0
1035,2026-08-31 09:36:29.528888,2220.46,2440,0
6472,2026-08-26 17:46:29.546423,2595.87,7395,0
1144,2026-08-28 15:22:29.529275,1431.6,6413,0
7613,2026-08-31 03:34:29.550422,598.34,8126,0
5,2026-08-26 07:59:29.525561,4954.54,2871,0
8579,2026-08-26 04:41:29.553552,1618.33,2820,0
6397,2026-08-26 20:34:29.546179,3189.17,2723,0
300,2026-08-29 00:33:29.526529,1010.8,7660,0
1848,2026-08-29 08:04:29.531540,4231.18,7993,0
5822,2026-08-25 10:32:29.544336,698.08,5992,0
6537,2026-08-26 06:28:29.546631,695.17,4040,0
948,2026-08-31 19:24:29.528613,3682.27,3973,0
5263,2026-08-30 11:50:29.542560,640.96,6531,0
261,2026-08-26 17:47:29.526407,1066.69,3867,0
6831,2026-08-27 07:44:29.547577,4727.22,8198,0
1332,2026-08-31 04:11:29.529875,4441.22,6540,0
4084,2026-08-29 10:28:29.538758,3665.57,4156,0
8703,2026-08-31 02:22:29.553942,1139.17,1251,0
2226,2026-08-27 20:28:29.532753,2353.3,7201,0
1873,2026-08-26 08:57:29.531618,1131.7,4860,0
34,2026-08-28 09:55:29.525652,1971.1,1769,0
6712,2026-08-28 22:05:29.547200,3988.2,5265,0
1972,2026-08-31 09:30:29.531931,973.31,5925,0
1669,2026-08-31 04:21:29.530957,710.62,5051,0
4277,2026-08-29 19:47:29.539377,1883.44,6037,0
3741,2026-08-31 21:15:29.537654,1365.3,7478,0
6494,2026-08-27 19:35:29.546492,4348.58,6973,0
819,2026-08-31 06:54:29.528205,420.43,2127,0
6362,2026-08-29 22:31:29.546070,2381.67,6452,0
8322,2026-08-30 23:55:29.552711,1894.38,4656,0
3086,2026-08-25 12:39:29.535564,3046.28,4379,0
2570,2026-08-31 19:23:29.533880,4329.2,1243,0
1155,2026-08-31 04:44:29.529309,1888.19,7250,0
7931,2026-08-30 11:24:29.551465,839.64,3339,0
9742,2026-08-30 07:35:29.557316,1680.9,2569,0
9715,2026-08-26 13:38:29.557232,703.81,5610,0
4956,2026-08-31 05:19:29.541550,1753.74,5590,0
7765,2026-08-25 14:46:29.550907,4472.55,4527,0
3993,2026-08-25 12:12:29.538472,1635.9,8965,0
321,2026-08-26 05:00:29.526598,4313.34,2052,0
5431,2026-08-26 07:53:29.543099,1737.78,2468,0
6684,2026-08-31 09:04:29.547110,1467.71,4193,0
228,2026-08-31 23:22:29.526303,3212.82,6079,0
6857,2026-08-28 00:13:29.547660,2821.83,7260,0
2559,2026-08-27 03:50:29.533843,845.15,7736,0
2621,2026-08-26 02:39:29.534064,4263.04,4362,0
8284,2026-08-30 11:48:29.552590,3212.94,7821,0
2689,2026-08-30 11:57:29.534281,497.68,6599,0
8616,2026-08-28 09:31:29.553668,1412.27,2219,0
2694,2026-08-31 07:04:29.534299,3550.16,6363,0
4695,2026-08-26 01:54:29.540717,636.56,4009,0
4717,2026-08-30 19:50:29.540785,2607.54,2799,0
2641,2026-08-30 07:55:29.534130,4864.66,5586,0
9824,2026-08-27 22:09:29.557574,1537.23,7567,0
266,2026-08-27 11:59:29.526423,1281.88,1965,0
2066,2026-08-31 21:45:29.532244,3649.16,7098,0
331,2026-08-30 06:40:29.526630,2044.92,4000,0
8314,2026-08-28 19:41:29.552686,3634.12,4573,0
1890,2026-08-27 03:38:29.531672,2205.0,6952,0
6756,2026-08-26 08:03:29.547337,629.61,5933,0
7030,2026-08-28 14:24:29.548457,3208.55,4183,0
1407,2026-08-25 08:04:29.530130,863.04,3870,0
1355,2026-08-26 23:53:29.529946,3237.91,7126,0
6381,2026-08-29 01:14:29.546129,47.23,2080,0
6972,2026-08-25 18:37:29.548135,1511.37,7516,0
1050,2026-08-28 10:32:29.528937,3932.74,6751,0
7220,2026-09-01 00:08:29.549107,2394.38,5804,0
8661,2026-08-30 14:31:29.553811,1905.84,7144,0
695,2026-08-28 06:57:29.527804,2854.91,8583,0
10088,2026-09-01 03:45:29.564659,1000.0,10037,1
621,2026-08-28 03:57:29.527568,3449.2,2856,0
3679,2026-08-30 01:43:29.537457,1634.64,1342,0
8047,2026-08-30 01:15:29.551831,1456.92,8477,0
6956,2026-08-27 23:04:29.548034,1682.16,5173,0
7753,2026-08-26 20:59:29.550869,544.03,1980,0
10320,2026-09-01 03:45:29.564659,1000.0,10019,1
4846,2026-08-26 23:07:29.541203,2502.56,4315,0
5036,2026-08-28 10:03:29.541804,1964.31,1705,0
54,2026-08-31 15:58:29.525715,3706.4,4824,0
5435,2026-08-31 07:23:29.543111,2929.94,8688,0
4203,2026-08-27 00:14:29.539144,2615.58,8018,0
3047,2026-08-26 08:21:29.535438,413.5,7546,0
9468,2026-08-28 05:01:29.556437,4392.09,1256,0
2945,2026-09-01 02:26:29.535111,4236.99,6339,0
4456,2026-08-26 23:47:29.539950,2390.63,2091,0
9823,2026-08-25 19:05:29.557571,231.04,6892,0
1203,2026-08-29 04:48:29.529464,312.74,6593,0
3659,2026-08-30 12:15:29.537389,1661.19,5422,0
543,2026-08-30 12:06:29.527318,1620.81,6371,0
3985,2026-08-27 08:36:29.538447,3608.99,7745,0
7862,2026-09-01 01:39:29.551248,3712.54,3865,0
1253,2026-08-28 19:30:29.529622,4150.26,8401,0
9191,2026-08-30 04:25:29.555553,501.58,3157,0
37,2026-08-29 21:13:29.525661,3741.01,4315,0
8860,2026-08-29 05:59:29.554471,2749.49,3252,0
10483,2026-09-01 03:45:29.564659,1000.0,10032,1
3912,2026-08-31 00:47:29.538216,469.67,5666,0
2597,2026-08-28 23:29:29.533964,2717.41,3093,0
4097,2026-08-27 16:00:29.538799,2237.44,4670,0
8824,2026-08-28 04:58:29.554357,1861.14,5524,0
6374,2026-08-25 11:12:29.546107,2501.56,2322,0
8226,2026-08-27 11:46:29.552407,3378.67,8717,0
8784,2026-08-30 17:20:29.554229,975.76,4033,0
9479,2026-08-25 06:06:29.556471,4895.31,4887,0
332,2026-08-30 18:55:29.526633,481.91,6482,0
3448,2026-08-28 02:48:29.536715,4068.53,4776,0
4701,2026-08-30 11:33:29.540736,558.86,5484,0
4666,2026-08-29 20:46:29.540627,2637.81,4811,0
2899,2026-09-01 02:03:29.534955,3967.23,8837,0
1499,2026-08-29 12:21:29.530419,4052.35,8553,0
3132,2026-08-28 04:00:29.535710,899.09,1774,0
9688,2026-08-29 03:57:29.557145,2925.97,3774,0
1909,2026-08-29 18:26:29.531732,4162.74,8432,0
3189,2026-08-27 06:33:29.535890,205.6,7091,0
10420,2026-09-01 03:45:29.564659,1000.0,10019,1
8758,2026-08-30 17:12:29.554147,2789.44,6363,0
9290,2026-08-31 01:46:29.555864,4973.46,1426,0
6098,2026-08-29 13:15:29.545221,2605.84,2190,0
7379,2026-08-29 20:14:29.549609,2275.16,6118,0
2235,2026-08-25 19:30:29.532781,645.16,3443,0
3624,2026-08-28 05:18:29.537277,4615.88,4097,0
2332,2026-08-27 19:45:29.533119,311.1,4036,0
2025,2026-08-26 16:22:29.532116,3623.5,1491,0
4013,2026-08-28 23:03:29.538534,908.58,5724,0
5035,2026-08-29 02:14:29.541801,1840.18,1943,0
930,2026-08-30 03:44:29.528557,1233.07,5414,0
1555,2026-08-25 18:34:29.530598,3062.15,2192,0
5232,2026-08-26 04:05:29.542455,4319.49,7491,0
3337,2026-08-31 15:59:29.536366,3335.36,8112,0
987,2026-08-27 15:21:29.528736,4175.06,6703,0
842,2026-08-25 06:28:29.528279,4155.19,2632,0
1827,2026-08-29 23:12:29.531471,3614.57,7961,0
7124,2026-08-26 14:49:29.548771,4220.91,3506,0
8715,2026-08-30 12:37:29.553979,229.88,5526,0
8,2026-08-29 20:59:29.525571,2133.71,7914,0
3297,2026-08-28 15:22:29.536241,165.42,7904,0
9410,2026-08-26 11:02:29.556254,2553.66,8118,0
1907,2026-08-26 14:18:29.531726,2862.24,3473,0
9644,2026-08-29 13:31:29.556997,155.25,7951,0
208,2026-08-29 08:41:29.526240,1469.92,4955,0
341,2026-08-28 05:47:29.526661,3677.54,3239,0
6222,2026-08-31 01:33:29.545609,4898.06,1015,0
6111,2026-08-29 11:38:29.545262,2643.47,3022,0
2275,2026-08-31 02:09:29.532911,78.67,8574,0
5935,2026-08-31 06:53:29.544695,4481.91,1790,0
8138,2026-08-31 05:42:29.552128,1469.41,8712,0
193,2026-08-30 12:18:29.526194,4347.0,2169,0
9589,2026-08-26 01:00:29.556824,1919.47,4128,0
4933,2026-08-31 02:06:29.541479,3703.85,4925,0
3698,2026-08-27 01:19:29.537517,2403.01,4490,0
2005,2026-08-28 03:25:29.532035,1615.84,1204,0
1320,2026-08-28 15:53:29.529836,4884.84,7710,0
4566,2026-08-31 15:58:29.540311,4628.9,5786,0
6137,2026-08-30 14:11:29.545342,1499.46,5082,0
9828,2026-08-27 19:55:29.557587,297.95,8796,0
2225,2026-08-31 09:31:29.532750,629.4,2231,0
6227,2026-08-31 13:47:29.545625,3710.55,6631,0
8469,2026-08-29 09:48:29.553203,432.31,1530,0
6327,2026-08-26 10:41:29.545938,1658.7,1474,0
4274,2026-08-30 13:14:29.539368,3636.72,2929,0
1475,2026-08-27 05:34:29.530344,1978.73,6452,0
1002,2026-08-31 16:24:29.528785,242.19,5037,0
7032,2026-08-28 00:36:29.548468,3986.0,7092,0
2985,2026-08-28 16:14:29.535239,2801.11,5840,0
1294,2026-08-31 18:34:29.529754,3406.24,3012,0
3283,2026-08-28 04:39:29.536194,3905.8,2012,0
809,2026-08-30 11:18:29.528174,4991.8,2740,0
411,2026-08-25 15:04:29.526883,3938.47,7943,0
9574,2026-08-27 13:04:29.556775,1114.42,3382,0
3873,2026-08-31 11:57:29.538092,775.06,2203,0
7077,2026-08-30 13:57:29.548622,3492.2,6739,0
7600,2026-08-26 12:33:29.550381,1629.62,4312,0
8781,2026-08-27 11:42:29.554220,2603.06,1297,0
5472,2026-08-28 13:10:29.543228,916.56,8712,0
7832,2026-08-27 23:32:29.551151,3882.04,1532,0
8412,2026-08-30 17:38:29.553005,4434.17,5586,0
9409,2026-08-31 23:16:29.556251,770.26,8162,0
6875,2026-08-28 18:14:29.547716,4225.16,5318,0
5074,2026-08-29 07:05:29.541926,1102.83,4657,0
3042,2026-08-28 00:17:29.535422,951.3,7614,0
6658,2026-08-27 16:57:29.547020,3234.84,6578,0
5294,2026-08-31 15:31:29.542657,700.92,8117,0
478,2026-08-31 16:23:29.527105,2986.15,5734,0
3054,2026-08-27 16:39:29.535460,483.57,6706,0
9906,2026-08-30 17:36:29.557834,4613.04,5605,0
3584,2026-08-29 20:34:29.537153,3594.63,1131,0
3345,2026-08-31 04:57:29.536391,1195.24,7250,0
2888,2026-08-27 02:05:29.534920,3228.7,3429,0
9694,2026-08-28 05:16:29.557164,791.84,6289,0
1315,2026-08-31 19:02:29.529820,1185.79,5819,0
3158,2026-08-25 07:42:29.535793,3336.5,3646,0
298,2026-08-27 10:01:29.526523,4471.47,4179,0
4601,2026-08-26 03:41:29.540420,4400.88,7894,0
7270,2026-08-31 09:03:29.549263,2073.75,3610,0
1393,2026-08-26 10:18:29.530086,2021.46,2737,0
3606,2026-08-29 22:56:29.537221,2263.1,7057,0
9598,2026-08-28 23:59:29.556852,3570.81,8954,0
3883,2026-08-27 15:47:29.538126,4749.41,1524,0
9784,2026-08-30 15:36:29.557449,2559.13,7892,0
9150,2026-08-26 14:49:29.555426,3376.91,2899,0
8716,2026-08-30 07:50:29.553982,1999.46,8671,0
10364,2026-09-01 03:45:29.564659,1000.0,10013,1
6319,2026-08-31 00:51:29.545913,1089.24,8131,0
9237,2026-08-31 17:52:29.555699,2762.7,6214,0
3860,2026-08-30 11:32:29.538030,4560.43,7892,0
5524,2026-08-25 15:50:29.543391,839.12,8755,0
3137,2026-08-31 23:20:29.535728,2158.22,2486,0
1680,2026-08-27 20:33:29.530994,3428.29,8418,0
4056,2026-08-25 22:56:29.538671,1814.08,4304,0
5674,2026-08-26 04:08:29.543865,3282.67,4426,0
8545,2026-08-25 08:49:29.553442,4059.63,8407,0
7288,2026-08-30 11:13:29.549321,4699.83,6234,0
7313,2026-08-30 13:15:29.549399,2618.49,7114,0
7229,2026-08-26 11:01:29.549135,2191.63,1989,0
1436,2026-08-30 12:26:29.530223,2222.91,4113,0
1501,2026-08-29 16:41:29.530428,1893.12,3145,0
1921,2026-08-27 10:43:29.531770,2819.95,4994,0
7083,2026-08-26 23:17:29.548641,218.92,8912,0
5217,2026-08-25 11:01:29.542402,370.94,7177,0
4830,2026-08-25 14:30:29.541153,1507.48,5570,0
8250,2026-08-27 11:15:29.552482,4591.3,7493,0
4281,2026-08-28 05:42:29.539390,2949.28,6794,0
4551,2026-08-30 14:21:29.540262,4703.14,8895,0
6603,2026-08-30 14:19:29.546846,1551.25,1080,0
3867,2026-08-26 06:02:29.538073,2495.36,8640,0
7918,2026-08-31 18:07:29.551424,2714.66,2254,0
2980,2026-08-31 19:13:29.535223,3370.14,1780,0
8023,2026-08-25 06:07:29.551754,2826.42,5510,0
3634,2026-08-25 16:38:29.537311,1986.89,1238,0
1696,2026-08-26 04:22:29.531057,4795.73,4283,0
8328,2026-08-28 12:04:29.552729,773.33,5567,0
2881,2026-08-26 04:40:29.534896,372.91,4586,0
8210,2026-08-28 17:22:29.552354,161.05,3594,0
10012,2026-09-01 03:45:29.564659,1000.0,10011,1
1494,2026-08-30 05:20:29.530403,3349.82,3449,0
8791,2026-08-31 00:12:29.554251,4719.45,8285,0
7478,2026-08-28 06:12:29.549925,2186.28,2755,0
392,2026-08-30 22:34:29.526821,831.79,2700,0
805,2026-08-28 22:13:29.528161,2129.38,7006,0
8564,2026-08-29 15:10:29.553505,1686.24,3012,0
2722,2026-08-28 22:41:29.534387,3458.73,7347,0
6338,2026-08-31 21:09:29.545972,3273.78,8832,0
7905,2026-08-25 18:56:29.551384,1859.89,6078,0
7897,2026-08-26 05:20:29.551359,404.82,4142,0
9302,2026-08-27 03:52:29.555901,877.4,1631,0
4444,2026-08-28 14:58:29.539912,2854.21,1591,0
5594,2026-08-31 08:26:29.543613,4901.23,6941,0
4826,2026-08-31 09:59:29.541140,2486.29,8547,0
5253,2026-08-31 03:09:29.542529,1847.34,1561,0
466,2026-08-27 20:29:29.527067,1180.61,8172,0
8173,2026-08-29 05:07:29.552238,3258.15,1177,0
5871,2026-08-30 07:27:29.544491,1635.6,6690,0
4615,2026-08-27 07:54:29.540463,881.66,6450,0
8264,2026-08-26 19:56:29.552526,1857.95,2467,0
7626,2026-08-26 06:15:29.550464,4912.96,7082,0
6926,2026-08-31 10:47:29.547888,2869.25,3499,0
8233,2026-08-29 13:08:29.552429,1096.42,8335,0
5651,2026-08-30 11:08:29.543791,193.87,4180,0
3857,2026-08-31 06:06:29.538020,4511.73,3095,0
2844,2026-08-30 07:05:29.534778,3240.54,5807,0
1991,2026-08-28 04:01:29.531991,4573.34,6314,0
3230,2026-08-31 12:08:29.536020,2918.92,3630,0
8459,2026-08-28 14:42:29.553172,378.75,3869,0
9167,2026-08-28 20:32:29.555479,109.93,1327,0
5360,2026-08-31 07:36:29.542865,782.91,7736,0
1463,2026-08-25 20:03:29.530306,4896.55,7863,0
258,2026-08-27 04:03:29.526398,4511.2,2265,0
6166,2026-08-29 20:43:29.545433,4534.06,8336,0
5258,2026-08-30 12:33:29.542545,2653.41,6995,0
6266,2026-08-27 03:35:29.545749,1602.63,1736,0
3764,2026-08-31 21:42:29.537726,1132.93,4464,0
1993,2026-08-26 12:39:29.531997,2656.52,5654,0
209,2026-08-30 21:15:29.526244,4464.27,1564,0
2188,2026-08-28 11:50:29.532630,4231.76,3200,0
396,2026-08-28 03:05:29.526836,3656.42,6234,0
217,2026-08-26 00:19:29.526268,4242.88,6861,0
2990,2026-08-25 08:47:29.535255,538.91,7091,0
5607,2026-08-26 22:59:29.543654,1903.63,4774,0
2431,2026-08-27 15:40:29.533432,184.58,5365,0
10354,2026-09-01 03:45:29.564659,1000.0,10003,1
4801,2026-08-31 08:28:29.541060,187.76,3556,0
4244,2026-08-26 13:11:29.539275,3864.75,1482,0
6759,2026-08-27 04:07:29.547346,4376.41,3008,0
7358,2026-08-30 03:40:29.549539,1353.66,8064,0
7685,2026-08-27 14:11:29.550649,3716.96,3893,0
1618,2026-08-26 14:28:29.530798,4061.36,2086,0
2095,2026-08-28 14:35:29.532337,2021.13,2305,0
2193,2026-08-26 03:05:29.532646,3661.73,5992,0
885,2026-08-27 08:00:29.528413,153.78,2080,0
4879,2026-08-25 12:31:29.541306,2147.01,5731,0
4434,2026-08-26 06:16:29.539881,2391.1,6172,0
2349,2026-08-30 21:40:29.533172,3593.53,4188,0
6283,2026-08-25 11:24:29.545802,4175.81,6926,0
3755,2026-08-31 18:12:29.537698,950.33,1080,0
101,2026-08-28 02:56:29.525866,2617.93,1179,0
8852,2026-08-27 08:56:29.554447,4161.08,2596,0
6697,2026-08-30 10:45:29.547153,1849.05,6526,0
8995,2026-08-25 06:27:29.554900,593.98,2262,0
5471,2026-08-30 05:09:29.543225,130.78,1624,0
4936,2026-08-29 22:02:29.541488,2978.31,2034,0
9,2026-08-26 09:02:29.525574,4817.1,8021,0
5692,2026-08-29 12:03:29.543921,1367.14,7054,0
5619,2026-08-30 06:18:29.543692,1419.13,3843,0
5160,2026-08-29 09:11:29.542220,2425.48,5088,0
6968,2026-08-27 06:19:29.548114,991.64,5087,0
2723,2026-08-31 12:14:29.534390,76.23,6523,0
8425,2026-08-30 03:40:29.553065,3453.79,1918,0
6682,2026-08-26 03:13:29.547104,2219.7,6974,0
5158,2026-09-01 00:13:29.542213,1465.29,2806,0
8519,2026-08-29 04:50:29.553361,3979.27,6973,0
7390,2026-08-27 15:21:29.549643,1008.91,4297,0
10494,2026-09-01 03:45:29.564659,1000.0,10043,1
1820,2026-08-25 16:39:29.531449,432.95,2140,0
8907,2026-08-29 01:56:29.554620,519.39,3020,0
4197,2026-08-26 08:45:29.539125,1793.32,1958,0
5461,2026-08-27 23:00:29.543194,2133.62,7094,0
9804,2026-08-28 08:10:29.557512,4644.58,7245,0
2115,2026-08-26 03:42:29.532399,4105.52,4555,0
510,2026-08-25 07:51:29.527213,2294.71,1272,0
7536,2026-08-27 22:17:29.550181,2400.84,6927,0
9160,2026-08-28 11:24:29.555457,2377.74,5398,0
8766,2026-08-30 18:31:29.554172,2737.96,1545,0
514,2026-08-25 13:41:29.527226,335.91,1186,0
2639,2026-08-26 01:17:29.534124,4398.77,5483,0
155,2026-08-26 03:34:29.526037,3250.86,1312,0
5901,2026-08-26 16:36:29.544586,180.87,4672,0
6359,2026-08-29 21:55:29.546055,4418.27,4841,0
2582,2026-08-27 14:20:29.533917,3093.79,3586,0
7660,2026-08-26 12:25:29.550571,4206.37,2464,0
189,2026-08-29 20:06:29.526181,302.14,1712,0
6741,2026-08-27 01:13:29.547290,2118.05,4319,0
9387,2026-08-28 21:17:29.556178,4266.08,1166,0
5356,2026-08-29 03:21:29.542852,2598.79,7183,0
4287,2026-08-27 03:15:29.539408,2295.4,3525,0
2979,2026-08-26 15:13:29.535220,488.12,8835,0
6955,2026-08-31 21:36:29.548029,1239.58,6773,0
9681,2026-08-28 18:00:29.557123,4694.19,2048,0
10249,2026-09-01 03:45:29.564659,1000.0,10048,1
728,2026-08-25 23:32:29.527907,1944.6,4739,0
1967,2026-08-29 03:22:29.531916,2784.48,4682,0
9077,2026-08-30 14:45:29.555197,881.47,2908,0
5281,2026-08-28 18:55:29.542616,2893.47,1979,0
8664,2026-08-27 19:01:29.553820,1608.86,8980,0
24,2026-08-28 02:25:29.525621,633.14,2901,0
3294,2026-08-28 12:02:29.536232,114.51,1794,0
5313,2026-08-28 18:16:29.542716,4162.5,6621,0
493,2026-08-28 20:50:29.527159,786.41,6412,0
3454,2026-08-27 17:35:29.536733,4263.92,4168,0
1527,2026-08-27 06:49:29.530509,3824.43,5379,0
909,2026-08-30 18:01:29.528491,1400.21,5199,0
4990,2026-08-27 19:48:29.541659,1506.09,7771,0
5283,2026-08-26 17:29:29.542622,3367.62,1234,0
1757,2026-08-25 06:40:29.531251,1545.1,8848,0
5116,2026-08-28 17:23:29.542078,1620.92,6193,0
1282,2026-08-26 04:43:29.529716,4740.13,8848,0
2016,2026-08-30 22:30:29.532081,4905.83,8543,0
1266,2026-08-31 23:05:29.529663,2258.22,7899,0
2942,2026-08-27 04:35:29.535102,68.28,6716,0
1032,2026-08-26 09:56:29.528879,313.93,3984,0
8881,2026-08-25 22:06:29.554536,4467.12,3538,0
6225,2026-08-30 15:39:29.545619,770.29,6056,0
3668,2026-08-26 10:13:29.537421,1592.4,2197,0
6412,2026-08-29 05:46:29.546226,2610.83,2033,0
5006,2026-08-30 17:18:29.541710,3050.03,4149,0
6402,2026-08-28 14:08:29.546195,3460.26,5197,0
6037,2026-08-28 23:47:29.545019,2959.75,2640,0
86,2026-08-31 05:07:29.525819,3250.1,6570,0
8570,2026-08-29 06:12:29.553524,3686.97,5126,0
9494,2026-08-25 14:41:29.556522,742.24,1487,0
9552,2026-08-29 18:02:29.556705,1657.31,2124,0
2832,2026-08-29 22:27:29.534741,3137.46,2864,0
5393,2026-08-27 15:48:29.542969,3568.31,4913,0
3351,2026-08-26 07:56:29.536410,1751.51,2686,0
284,2026-08-30 13:25:29.526480,3749.87,5708,0
7387,2026-08-28 14:43:29.549634,231.41,5704,0
8079,2026-08-25 20:16:29.551931,843.59,3544,0
2791,2026-08-26 18:47:29.534609,1542.7,4619,0
9767,2026-08-28 12:52:29.557396,2524.62,5980,0
1302,2026-08-25 10:04:29.529779,4583.46,3381,0
5602,2026-08-29 17:54:29.543639,27.84,7601,0
9511,2026-08-25 19:39:29.556576,427.69,6228,0
686,2026-08-29 23:32:29.527776,3225.69,7769,0
9089,2026-08-26 05:07:29.555233,4986.84,8719,0
8486,2026-08-26 07:45:29.553258,42.32,6485,0
9343,2026-08-31 22:50:29.556032,433.63,5736,0
5428,2026-08-27 06:03:29.543090,2178.9,3956,0
9907,2026-08-29 16:03:29.557837,2277.46,1154,0
4279,2026-08-25 10:48:29.539383,1568.49,7419,0
9651,2026-08-29 05:29:29.557019,4639.34,3120,0
1610,2026-08-25 14:09:29.530774,764.88,2686,0
4335,2026-08-31 05:57:29.539568,510.03,4992,0
7702,2026-08-28 07:25:29.550702,4894.54,3008,0
2128,2026-08-30 20:31:29.532440,3748.36,1028,0
1510,2026-08-30 14:01:29.530456,4869.45,1845,0
4868,2026-08-30 17:07:29.541272,1211.13,7021,0
7524,2026-08-31 12:00:29.550127,4703.35,3956,0
1400,2026-08-31 16:08:29.530108,3652.29,1194,0
1439,2026-08-28 17:47:29.530232,4550.09,8690,0
7354,2026-08-28 22:22:29.549527,2019.22,5354,0
10253,2026-09-01 03:45:29.564659,1000.0,10002,1
9440,2026-08-31 01:34:29.556347,4340.05,4708,0
9476,2026-08-30 10:21:29.556462,2533.25,3642,0
2572,2026-08-28 21:17:29.533886,3702.73,1025,0
3777,2026-08-28 04:52:29.537767,1677.31,1572,0
7837,2026-08-26 02:15:29.551167,895.46,7321,0
5079,2026-08-28 02:05:29.541941,4868.25,2509,0
10071,2026-09-01 03:45:29.564659,1000.0,10020,1
3532,2026-08-26 02:50:29.536979,1583.68,1100,0
9657,2026-08-28 21:36:29.557037,3533.79,7827,0
4981,2026-08-30 21:13:29.541629,1871.9,6826,0
5741,2026-08-31 03:24:29.544082,2991.7,2588,0
2851,2026-08-27 11:26:29.534800,4657.1,5658,0
4865,2026-08-29 00:07:29.541263,3999.36,3718,0
6904,2026-08-26 10:58:29.547807,281.06,1186,0
9741,2026-08-31 15:30:29.557313,589.51,1774,0
109,2026-08-27 00:20:29.525891,3515.29,5926,0
5834,2026-08-26 05:12:29.544373,1309.49,5550,0
707,2026-08-30 23:47:29.527842,86.21,4089,0
305,2026-08-31 14:30:29.526545,2534.62,4881,0
10463,2026-09-01 03:45:29.564659,1000.0,10012,1
989,2026-08-26 17:19:29.528742,4885.39,5646,0
6567,2026-08-29 07:10:29.546725,264.42,3661,0
5297,2026-08-25 13:08:29.542666,3942.07,1871,0
2676,2026-08-30 23:36:29.534240,1380.06,3870,0
6161,2026-08-25 18:24:29.545417,2824.41,7910,0
9030,2026-08-26 22:02:29.555010,3234.46,7774,0
5284,2026-09-01 02:30:29.542626,3839.51,6283,0
841,2026-08-27 18:10:29.528276,444.31,6905,0
381,2026-08-29 12:07:29.526786,942.21,3689,0
9728,2026-08-31 04:13:29.557272,467.98,3325,0
1248,2026-08-28 16:54:29.529607,2549.54,7066,0
3728,2026-08-29 04:42:29.537613,3778.4,1334,0
3488,2026-08-28 09:52:29.536842,1054.83,5183,0
8621,2026-08-28 04:41:29.553683,672.86,7682,0
1420,2026-08-27 13:52:29.530173,1188.62,5011,0
9827,2026-08-25 12:30:29.557584,2322.74,3544,0
10219,2026-09-01 03:45:29.564659,1000.0,10018,1
7925,2026-08-29 09:43:29.551446,3074.91,3481,0
6355,2026-08-31 17:08:29.546028,2325.49,5693,0
6615,2026-08-27 15:27:29.546884,826.06,8798,0
3557,2026-08-26 10:00:29.537068,1990.43,2427,0
2636,2026-08-29 08:40:29.534114,3450.29,5885,0
5363,2026-08-26 12:36:29.542875,2616.65,3199,0
6170,2026-08-30 07:35:29.545445,3396.13,7989,0
2901,2026-08-30 23:06:29.534961,4032.86,6630,0
564,2026-08-27 09:36:29.527383,2680.44,8727,0
5049,2026-08-31 08:53:29.541845,1210.73,5877,0
2909,2026-08-30 13:21:29.534986,229.92,8886,0
8967,2026-08-31 20:11:29.554810,3869.85,5678,0
9445,2026-08-31 20:39:29.556363,2828.55,6119,0
9957,2026-08-28 15:44:29.557996,2021.22,2925,0
8950,2026-08-29 20:11:29.554756,4892.78,2969,0
2894,2026-08-28 03:48:29.534939,212.35,6513,0
6558,2026-08-29 01:49:29.546696,3970.49,1884,0
7835,2026-08-29 18:49:29.551160,1237.04,3494,0
10480,2026-09-01 03:45:29.564659,1000.0,10029,1
6189,2026-08-30 09:57:29.545506,3472.82,1425,0
10129,2026-09-01 03:45:29.564659,1000.0,10028,1
7211,2026-08-28 21:46:29.549069,4027.07,6477,0
2819,2026-08-31 04:01:29.534697,4798.03,1166,0
7437,2026-08-28 09:07:29.549790,2377.85,1210,0
3173,2026-08-31 12:13:29.535840,2488.58,5440,0
9966,2026-08-29 22:18:29.558024,16.32,3746,0
6505,2026-08-31 12:38:29.546526,4270.03,1177,0
5542,2026-08-29 23:58:29.543448,3512.14,3849,0
9642,2026-08-26 09:55:29.556991,2310.16,2508,0
5752,2026-08-26 05:51:29.544119,2256.02,4482,0
7686,2026-08-26 16:17:29.550652,215.06,5572,0
2017,2026-08-28 17:12:29.532091,192.74,8985,0
2406,2026-08-30 07:32:29.533353,4553.36,7782,0
2624,2026-08-27 13:31:29.534076,2008.75,7175,0
9646,2026-08-31 23:23:29.557003,1501.01,4733,0
6715,2026-08-28 07:24:29.547209,1758.06,4527,0
1817,2026-08-26 14:22:29.531439,2907.83,2402,0
10328,2026-09-01 03:45:29.564659,1000.0,10027,1
7561,2026-08-29 23:14:29.550259,2407.16,1652,0
394,2026-08-28 16:06:29.526827,3509.13,4643,0
4067,2026-08-31 03:48:29.538705,4996.98,8505,0
3073,2026-08-29 22:00:29.535522,993.31,8317,0
1694,2026-08-31 20:19:29.531037,2662.97,8830,0
8457,2026-08-30 04:49:29.553165,4549.34,1536,0
2730,2026-08-26 20:02:29.534412,2701.27,8582,0
8658,2026-08-29 18:01:29.553802,1159.63,2121,0
4713,2026-08-31 17:00:29.540773,4604.22,3507,0
9496,2026-08-30 09:42:29.556528,2109.91,2284,0
5119,2026-08-28 06:58:29.542087,4281.19,6358,0
7138,2026-08-31 07:38:29.548815,1988.17,2015,0
6052,2026-08-27 08:41:29.545075,1971.82,5101,0
1797,2026-08-26 02:08:29.531377,980.13,4985,0
3814,2026-08-31 11:37:29.537886,256.19,4005,0
9592,2026-08-27 17:34:29.556834,1858.85,3024,0
3496,2026-08-30 03:33:29.536867,805.91,7168,0
7412,2026-08-25 06:13:29.549712,681.77,7037,0
6387,2026-08-25 13:09:29.546148,3140.94,6424,0
718,2026-08-26 11:46:29.527876,3901.48,2663,0
10496,2026-09-01 03:45:29.564659,1000.0,10045,1
8470,2026-08-26 07:29:29.553208,1330.76,1881,0
425,2026-08-31 14:04:29.526927,2226.79,5006,0
186,2026-08-31 13:04:29.526172,1985.26,8234,0
3367,2026-08-28 20:36:29.536460,3616.03,6976,0
1798,2026-08-29 07:08:29.531380,676.62,4974,0
5906,2026-08-31 15:31:29.544601,160.9,1771,0
2356,2026-08-26 18:35:29.533197,990.77,7152,0
9513,2026-08-27 05:17:29.556582,3057.42,6312,0
4282,2026-09-01 03:00:29.539393,1227.89,4208,0
8100,2026-08-29 11:22:29.551996,3064.49,5037,0
4135,2026-08-31 23:12:29.538922,3944.66,3943,0
7210,2026-08-28 21:20:29.549061,3729.13,3344,0
7279,2026-08-28 22:26:29.549291,97.34,5619,0
1647,2026-08-26 11:32:29.530888,136.49,1401,0
1305,2026-08-31 02:04:29.529788,1590.19,1580,0
4541,2026-08-31 01:37:29.540231,3553.6,2572,0
2613,2026-08-27 21:39:29.534018,3282.67,5323,0
10419,2026-09-01 03:45:29.564659,1000.0,10018,1
1184,2026-08-26 23:17:29.529405,4038.55,8352,0
7040,2026-08-25 09:55:29.548507,2732.84,1378,0
5643,2026-08-26 18:03:29.543766,4662.28,7883,0
9624,2026-08-26 23:41:29.556933,1649.67,2288,0
1147,2026-08-26 19:58:29.529284,3349.1,5328,0
7411,2026-08-28 03:11:29.549708,1345.19,8194,0
6877,2026-08-29 01:40:29.547723,4256.71,2592,0
1946,2026-08-31 02:45:29.531850,3769.25,7673,0
3682,2026-08-25 19:01:29.537467,473.05,8852,0
5864,2026-08-31 23:20:29.544469,4511.92,4474,0
3966,2026-08-25 06:37:29.538387,3811.31,5578,0
1056,2026-09-01 03:40:29.528958,1501.01,6672,0
5775,2026-08-31 09:53:29.544191,1808.36,2902,0
1036,2026-08-28 09:12:29.528891,916.49,1879,0
5882,2026-08-29 11:13:29.544524,1009.1,4158,0
6526,2026-08-29 07:11:29.546595,3094.2,8034,0
9557,2026-08-26 01:54:29.556720,4536.07,1293,0
3392,2026-08-30 15:40:29.536540,1897.73,7742,0
5020,2026-08-31 09:29:29.541754,4611.53,2297,0
4598,2026-08-31 08:09:29.540410,2687.05,1519,0
7861,2026-08-27 12:08:29.551245,2276.61,3168,0
6425,2026-08-28 10:44:29.546269,976.51,2157,0
6749,2026-08-28 12:15:29.547315,3699.57,6114,0
246,2026-08-30 03:57:29.526360,4251.13,1581,0
1417,2026-08-28 12:33:29.530164,1787.96,2620,0
2872,2026-08-29 06:39:29.534868,4139.76,6438,0
4158,2026-08-26 17:44:29.538994,271.51,6473,0
7194,2026-08-28 11:25:29.548989,2764.18,6763,0
9128,2026-08-25 16:40:29.555355,1952.79,2873,0
8834,2026-08-30 10:30:29.554388,4130.25,1036,0
1792,2026-08-30 09:07:29.531361,172.98,6431,0
9670,2026-08-31 17:39:29.557088,467.91,8033,0
6701,2026-08-30 11:54:29.547166,2953.65,2238,0
3737,2026-08-26 07:45:29.537642,3553.67,1452,0
6349,2026-08-31 07:26:29.546009,3972.25,6435,0
7558,2026-08-26 17:16:29.550250,1984.74,4096,0
5613,2026-08-29 04:18:29.543673,2854.4,1825,0
8894,2026-08-27 07:01:29.554577,2870.29,5734,0
9923,2026-08-28 11:15:29.557889,2465.33,2427,0
1844,2026-08-25 23:00:29.531527,4713.02,4354,0
6110,2026-08-28 00:43:29.545259,2184.91,1587,0
6719,2026-08-26 15:54:29.547222,2097.16,4687,0
1500,2026-08-26 20:23:29.530425,781.92,3750,0
5733,2026-08-26 19:40:29.544058,2682.23,6364,0
3887,2026-08-31 11:58:29.538138,828.89,8130,0
3477,2026-08-27 13:57:29.536807,297.46,2272,0
1744,2026-08-31 03:26:29.531207,2888.07,6277,0
1874,2026-08-27 19:24:29.531621,189.5,3694,0
8857,2026-08-28 20:09:29.554462,1796.63,6602,0
3669,2026-08-27 22:49:29.537425,1822.03,8814,0
1573,2026-08-27 17:02:29.530654,4508.4,8078,0
9169,2026-08-28 14:00:29.555485,778.94,1265,0
3013,2026-08-29 12:35:29.535326,705.09,6835,0
5099,2026-08-31 03:14:29.542003,935.66,4388,0
4184,2026-08-27 01:40:29.539084,4109.46,2223,0
4059,2026-08-29 21:41:29.538680,4183.87,4327,0
7981,2026-09-01 02:29:29.551623,4856.48,8258,0
6445,2026-08-27 10:21:29.546335,3321.94,1774,0
2162,2026-08-30 15:57:29.532546,3988.49,8856,0
3458,2026-08-31 01:06:29.536748,4714.04,7142,0
1445,2026-08-25 05:33:29.530251,3897.54,6231,0
3767,2026-08-29 09:13:29.537736,72.39,6701,0
10433,2026-09-01 03:45:29.564659,1000.0,10032,1
1146,2026-08-26 09:53:29.529281,3748.64,5208,0
3545,2026-08-25 13:25:29.537022,2383.51,5631,0
6489,2026-08-29 19:57:29.546476,3222.12,6277,0
4243,2026-08-30 15:08:29.539272,4359.37,5037,0
2930,2026-08-26 03:22:29.535064,2274.95,1632,0
9268,2026-08-31 10:39:29.555795,2535.86,2019,0
3538,2026-08-27 13:35:29.536998,2559.04,8044,0
6203,2026-08-26 22:45:29.545550,3637.73,3453,0
5050,2026-08-31 16:56:29.541848,3381.36,1189,0
9186,2026-08-31 22:44:29.555538,2634.83,7055,0
5473,2026-08-28 20:10:29.543231,225.24,8758,0
9993,2026-08-27 20:30:29.558117,4692.35,3036,0
2583,2026-08-29 22:47:29.533920,2224.06,8203,0
5820,2026-08-30 11:27:29.544330,3208.88,6185,0
3824,2026-08-31 04:57:29.537917,4907.81,7029,0
89,2026-08-29 11:52:29.525828,818.27,7103,0
1662,2026-08-28 21:28:29.530935,3024.66,2989,0
3451,2026-08-27 18:34:29.536724,3412.42,2028,0
5403,2026-08-26 22:48:29.543000,37.03,2696,0
7939,2026-08-28 17:05:29.551490,738.85,5004,0
2943,2026-08-27 23:33:29.535105,3757.2,8525,0
2923,2026-08-28 22:37:29.535031,4001.62,5604,0
3796,2026-08-28 02:46:29.537830,4982.47,1860,0
8168,2026-08-30 15:10:29.552222,3760.94,3840,0
2453,2026-08-27 10:11:29.533503,2729.53,3708,0
8939,2026-08-30 21:38:29.554722,650.54,1308,0
594,2026-08-29 12:53:29.527483,4956.56,5301,0
6896,2026-08-25 14:21:29.547782,1287.01,1631,0
1273,2026-08-31 23:48:29.529685,1551.86,3980,0
5891,2026-08-29 21:32:29.544555,1558.67,4685,0
3827,2026-09-01 03:00:29.537926,2844.02,6696,0
5858,2026-08-28 01:20:29.544451,1610.97,4862,0
5019,2026-08-26 13:59:29.541750,3322.93,5330,0
7921,2026-08-31 08:31:29.551434,258.37,4922,0
5633,2026-08-30 05:46:29.543735,445.51,5174,0
4108,2026-08-28 05:24:29.538833,4914.87,1205,0
1893,2026-08-30 13:11:29.531682,1085.22,8946,0
6201,2026-08-26 10:26:29.545544,2646.85,3171,0
5134,2026-08-26 19:12:29.542134,1098.37,5021,0
4296,2026-08-28 12:49:29.539437,3080.18,4478,0
1198,2026-08-27 09:13:29.529449,2559.72,8778,0
4182,2026-08-29 02:45:29.539078,4617.5,8474,0
7203,2026-08-27 21:32:29.549021,1777.3,7937,0
7453,2026-08-28 06:06:29.549844,813.17,6313,0
3196,2026-08-31 22:08:29.535912,2405.16,1615,0
5333,2026-08-28 06:35:29.542781,2497.81,4276,0
4968,2026-08-25 18:30:29.541588,4940.55,8237,0
5672,2026-08-27 00:46:29.543858,2383.65,3046,0
5459,2026-08-30 03:50:29.543188,2617.22,4566,0
382,2026-08-28 19:35:29.526789,4470.18,2595,0
7583,2026-08-25 17:38:29.550328,2896.61,3764,0
6400,2026-08-27 05:50:29.546189,1871.82,7446,0
9773,2026-08-26 09:12:29.557415,3788.04,6921,0
2316,2026-08-25 21:38:29.533039,2002.97,7292,0
6017,2026-08-28 21:59:29.544957,4489.88,8267,0
7376,2026-08-26 05:05:29.549599,713.2,6342,0
3024,2026-08-25 18:37:29.535361,4079.04,3338,0
5083,2026-08-27 16:07:29.541954,4952.98,8854,0
2719,2026-08-26 01:14:29.534378,3890.87,4653,0
5832,2026-08-30 11:11:29.544367,3308.37,6356,0
9043,2026-08-27 03:53:29.555083,138.76,3392,0
6621,2026-08-30 13:57:29.546902,2101.56,4153,0
6589,2026-08-27 10:20:29.546796,50.12,2910,0
7916,2026-08-29 00:31:29.551418,1621.3,2469,0
2774,2026-09-01 02:27:29.534553,4434.5,7001,0
4362,2026-08-25 11:16:29.539653,1526.13,4488,0
7646,2026-08-30 20:16:29.550527,1775.85,3332,0
1259,2026-08-30 13:14:29.529641,1438.9,4395,0
1272,2026-08-27 10:32:29.529682,1469.38,1908,0
8559,2026-08-31 15:12:29.553488,73.1,2803,0
9800,2026-08-26 08:00:29.557499,3883.78,7993,0
10044,2026-09-01 03:45:29.564659,1000.0,10043,1
5076,2026-08-30 20:26:29.541932,62.93,2436,0
2797,2026-08-25 08:09:29.534628,2501.55,3048,0
9239,2026-08-26 04:10:29.555705,3326.02,2989,0
9206,2026-08-30 22:48:29.555600,553.45,7609,0
2771,2026-08-30 04:50:29.534544,3153.48,8193,0
5093,2026-08-31 23:59:29.541985,894.08,6358,0
4576,2026-08-26 14:24:29.540342,1513.15,6413,0
7494,2026-09-01 02:01:29.549975,1141.59,2473,0
10294,2026-09-01 03:45:29.564659,1000.0,10043,1
9554,2026-08-28 17:27:29.556711,627.57,7821,0
7353,2026-08-27 18:59:29.549524,3712.42,8341,0
10389,2026-09-01 03:45:29.564659,1000.0,10038,1
8460,2026-08-30 04:42:29.553175,695.15,2459,0
880,2026-08-29 20:27:29.528398,1374.45,7957,0
5600,2026-08-31 04:14:29.543633,740.03,6949,0
3618,2026-08-26 10:14:29.537258,1251.48,4471,0
7935,2026-08-27 22:31:29.551477,272.83,3452,0
3598,2026-08-25 23:26:29.537196,4917.54,4223,0
4857,2026-08-30 16:20:29.541238,3297.98,8454,0
5583,2026-08-30 07:32:29.543579,1911.42,7323,0
6645,2026-08-26 21:14:29.546979,1740.89,2023,0
3693,2026-08-25 11:34:29.537501,1497.74,8662,0
7641,2026-08-26 03:28:29.550511,4936.93,2324,0
6545,2026-08-25 19:25:29.546656,2105.35,8419,0
3424,2026-09-01 03:06:29.536640,1305.7,4840,0
1435,2026-08-31 02:29:29.530220,3293.84,1000,0
4494,2026-08-25 12:10:29.540082,4126.63,1057,0
4827,2026-09-01 03:45:29.541143,2358.12,2175,0
6706,2026-08-29 00:47:29.547181,4251.14,3705,0
4804,2026-08-25 23:16:29.541069,2520.74,4537,0
3419,2026-08-31 22:46:29.536624,166.32,2283,0
28,2026-08-27 13:04:29.525633,1969.7,7149,0
504,2026-08-30 21:23:29.527194,2518.12,1832,0
5327,2026-08-31 00:13:29.542762,2108.38,6284,0
6997,2026-08-26 22:16:29.548273,4010.35,6869,0
385,2026-08-27 22:16:29.526799,3100.78,4978,0
190,2026-08-26 22:56:29.526184,4772.87,2747,0
2657,2026-08-25 20:02:29.534180,3729.97,8322,0
1141,2026-08-31 00:53:29.529266,2873.45,7327,0
1135,2026-08-29 17:30:29.529247,2564.74,6578,0
5716,2026-08-30 07:21:29.543996,3854.68,8933,0
7152,2026-08-30 12:59:29.548859,2098.86,7370,0
3708,2026-08-29 12:28:29.537548,2023.58,1338,0
2793,2026-08-30 23:32:29.534616,4225.51,6153,0
10264,2026-09-01 03:45:29.564659,1000.0,10013,1
479,2026-08-28 09:33:29.527108,3533.4,8189,0
9276,2026-08-27 18:04:29.555820,4374.32,4345,0
6351,2026-08-31 08:22:29.546016,3951.83,6124,0
4432,2026-08-31 16:01:29.539875,1543.83,3999,0
2472,2026-08-28 06:18:29.533564,4381.87,5081,0
8282,2026-08-26 22:18:29.552584,4029.36,1020,0
2266,2026-08-31 00:40:29.532883,535.3,7376,0
7221,2026-08-28 16:41:29.549110,1963.55,5842,0
4493,2026-08-27 06:23:29.540079,1079.83,2083,0
9540,2026-08-25 14:20:29.556667,1080.65,1313,0
2846,2026-08-31 21:33:29.534784,3098.51,8985,0
2503,2026-08-31 06:58:29.533663,4170.65,7915,0
4641,2026-08-30 17:36:29.540544,4682.98,6905,0
9581,2026-08-26 00:08:29.556799,4343.67,7361,0
643,2026-08-30 09:11:29.527637,431.29,6748,0
7355,2026-09-01 00:46:29.549530,4299.18,5623,0
5558,2026-08-25 08:30:29.543498,567.49,1118,0
4087,2026-08-29 10:26:29.538768,3175.97,7686,0
287,2026-08-26 04:42:29.526489,4218.06,6685,0
7680,2026-08-30 12:54:29.550633,269.09,7680,0
9485,2026-08-28 18:59:29.556490,2589.39,5064,0
9725,2026-08-29 07:45:29.557263,4889.58,8025,0
4574,2026-08-30 07:28:29.540336,3516.67,7887,0
7789,2026-08-27 23:26:29.550981,141.18,8749,0
3897,2026-08-29 20:17:29.538169,4250.44,3674,0
8219,2026-08-28 05:27:29.552385,2559.64,4962,0
1599,2026-08-26 04:40:29.530739,4939.67,4456,0
6986,2026-08-27 14:35:29.548213,1139.98,3899,0
2611,2026-08-28 14:16:29.534011,605.29,8982,0
9946,2026-08-30 11:12:29.557962,1049.86,3356,0
3929,2026-08-25 06:48:29.538269,633.44,7910,0
5179,2026-08-30 15:40:29.542283,1171.59,1040,0
7778,2026-08-29 09:55:29.550947,2095.9,8505,0
10059,2026-09-01 03:45:29.564659,1000.0,10008,1
6409,2026-08-28 10:19:29.546217,1908.03,2237,0
2462,2026-08-27 22:47:29.533533,4989.34,2671,0
2320,2026-08-28 04:48:29.533080,4783.5,4792,0
5065,2026-08-25 19:30:29.541895,4047.48,8458,0
4178,2026-08-31 04:41:29.539065,3838.35,5982,0
2804,2026-08-28 23:55:29.534650,288.08,7391,0
3063,2026-08-25 14:14:29.535491,4062.1,2968,0
7024,2026-08-31 16:20:29.548420,3263.12,6886,0
1871,2026-08-29 11:55:29.531612,875.38,1751,0
7250,2026-08-31 15:11:29.549200,1265.54,2881,0
8679,2026-08-29 11:51:29.553867,1484.2,3970,0
8693,2026-08-31 16:07:29.553910,4210.04,2113,0
8958,2026-08-27 03:08:29.554781,4216.44,4225,0
9734,2026-08-31 15:01:29.557291,722.61,5503,0
7462,2026-08-30 18:19:29.549875,3773.91,7409,0
10214,2026-09-01 03:45:29.564659,1000.0,10013,1
1361,2026-08-29 01:05:29.529965,284.77,2721,0
9304,2026-08-28 07:24:29.555908,945.17,8340,0
1761,2026-08-29 15:12:29.531263,1676.71,4565,0
5708,2026-08-26 13:28:29.543971,3692.61,4876,0
7023,2026-08-26 03:12:29.548415,4853.45,3175,0
5460,2026-08-25 09:35:29.543191,357.61,4691,0
8997,2026-08-25 10:55:29.554906,610.59,6530,0
8103,2026-08-27 11:02:29.552005,3293.36,5443,0
7142,2026-08-29 16:41:29.548828,855.32,2581,0
3225,2026-08-26 17:43:29.536004,1421.14,1482,0
98,2026-08-28 13:45:29.525857,3746.06,7319,0
3227,2026-08-29 18:12:29.536011,2882.12,4791,0
1866,2026-08-29 06:44:29.531596,173.78,5251,0
10062,2026-09-01 03:45:29.564659,1000.0,10011,1
3846,2026-08-29 23:02:29.537985,552.64,8067,0
2148,2026-08-28 16:19:29.532503,1844.32,7695,0
8606,2026-08-30 17:27:29.553636,4488.74,1886,0
667,2026-08-27 09:30:29.527716,1054.02,2436,0
10070,2026-09-01 03:45:29.564659,1000.0,10019,1
4587,2026-08-28 02:26:29.540376,969.24,7016,0
8918,2026-08-31 11:49:29.554654,3747.43,6317,0
1047,2026-08-31 00:37:29.528927,4312.66,3464,0
4546,2026-08-27 19:10:29.540246,4519.83,6806,0
6931,2026-08-30 12:28:29.547912,427.86,6818,0
10025,2026-09-01 03:45:29.564659,1000.0,10024,1
3643,2026-08-26 10:14:29.537340,282.25,7521,0
9102,2026-08-27 14:48:29.555274,1943.23,4727,0
5581,2026-08-30 01:01:29.543572,2493.76,2193,0
10499,2026-09-01 03:45:29.564659,1000.0,10048,1
7732,2026-08-31 02:28:29.550803,3948.11,5203,0
6499,2026-08-31 15:28:29.546507,3594.17,1211,0
4246,2026-08-30 12:15:29.539281,1445.12,7030,0
7760,2026-08-29 00:51:29.550891,808.96,2985,0
8674,2026-08-30 05:34:29.553851,2997.38,6010,0
3040,2026-08-25 08:57:29.535415,2374.12,7918,0
9873,2026-08-31 14:05:29.557731,4028.45,8210,0
7010,2026-08-28 04:01:29.548344,2749.23,7318,0
7078,2026-08-26 21:38:29.548625,3906.53,7903,0
5140,2026-08-25 11:46:29.542153,864.05,1892,0
1265,2026-08-27 03:13:29.529660,146.77,8396,0
2287,2026-08-26 00:43:29.532948,1789.01,5071,0
6864,2026-08-27 07:27:29.547682,3730.74,3764,0
9522,2026-09-01 01:52:29.556610,4530.29,2046,0
10428,2026-09-01 03:45:29.564659,1000.0,10027,1
733,2026-08-25 10:01:29.527923,1575.66,8358,0
8418,2026-08-27 19:24:29.553024,1041.61,1337,0
3515,2026-08-26 16:11:29.536926,3615.82,2082,0
9551,2026-08-31 11:08:29.556702,2771.74,2778,0
7069,2026-08-31 17:04:29.548597,3397.17,4024,0
10049,2026-09-01 03:45:29.564659,1000.0,10048,1
3776,2026-08-25 17:30:29.537764,968.11,1508,0
2528,2026-08-29 04:51:29.533746,1213.4,4258,0
1347,2026-08-27 20:42:29.529922,1464.21,8173,0
3133,2026-08-27 11:07:29.535713,2211.81,1395,0
9470,2026-08-26 04:24:29.556443,2072.77,1839,0
8700,2026-08-31 09:34:29.553932,4071.31,5706,0
3182,2026-08-29 19:34:29.535868,1415.76,2838,0
1937,2026-08-31 01:22:29.531822,3022.63,8901,0
1935,2026-08-30 08:48:29.531816,2033.23,8749,0
2069,2026-08-31 12:29:29.532254,4292.3,3108,0
2260,2026-08-30 14:48:29.532861,4743.38,6780,0
8504,2026-08-28 21:36:29.553314,3082.15,2127,0
1164,2026-08-29 03:22:29.529341,515.29,1991,0
4751,2026-08-27 09:50:29.540895,2861.35,7880,0
553,2026-08-25 07:18:29.527349,2252.18,6181,0
5089,2026-08-28 04:19:29.541972,2395.52,1150,0
670,2026-08-25 15:51:29.527725,2395.93,6830,0
8721,2026-08-30 13:53:29.553998,2823.8,5574,0
8503,2026-08-30 13:16:29.553311,1486.72,1653,0
6676,2026-08-31 08:12:29.547085,3511.53,3181,0
2620,2026-08-29 04:21:29.534058,1628.77,6053,0
1511,2026-08-26 05:50:29.530459,2637.1,7662,0
1625,2026-08-27 19:15:29.530820,1542.21,1812,0
5120,2026-08-25 11:56:29.542090,2685.59,3964,0
8017,2026-08-30 08:29:29.551735,4536.63,5024,0
7996,2026-08-27 05:59:29.551670,462.99,8725,0
2556,2026-08-30 22:52:29.533834,4238.12,6660,0
8042,2026-08-28 06:20:29.551813,4310.16,7345,0
4814,2026-08-31 16:18:29.541100,3963.54,5148,0
8962,2026-08-25 08:04:29.554794,4417.47,5293,0
8396,2026-08-31 12:06:29.552943,2388.6,6677,0
6221,2026-08-28 08:39:29.545606,3869.76,4347,0
3934,2026-08-30 14:15:29.538285,1021.09,6884,0
452,2026-08-27 02:23:29.527011,438.08,1383,0
2055,2026-08-31 06:53:29.532210,1347.87,4781,0
2210,2026-08-27 21:01:29.532699,1859.48,5581,0
4818,2026-08-27 04:40:29.541115,3235.29,3021,0
6909,2026-08-29 22:17:29.547823,3986.2,2065,0
4028,2026-08-28 07:25:29.538581,580.54,2203,0
8630,2026-08-27 08:10:29.553711,103.68,5061,0
4999,2026-08-30 03:01:29.541687,580.98,3064,0
4062,2026-08-30 14:41:29.538689,757.83,6468,0
383,2026-08-27 12:57:29.526793,4329.51,2333,0
10053,2026-09-01 03:45:29.564659,1000.0,10002,1
136,2026-08-30 06:25:29.525975,4722.48,1124,0
9717,2026-08-28 19:46:29.557238,4128.4,6676,0
5664,2026-08-28 03:44:29.543831,919.63,8804,0
9185,2026-08-30 11:17:29.555534,4600.06,2936,0
3876,2026-08-30 15:38:29.538101,2211.88,8368,0
2327,2026-08-30 01:43:29.533103,4103.19,2942,0
8748,2026-08-28 14:12:29.554116,4285.88,8253,0
7501,2026-08-26 07:50:29.549996,1608.01,2603,0
6618,2026-08-25 05:50:29.546893,4283.97,5914,0
6730,2026-08-27 18:13:29.547256,2577.58,4108,0
244,2026-08-31 06:26:29.526354,2241.85,6578,0
5795,2026-08-29 03:31:29.544252,2355.76,5282,0
4475,2026-08-27 02:09:29.540011,4511.51,4659,0
7682,2026-08-30 14:29:29.550639,3842.3,6074,0
9406,2026-08-28 16:43:29.556241,3201.3,6653,0
4216,2026-08-25 12:33:29.539185,4584.49,2077,0
2568,2026-08-31 07:25:29.533874,3244.27,7069,0
1896,2026-08-28 12:36:29.531692,1226.68,5165,0
147,2026-08-28 05:46:29.526012,1617.87,5098,0
4359,2026-08-30 14:31:29.539644,1478.44,3033,0
1683,2026-08-31 16:30:29.531003,490.41,2932,0
3466,2026-08-26 23:07:29.536773,3514.81,6263,0
10177,2026-09-01 03:45:29.564659,1000.0,10026,1
9747,2026-08-25 08:47:29.557334,3117.82,3429,0
5536,2026-08-27 04:51:29.543429,2837.62,5324,0
4219,2026-08-29 12:08:29.539194,744.33,8086,0
4661,2026-08-28 18:13:29.540611,2949.02,7222,0
8588,2026-08-28 01:18:29.553580,1356.15,3506,0
7982,2026-08-25 11:42:29.551626,1130.35,5421,0
9796,2026-08-31 01:12:29.557487,1878.38,4104,0
8538,2026-08-26 23:15:29.553420,1503.31,4002,0
6390,2026-08-25 06:06:29.546157,3660.64,4226,0
2097,2026-08-30 23:07:29.532343,2143.06,1942,0
3078,2026-08-28 04:32:29.535539,1839.28,6293,0
2178,2026-08-30 03:08:29.532596,2558.9,8599,0
173,2026-08-28 19:19:29.526132,1064.25,6078,0
8840,2026-08-31 00:58:29.554410,4905.8,6437,0
3303,2026-08-27 12:35:29.536260,4163.02,5095,0
113,2026-08-31 07:03:29.525904,3019.45,6618,0
8635,2026-08-26 05:23:29.553727,2437.32,5648,0
6213,2026-08-25 21:33:29.545581,4765.59,6647,0
9048,2026-08-26 17:48:29.555103,2941.98,4201,0
6524,2026-08-25 13:02:29.546589,1800.69,6362,0
6743,2026-08-30 00:19:29.547296,44.76,2732,0
2666,2026-08-26 20:44:29.534208,1272.74,5623,0
6197,2026-08-31 23:41:29.545531,1743.48,3144,0
4186,2026-08-29 03:45:29.539091,4238.27,6082,0
8841,2026-08-27 18:43:29.554413,2744.46,6595,0
1452,2026-08-29 17:22:29.530272,2755.87,4895,0
3049,2026-08-28 11:57:29.535444,372.63,4887,0
1376,2026-08-27 02:25:29.530012,3268.25,4578,0
780,2026-08-28 15:56:29.528083,4117.32,5275,0
2488,2026-08-30 16:08:29.533615,2291.09,2087,0
267,2026-08-28 16:08:29.526426,3230.57,2641,0
5013,2026-08-25 07:19:29.541732,1231.14,7534,0
5453,2026-08-26 21:09:29.543167,2302.79,5114,0
465,2026-08-25 21:02:29.527064,2577.66,4730,0
6876,2026-08-31 13:22:29.547719,1505.4,7338,0
3948,2026-08-27 01:55:29.538328,1419.33,8428,0
7656,2026-08-31 00:35:29.550558,2688.51,4441,0
8478,2026-08-28 01:22:29.553233,1320.89,1134,0
4735,2026-08-27 13:58:29.540845,3166.87,7819,0
1038,2026-08-31 03:54:29.528898,2896.14,2075,0
6013,2026-08-29 09:56:29.544945,4414.98,2928,0
7105,2026-08-28 03:12:29.548709,2025.69,8276,0
2790,2026-08-30 12:59:29.534606,921.23,2221,0
9744,2026-08-26 00:41:29.557322,969.38,6041,0
10417,2026-09-01 03:45:29.564659,1000.0,10016,1
47,2026-08-27 03:51:29.525693,2158.99,3192,0
1010,2026-08-30 18:18:29.528810,36.01,2015,0
4642,2026-08-30 04:59:29.540547,2785.61,6210,0
2576,2026-08-30 05:20:29.533898,1837.53,8643,0
9083,2026-08-28 03:06:29.555215,2333.28,5747,0
10350,2026-09-01 03:45:29.564659,1000.0,9999,1
3517,2026-08-29 20:35:29.536932,3192.0,3367,0
4207,2026-08-25 12:55:29.539157,2908.5,7806,0
4739,2026-08-31 04:48:29.540857,1111.25,6747,0
2118,2026-08-27 10:17:29.532408,3646.32,7741,0
4644,2026-08-25 16:14:29.540554,3514.92,2903,0
1029,2026-08-31 01:24:29.528869,1652.37,6701,0
3680,2026-08-30 06:23:29.537461,3611.53,4935,0
4131,2026-08-29 07:04:29.538907,3811.36,3434,0
4907,2026-08-28 12:59:29.541397,2023.77,3299,0
6019,2026-08-26 16:55:29.544963,2449.31,1527,0
6998,2026-08-29 19:55:29.548278,510.03,8884,0
9680,2026-08-25 06:43:29.557120,3159.69,2048,0
6952,2026-08-30 08:31:29.548013,1506.34,8087,0
4297,2026-08-31 09:08:29.539440,798.23,4591,0
7107,2026-08-31 20:24:29.548715,907.5,3928,0
5559,2026-08-29 17:51:29.543501,231.09,8861,0
448,2026-08-27 13:06:29.526999,4131.43,8053,0
6667,2026-08-27 23:07:29.547057,1811.21,8836,0
2598,2026-08-31 07:35:29.533967,2136.03,8651,0
5994,2026-08-26 13:20:29.544883,4537.8,2648,0
7213,2026-08-25 18:57:29.549081,4952.95,4447,0
10479,2026-09-01 03:45:29.564659,1000.0,10028,1
3621,2026-08-29 21:58:29.537268,4353.89,7889,0
2507,2026-08-29 06:01:29.533675,4686.99,4715,0
2183,2026-08-28 11:23:29.532615,48.38,6254,0
6414,2026-08-31 18:03:29.546233,2591.24,3856,0
5208,2026-08-27 19:03:29.542374,2258.82,8741,0
5980,2026-08-27 12:53:29.544838,3956.05,1937,0
1235,2026-08-30 18:13:29.529564,751.36,1201,0
7314,2026-08-26 09:15:29.549402,4203.08,5994,0
5002,2026-08-25 11:28:29.541697,1252.21,8303,0
7198,2026-08-27 16:14:29.549005,4994.23,4942,0
2263,2026-08-31 02:41:29.532871,314.32,5517,0
706,2026-08-26 22:11:29.527839,2445.94,1235,0
2179,2026-08-25 20:59:29.532600,1194.67,7187,0
4609,2026-08-31 22:15:29.540444,1523.11,5879,0
3980,2026-08-27 10:11:29.538431,3512.43,1363,0
5285,2026-08-28 21:18:29.542629,3970.2,3490,0
4037,2026-08-30 21:45:29.538609,405.21,6837,0
7955,2026-08-31 15:31:29.551540,4714.73,5310,0
4199,2026-08-31 13:25:29.539132,1195.9,1667,0
1900,2026-08-30 23:02:29.531704,654.72,7049,0
213,2026-08-29 17:04:29.526256,4585.25,1306,0
3238,2026-09-01 00:17:29.536054,2859.09,3885,0
9267,2026-08-26 07:55:29.555792,2729.37,3738,0
4416,2026-08-27 19:18:29.539825,1669.26,6490,0
120,2026-08-26 12:24:29.525925,1719.14,6489,0
3033,2026-08-27 21:49:29.535392,2819.04,1015,0
3109,2026-08-28 05:31:29.535635,3859.69,5248,0
8728,2026-08-28 14:16:29.554034,1273.32,1979,0
2420,2026-08-31 01:59:29.533398,3841.91,2256,0
3456,2026-08-26 18:54:29.536742,2015.76,1392,0
684,2026-08-28 13:28:29.527770,467.84,2543,0
6236,2026-08-31 10:52:29.545653,1676.06,7035,0
3807,2026-08-30 18:14:29.537864,1265.83,8165,0
8799,2026-08-29 23:46:29.554276,4160.42,3084,0
3446,2026-08-26 05:33:29.536708,3821.33,7642,0
7070,2026-08-31 07:35:29.548600,1691.93,2484,0
1382,2026-08-30 13:38:29.530030,3018.36,5688,0
9427,2026-08-27 11:53:29.556307,2900.68,7554,0
8053,2026-08-29 16:00:29.551850,730.31,4153,0
3566,2026-08-28 07:10:29.537097,1210.12,3949,0
6590,2026-08-27 22:53:29.546799,56.8,3715,0
940,2026-08-30 00:32:29.528589,1966.86,7912,0
2897,2026-08-29 10:36:29.534948,3307.05,5605,0
10426,2026-09-01 03:45:29.564659,1000.0,10025,1
720,2026-08-27 06:34:29.527882,2234.91,2340,0
527,2026-08-31 07:57:29.527267,2318.26,1213,0
9706,2026-08-25 16:27:29.557204,2128.62,5438,0
6995,2026-08-29 05:05:29.548262,1145.2,8978,0
4284,2026-08-28 08:58:29.539399,289.4,2372,0
8440,2026-08-29 09:44:29.553112,4033.48,6880,0
1172,2026-08-26 21:35:29.529368,3750.87,5211,0
9158,2026-08-27 19:17:29.555451,3939.72,2422,0
1427,2026-08-27 07:16:29.530195,555.97,1489,0
10037,2026-09-01 03:45:29.564659,1000.0,10036,1
4773,2026-08-27 05:07:29.540963,1226.13,4281,0
7248,2026-08-31 19:20:29.549194,2141.96,5699,0
6336,2026-08-28 02:40:29.545966,4394.41,1584,0
10302,2026-09-01 03:45:29.564659,1000.0,10001,1
8068,2026-08-31 09:21:29.551897,3758.77,3633,0
1666,2026-08-26 02:14:29.530948,658.36,4759,0
8485,2026-08-29 07:04:29.553255,596.97,5409,0
7249,2026-08-27 16:31:29.549197,4018.36,6465,0
8786,2026-09-01 01:19:29.554236,3477.14,5876,0
1178,2026-08-30 17:50:29.529386,3341.02,8741,0
439,2026-08-27 17:19:29.526971,3869.55,6441,0
588,2026-08-28 15:11:29.527463,4530.6,6042,0
9483,2026-08-26 08:10:29.556484,3499.77,4191,0
3370,2026-08-25 18:56:29.536472,685.4,5419,0
2729,2026-08-27 11:37:29.534409,4492.59,4282,0
5661,2026-08-31 19:01:29.543822,3171.85,6701,0
158,2026-08-30 13:09:29.526085,2460.9,5186,0
8753,2026-08-29 02:40:29.554132,3269.98,6410,0
5016,2026-08-26 15:24:29.541741,581.44,3507,0
3087,2026-08-31 08:04:29.535567,1464.65,5974,0
3005,2026-08-26 06:10:29.535301,324.37,5912,0
2177,2026-08-30 05:10:29.532593,3011.06,6394,0
8062,2026-08-28 17:11:29.551878,2300.13,1487,0
7820,2026-08-27 17:47:29.551114,833.32,6345,0
1880,2026-09-01 02:00:29.531640,811.55,8356,0
7875,2026-08-25 09:45:29.551291,2727.47,2541,0
3725,2026-08-26 06:02:29.537604,2992.71,4517,0
4168,2026-08-31 20:33:29.539025,2006.34,8296,0
8029,2026-08-26 19:30:29.551772,342.82,8521,0
3950,2026-08-30 15:33:29.538335,1263.84,5248,0
4592,2026-08-30 04:11:29.540391,3457.0,2978,0
9700,2026-08-26 01:57:29.557184,3258.55,2768,0
8036,2026-08-31 13:12:29.551794,1097.35,5824,0
5477,2026-08-31 01:29:29.543243,3782.78,4615,0
1767,2026-08-26 06:31:29.531282,4302.89,7805,0
2018,2026-08-27 14:45:29.532094,2652.95,4196,0
5991,2026-08-29 22:55:29.544874,179.81,1412,0
9229,2026-08-28 12:28:29.555672,760.54,7284,0
7647,2026-08-28 06:04:29.550530,2407.98,5296,0
9759,2026-08-26 05:30:29.557371,3737.29,3922,0
7842,2026-08-28 04:11:29.551184,2911.53,8080,0
7002,2026-08-26 14:24:29.548300,3459.05,6679,0
5921,2026-08-29 12:16:29.544651,3854.18,4815,0
5423,2026-08-31 14:36:29.543074,3289.97,3129,0
4204,2026-08-27 21:45:29.539147,2235.16,3547,0
814,2026-08-31 16:02:29.528190,363.26,1010,0
4583,2026-08-27 09:36:29.540363,3475.69,5833,0
7934,2026-08-29 14:02:29.551474,3205.88,3914,0
7717,2026-08-30 16:43:29.550752,1753.61,8619,0
3719,2026-08-25 16:10:29.537585,4663.03,2027,0
7365,2026-08-30 16:03:29.549563,2884.31,6193,0
8073,2026-08-29 01:52:29.551912,3105.9,5845,0
8861,2026-08-28 19:53:29.554475,2558.9,8849,0
2096,2026-08-25 07:15:29.532340,4536.05,7447,0
2788,2026-08-29 04:49:29.534600,1496.71,6996,0
1929,2026-08-25 09:17:29.531797,1637.83,3404,0
3588,2026-08-28 04:04:29.537165,359.42,2902,0
3527,2026-08-29 21:03:29.536963,1653.06,2557,0
8508,2026-09-01 02:32:29.553326,127.75,3582,0
6164,2026-08-29 10:08:29.545427,2610.94,4628,0
10293,2026-09-01 03:45:29.564659,1000.0,10042,1
906,2026-08-27 09:03:29.528481,2864.34,8116,0
1309,2026-08-30 01:40:29.529801,1711.66,2551,0
6127,2026-08-25 07:15:29.545311,4806.09,1452,0
1769,2026-08-25 13:06:29.531288,824.49,6073,0
1679,2026-08-29 17:37:29.530990,4231.28,8795,0
2261,2026-08-30 19:32:29.532864,655.58,5219,0
4977,2026-08-30 06:33:29.541616,427.78,3740,0
1562,2026-08-28 15:05:29.530620,1906.65,4050,0
8488,2026-08-27 05:49:29.553264,3564.56,4375,0
2944,2026-08-28 08:06:29.535108,3350.47,3584,0
9769,2026-08-27 23:32:29.557402,1330.9,5611,0
1789,2026-08-25 22:41:29.531352,15.89,7752,0
5404,2026-09-01 00:00:29.543003,2126.35,4904,0
8809,2026-08-31 17:43:29.554308,3161.29,2693,0
7742,2026-08-28 16:09:29.550835,3284.33,1801,0
1794,2026-08-26 16:07:29.531367,2140.09,1380,0
7305,2026-08-27 05:51:29.549374,1857.4,2853,0
10425,2026-09-01 03:45:29.564659,1000.0,10024,1
9179,2026-08-28 21:55:29.555516,4882.47,8265,0
8663,2026-08-28 13:08:29.553817,1236.62,2677,0
7603,2026-08-27 12:44:29.550391,461.9,8701,0
5837,2026-08-27 14:26:29.544385,42.58,5794,0
214,2026-08-30 22:30:29.526259,1958.03,8436,0
10352,2026-09-01 03:45:29.564659,1000.0,10001,1
3936,2026-08-25 20:46:29.538291,596.85,4169,0
7922,2026-08-30 08:57:29.551437,254.44,4264,0
1200,2026-08-25 05:32:29.529455,2037.34,2214,0
8214,2026-08-31 08:55:29.552367,2651.96,5287,0
9314,2026-08-27 22:58:29.555939,1798.23,2393,0
9448,2026-08-31 07:57:29.556372,2990.88,4007,0
559,2026-08-30 08:41:29.527367,1514.23,7778,0
7042,2026-08-30 04:21:29.548513,4865.75,7308,0
9390,2026-08-27 01:11:29.556187,1281.45,5026,0
88,2026-08-27 16:09:29.525825,1147.25,4054,0
5046,2026-08-29 19:24:29.541836,4177.35,2119,0
3550,2026-08-26 00:30:29.537037,383.13,7698,0
961,2026-08-27 19:39:29.528654,2026.91,2221,0
235,2026-08-27 23:22:29.526326,3534.45,2249,0
3354,2026-08-27 12:20:29.536420,1718.03,1202,0
5039,2026-08-30 07:48:29.541813,907.83,4668,0
4527,2026-08-28 07:26:29.540187,1559.02,8498,0
3787,2026-08-29 18:40:29.537799,3042.96,2297,0
5010,2026-08-26 00:49:29.541722,1810.63,7010,0
6032,2026-08-27 09:06:29.545004,3303.45,6960,0
4265,2026-08-29 14:12:29.539340,2638.88,6979,0
242,2026-08-29 12:15:29.526348,4898.52,6592,0
6897,2026-08-30 13:07:29.547785,1029.36,5277,0
7290,2026-08-30 07:16:29.549328,4416.84,5893,0
1586,2026-08-31 03:40:29.530699,3834.09,6447,0
8191,2026-08-28 07:05:29.552294,4916.61,2929,0
4138,2026-08-30 07:14:29.538931,1482.08,3778,0
1568,2026-08-26 10:01:29.530638,431.16,1584,0
508,2026-08-29 18:31:29.527207,4932.6,4575,0
9609,2026-08-30 20:16:29.556886,1155.92,6988,0
3102,2026-08-27 09:04:29.535613,1290.26,2670,0
920,2026-08-27 06:18:29.528526,4815.09,5148,0
699,2026-08-29 22:07:29.527817,3371.12,5007,0
1299,2026-08-26 17:21:29.529770,4875.0,2034,0
1863,2026-08-31 07:49:29.531587,3811.58,1396,0
10484,2026-09-01 03:45:29.564659,1000.0,10033,1
10162,2026-09-01 03:45:29.564659,1000.0,10011,1
9388,2026-08-27 10:19:29.556181,2997.95,2380,0
6069,2026-08-31 16:22:29.545128,274.06,1645,0
5826,2026-08-26 23:12:29.544349,1352.7,3216,0
10300,2026-09-01 03:45:29.564659,1000.0,9999,1
9567,2026-08-26 05:37:29.556752,2636.84,1768,0
4810,2026-08-28 09:57:29.541087,267.79,2252,0
9791,2026-08-27 19:53:29.557471,2270.95,4195,0
4247,2026-08-31 18:01:29.539284,1456.08,2289,0
2735,2026-08-30 13:22:29.534429,3821.81,2894,0
2809,2026-08-26 11:15:29.534666,4965.07,5573,0
8276,2026-08-31 09:16:29.552564,3293.73,5975,0
10408,2026-09-01 03:45:29.564659,1000.0,10007,1
5961,2026-08-29 06:30:29.544779,892.58,1611,0
240,2026-08-29 19:39:29.526341,3922.72,6240,0
7403,2026-08-26 03:51:29.549683,3929.95,6624,0
2610,2026-08-31 10:25:29.534008,4449.6,3583,0
9809,2026-08-28 14:56:29.557527,4362.24,6193,0
490,2026-08-31 08:03:29.527148,3858.64,8799,0
5908,2026-08-25 12:26:29.544608,1946.02,2954,0
3607,2026-08-25 16:10:29.537224,2045.01,7246,0
4965,2026-08-28 22:18:29.541579,1741.36,6240,0
3898,2026-08-27 17:56:29.538173,4328.16,2038,0
1390,2026-08-29 09:40:29.530077,4536.1,4666,0
5726,2026-08-28 07:53:29.544027,4711.19,2031,0
5188,2026-08-29 05:40:29.542312,4221.09,3134,0
3976,2026-08-31 19:03:29.538419,170.68,6985,0
6118,2026-08-26 22:21:29.545283,3648.16,2105,0
8192,2026-08-28 03:40:29.552297,2897.78,7339,0
8021,2026-08-31 22:45:29.551748,2376.26,6893,0
10181,2026-09-01 03:45:29.564659,1000.0,10030,1
3502,2026-08-25 23:01:29.536885,4967.07,6269,0
9234,2026-08-25 18:41:29.555687,4434.39,4397,0
5366,2026-08-26 19:21:29.542884,4483.17,7044,0
5206,2026-08-28 11:53:29.542368,3457.6,5200,0
8229,2026-08-30 21:14:29.552416,4169.81,4535,0
5930,2026-08-25 06:17:29.544679,323.83,3817,0
6272,2026-08-29 04:04:29.545768,306.48,1170,0
1434,2026-08-26 05:27:29.530217,682.91,7273,0
7397,2026-08-27 06:11:29.549665,2110.12,8173,0
3503,2026-08-27 19:49:29.536888,212.15,7772,0
7972,2026-08-26 18:09:29.551595,3780.15,6507,0
354,2026-08-27 00:46:29.526702,188.6,5452,0
58,2026-08-26 21:20:29.525731,275.12,4206,0
6307,2026-08-25 13:46:29.545876,1239.16,7863,0
1192,2026-08-27 14:16:29.529430,4056.3,4481,0
1813,2026-08-25 15:35:29.531427,4065.08,4084,0
9146,2026-08-31 05:29:29.555411,4720.73,3084,0
6581,2026-08-25 12:36:29.546771,2386.11,8563,0
9190,2026-08-27 18:30:29.555550,4098.81,8039,0
2755,2026-08-31 04:07:29.534492,1975.62,5652,0
1367,2026-08-26 06:38:29.529984,833.51,3897,0
3944,2026-08-29 22:28:29.538316,2792.2,2774,0
4421,2026-08-28 22:02:29.539841,2675.19,6319,0
8527,2026-08-27 18:06:29.553386,4581.39,3054,0
4557,2026-08-26 23:05:29.540280,4686.95,8204,0
1153,2026-08-27 21:59:29.529303,2233.74,2232,0
4910,2026-08-25 08:06:29.541407,1278.17,7598,0
7009,2026-08-29 14:45:29.548339,3576.12,2791,0
5177,2026-08-31 15:05:29.542277,3081.6,5728,0
80,2026-08-28 13:58:29.525800,3823.98,6970,0
8927,2026-08-26 00:37:29.554682,2659.66,4356,0
1595,2026-08-27 14:19:29.530727,4380.71,7755,0
8387,2026-09-01 00:10:29.552915,1669.45,2616,0
3406,2026-08-31 00:13:29.536584,4901.25,3980,0
3223,2026-08-28 07:54:29.535998,3026.17,8718,0
6533,2026-08-30 12:43:29.546617,1833.61,2359,0
10458,2026-09-01 03:45:29.564659,1000.0,10007,1
2392,2026-08-30 03:14:29.533310,1762.2,3728,0
9815,2026-08-28 02:18:29.557546,4923.38,6683,0
6592,2026-08-28 03:12:29.546806,3252.76,4839,0
8429,2026-08-31 04:25:29.553077,1112.81,4024,0
637,2026-08-26 09:38:29.527618,803.75,4257,0
2685,2026-08-30 11:20:29.534268,446.84,4922,0
1959,2026-08-27 23:10:29.531891,4349.84,4615,0
5338,2026-08-27 13:41:29.542796,2033.03,7681,0
8198,2026-08-28 12:27:29.552316,4827.74,8063,0
1503,2026-08-31 20:55:29.530434,2457.91,8408,0
2989,2026-08-31 19:51:29.535252,505.26,4374,0
7028,2026-08-25 22:54:29.548446,1852.14,7049,0
1981,2026-08-29 13:57:29.531960,3076.61,4963,0
5746,2026-08-28 20:41:29.544098,4523.14,3814,0
7748,2026-08-25 20:13:29.550853,4649.61,2137,0
872,2026-08-27 07:00:29.528373,2688.39,7853,0
6773,2026-08-29 04:36:29.547393,4868.27,6893,0
1756,2026-08-30 06:55:29.531247,1329.62,3368,0
3200,2026-08-28 07:48:29.535927,654.89,3281,0
5915,2026-08-30 13:55:29.544630,2796.6,4554,0
925,2026-08-28 05:52:29.528541,414.34,5679,0
5368,2026-08-30 15:29:29.542890,3576.58,6720,0
2289,2026-08-28 18:02:29.532955,2775.0,1114,0
1342,2026-08-31 11:56:29.529906,3134.87,2888,0
1372,2026-08-30 03:27:29.529999,3416.31,7030,0
6405,2026-08-28 01:39:29.546205,20.09,1435,0
2808,2026-08-30 01:59:29.534662,2429.13,1330,0
7945,2026-08-25 18:12:29.551508,592.19,5671,0
1882,2026-08-30 13:04:29.531647,494.87,7318,0
6146,2026-08-29 15:38:29.545371,4760.31,3428,0
1834,2026-08-27 08:07:29.531493,2962.0,8783,0
944,2026-08-31 04:05:29.528601,1944.96,1325,0
1423,2026-08-30 23:40:29.530182,2055.85,2505,0
9659,2026-08-30 01:00:29.557052,2537.79,1498,0
5104,2026-08-26 20:11:29.542019,3195.99,2539,0
367,2026-08-30 09:39:29.526742,4292.06,4290,0
177,2026-08-27 10:06:29.526144,420.83,4030,0
6103,2026-08-25 10:50:29.545237,686.88,7731,0
2476,2026-08-29 17:49:29.533577,4900.12,1782,0
8571,2026-08-31 22:15:29.553527,4711.6,3840,0
1239,2026-08-25 17:57:29.529576,1547.73,4714,0
2208,2026-08-31 23:56:29.532693,563.32,6708,0
5153,2026-08-25 16:33:29.542194,2289.64,2864,0
2947,2026-08-25 15:18:29.535120,73.34,7618,0
9241,2026-08-28 06:12:29.555711,4142.26,7483,0
7889,2026-08-25 22:54:29.551334,2583.67,7077,0
2877,2026-08-26 21:55:29.534883,2108.06,7033,0
75,2026-08-31 03:39:29.525784,3255.75,7249,0
3734,2026-08-27 00:58:29.537632,4258.47,6215,0
3839,2026-08-29 05:10:29.537963,3990.08,2963,0
8935,2026-08-28 20:01:29.554707,1867.49,2807,0
7146,2026-08-29 22:08:29.548840,1325.82,1769,0
1132,2026-08-27 00:52:29.529238,1318.65,5940,0
7759,2026-08-27 21:18:29.550888,283.72,8213,0
8330,2026-08-25 18:14:29.552736,273.82,6575,0
7645,2026-08-31 23:45:29.550524,1226.82,6726,0
4704,2026-08-30 10:42:29.540745,1193.12,5609,0
7324,2026-08-25 11:13:29.549433,592.96,7801,0
8246,2026-08-31 00:45:29.552469,586.15,6171,0
3600,2026-08-25 08:49:29.537202,3489.31,7695,0
413,2026-08-27 20:16:29.526889,3366.35,8165,0
9913,2026-08-29 04:43:29.557856,3796.8,6335,0
8147,2026-08-25 22:22:29.552156,4543.76,7330,0
1492,2026-08-31 00:03:29.530397,2332.03,8678,0
9956,2026-08-31 03:33:29.557993,1472.66,5997,0
6554,2026-08-31 12:46:29.546684,4667.81,8444,0
10482,2026-09-01 03:45:29.564659,1000.0,10031,1
9636,2026-08-26 23:17:29.556970,3511.07,4599,0
8937,2026-08-29 21:55:29.554713,2950.7,5645,0
71,2026-08-29 06:28:29.525772,3994.56,1693,0
1524,2026-08-31 19:17:29.530500,2938.14,8999,0
5292,2026-08-30 06:52:29.542651,3108.33,8986,0
1358,2026-08-29 09:08:29.529956,2058.05,7345,0
6861,2026-08-29 01:47:29.547673,4152.8,2352,0
2367,2026-08-27 16:57:29.533232,216.74,1244,0
1903,2026-08-31 09:39:29.531713,307.33,8443,0
1731,2026-08-26 10:01:29.531166,1505.76,2798,0
6911,2026-08-31 02:49:29.547829,1942.32,1968,0
3427,2026-08-28 00:46:29.536649,1266.68,2437,0
3587,2026-08-29 12:06:29.537162,2920.72,4217,0
2538,2026-08-26 02:53:29.533778,670.71,1732,0
2754,2026-08-28 10:50:29.534489,1850.91,3583,0
9498,2026-08-28 14:58:29.556535,4181.24,3628,0
1567,2026-08-29 06:44:29.530635,3332.29,5662,0
4409,2026-08-27 06:13:29.539803,2140.31,2876,0
7723,2026-08-29 18:34:29.550773,1269.58,7148,0
2696,2026-08-25 23:05:29.534306,3509.26,8311,0
9822,2026-08-28 10:16:29.557568,1741.24,2332,0
10312,2026-09-01 03:45:29.564659,1000.0,10011,1
1602,2026-08-26 15:03:29.530749,4635.85,1097,0
4129,2026-08-28 02:09:29.538901,2362.27,8372,0
8058,2026-08-28 06:48:29.551866,1302.49,1771,0
870,2026-08-28 21:59:29.528366,116.72,2298,0
8970,2026-08-26 20:41:29.554819,4146.36,5124,0
7910,2026-08-25 06:01:29.551399,3127.4,3241,0
1546,2026-08-30 10:55:29.530570,172.97,2524,0
6438,2026-08-31 12:04:29.546312,3432.64,8301,0
3490,2026-08-27 02:07:29.536848,3780.21,1274,0
9258,2026-08-27 08:39:29.555764,449.04,4085,0
7265,2026-08-25 19:10:29.549247,2043.66,1573,0
5077,2026-08-29 23:45:29.541935,3428.81,8826,0
7338,2026-08-25 16:34:29.549477,801.85,3544,0
3066,2026-08-31 20:53:29.535500,1516.02,8391,0
3759,2026-08-31 08:50:29.537711,3998.75,6357,0
5596,2026-08-25 17:49:29.543619,1211.37,1605,0
6495,2026-08-27 12:34:29.546495,1817.46,5751,0
6057,2026-08-28 03:55:29.545090,429.61,5576,0
4889,2026-08-28 10:35:29.541337,693.72,6369,0
8710,2026-08-29 03:18:29.553963,2475.2,1425,0
7331,2026-08-26 21:32:29.549455,1918.82,6547,0
2414,2026-08-30 16:47:29.533379,430.63,4424,0
3138,2026-08-25 07:37:29.535731,4959.99,7219,0
7361,2026-08-26 21:02:29.549548,106.17,2953,0
9527,2026-08-27 01:04:29.556626,1809.13,2391,0
5335,2026-08-30 05:48:29.542787,1707.16,5169,0
156,2026-08-26 02:39:29.526072,4644.62,7010,0
3127,2026-08-27 22:12:29.535694,3298.29,1200,0
6106,2026-08-31 17:33:29.545246,4356.76,3096,0
10233,2026-09-01 03:45:29.564659,1000.0,10032,1
1576,2026-08-27 08:11:29.530663,1464.41,8105,0
676,2026-08-30 18:36:29.527745,4160.54,2205,0
5852,2026-08-27 12:26:29.544432,4945.81,5442,0
5579,2026-08-25 08:37:29.543564,3420.95,6431,0
429,2026-08-25 07:51:29.526939,4363.31,5639,0
10380,2026-09-01 03:45:29.564659,1000.0,10029,1
5447,2026-08-29 17:49:29.543148,3110.32,3442,0
10388,2026-09-01 03:45:29.564659,1000.0,10037,1
7652,2026-08-29 22:56:29.550545,796.79,2417,0
1648,2026-08-26 07:31:29.530891,3515.31,5392,0
6518,2026-08-26 00:04:29.546569,1827.15,4837,0
175,2026-08-31 08:44:29.526138,1821.83,1100,0
5445,2026-08-28 12:30:29.543142,2056.51,8190,0
6238,2026-08-25 09:49:29.545660,3503.8,1591,0
2358,2026-08-28 04:18:29.533204,3314.08,6631,0
606,2026-08-28 21:05:29.527521,3415.74,6293,0
9283,2026-08-25 23:30:29.555842,3681.26,4536,0
2281,2026-08-29 20:57:29.532930,1790.26,6207,0
3973,2026-08-29 21:05:29.538409,2788.3,5795,0
6680,2026-08-26 08:06:29.547097,1717.75,2207,0
1005,2026-08-26 22:23:29.528795,1770.96,3612,0
3763,2026-08-30 13:20:29.537723,4462.09,5209,0
7587,2026-08-25 08:21:29.550341,371.88,1094,0
4777,2026-08-26 11:00:29.540976,2204.97,2073,0
2360,2026-08-28 08:34:29.533210,2564.49,2727,0
6497,2026-08-29 16:18:29.546501,4092.34,8495,0
5469,2026-08-26 14:36:29.543218,1775.99,4114,0
871,2026-08-26 15:05:29.528369,4682.33,8671,0
4880,2026-08-28 06:47:29.541310,4910.7,4362,0
7176,2026-08-27 12:23:29.548933,1454.52,1917,0
717,2026-08-28 16:15:29.527873,663.41,3688,0
3778,2026-08-29 10:44:29.537770,855.93,5270,0
6196,2026-08-31 03:15:29.545528,1670.75,8952,0
591,2026-08-26 04:22:29.527473,2627.62,6000,0
4146,2026-08-26 04:42:29.538956,2054.86,5088,0
6636,2026-08-30 11:07:29.546952,724.08,2396,0
4394,2026-08-28 11:43:29.539756,1096.43,3409,0
6827,2026-08-27 15:14:29.547564,1464.39,8192,0
7029,2026-08-27 11:29:29.548451,3580.44,6000,0
5293,2026-08-31 23:17:29.542654,2393.38,2309,0
4172,2026-08-30 09:16:29.539037,3712.21,7852,0
6551,2026-08-29 10:16:29.546674,1665.89,8533,0
3695,2026-08-29 00:21:29.537508,867.13,8783,0
10299,2026-09-01 03:45:29.564659,1000.0,10048,1
9076,2026-08-30 15:36:29.555193,3263.55,5174,0
3373,2026-08-27 23:16:29.536481,410.63,6375,0
1186,2026-08-31 15:41:29.529411,3651.09,2374,0
8190,2026-08-30 13:35:29.552291,180.63,2178,0
4941,2026-08-28 06:16:29.541504,1636.96,5315,0
5481,2026-08-28 23:36:29.543256,3970.95,5212,0
3374,2026-08-27 07:16:29.536484,2294.48,2519,0
8030,2026-08-29 23:27:29.551775,2372.8,6287,0
839,2026-08-26 16:08:29.528270,2565.33,4256,0
6710,2026-08-29 07:43:29.547194,4393.46,2978,0
8372,2026-08-30 21:58:29.552866,193.13,1706,0
4422,2026-08-31 08:49:29.539844,2105.3,6891,0
4618,2026-08-30 18:19:29.540472,1923.84,2293,0
1251,2026-08-31 15:43:29.529616,938.03,5662,0
5675,2026-08-28 12:16:29.543868,3398.0,3483,0
9140,2026-08-29 22:22:29.555392,4523.68,4162,0
4755,2026-09-01 01:03:29.540907,2826.9,5442,0
5599,2026-08-29 11:21:29.543630,4743.89,7083,0
10244,2026-09-01 03:45:29.564659,1000.0,10043,1
9519,2026-08-28 18:45:29.556601,3512.86,2897,0
1140,2026-08-25 23:53:29.529263,4576.84,3221,0
7984,2026-08-26 11:21:29.551633,2675.47,6007,0
2270,2026-08-26 14:25:29.532895,4347.15,5460,0
8004,2026-08-27 08:10:29.551695,4969.19,3915,0
447,2026-08-29 05:25:29.526996,3888.54,6321,0
8312,2026-08-26 11:37:29.552680,3650.62,6422,0
366,2026-08-28 04:56:29.526739,4911.28,8512,0
810,2026-08-26 19:27:29.528177,1039.9,4386,0
7681,2026-08-26 03:31:29.550636,2184.36,7219,0
8644,2026-08-29 18:12:29.553758,237.71,2209,0
1171,2026-08-26 00:44:29.529364,4818.59,5514,0
9371,2026-08-29 06:42:29.556128,3828.33,6382,0
7952,2026-08-28 20:25:29.551530,310.65,1565,0
6228,2026-08-31 04:10:29.545628,1199.26,4247,0
1196,2026-08-29 03:34:29.529443,3848.12,2537,0
3418,2026-08-29 05:01:29.536621,3320.22,8314,0
804,2026-08-29 19:32:29.528158,2880.23,5345,0
3206,2026-08-25 13:57:29.535945,3013.99,8615,0
6747,2026-08-28 00:34:29.547309,4637.22,1246,0
1116,2026-08-29 15:31:29.529188,3938.57,7737,0
6593,2026-08-29 14:45:29.546809,3059.16,5654,0
44,2026-08-28 02:08:29.525683,511.35,7917,0
3922,2026-08-28 09:00:29.538247,449.41,5021,0
1659,2026-08-27 00:18:29.530926,1738.8,8166,0
1565,2026-08-28 09:06:29.530629,4234.82,7469,0
6341,2026-08-28 07:58:29.545982,2200.35,1582,0
3707,2026-08-28 12:50:29.537545,4580.2,5361,0
7405,2026-08-31 06:32:29.549690,3152.82,4600,0
8338,2026-08-26 21:09:29.552760,43.75,8317,0
5767,2026-08-27 08:08:29.544166,3467.76,5658,0
9193,2026-08-31 21:26:29.555559,242.42,8029,0
499,2026-08-25 21:42:29.527179,1627.45,3118,0
10439,2026-09-01 03:45:29.564659,1000.0,10038,1
4606,2026-08-26 05:45:29.540435,1610.58,8296,0
5750,2026-08-25 05:44:29.544113,1785.39,2482,0
4690,2026-08-30 01:35:29.540701,113.09,2267,0
10473,2026-09-01 03:45:29.564659,1000.0,10022,1
631,2026-08-29 08:30:29.527599,4616.72,6889,0
6027,2026-08-31 23:59:29.544988,1766.44,4116,0
4217,2026-08-28 14:30:29.539188,663.02,4288,0
2422,2026-08-29 23:06:29.533404,4611.17,3474,0
9139,2026-08-26 08:31:29.555389,948.39,8384,0
18,2026-08-31 19:40:29.525602,3705.82,8443,0
7563,2026-08-30 03:56:29.550265,943.55,8122,0
7326,2026-08-30 23:33:29.549440,3610.24,7979,0
6009,2026-08-30 20:42:29.544932,1614.6,6501,0
10123,2026-09-01 03:45:29.564659,1000.0,10022,1
10218,2026-09-01 03:45:29.564659,1000.0,10017,1
2827,2026-08-27 17:27:29.534725,4223.31,1690,0
6853,2026-08-31 23:20:29.547646,1668.19,4981,0
7315,2026-08-30 09:20:29.549405,3311.88,4706,0
10303,2026-09-01 03:45:29.564659,1000.0,10002,1
1750,2026-08-27 22:11:29.531226,3994.27,3939,0
6544,2026-08-28 02:11:29.546653,704.33,3893,0
10278,2026-09-01 03:45:29.564659,1000.0,10027,1
8365,2026-08-28 16:15:29.552844,4910.23,1485,0
7834,2026-08-28 15:26:29.551157,1162.16,2103,0
8263,2026-08-28 22:57:29.552523,2426.51,2556,0
6406,2026-08-30 06:15:29.546208,1470.76,5108,0
5659,2026-08-25 05:17:29.543816,2103.44,5727,0
1077,2026-08-31 11:40:29.529026,2862.53,7914,0
2795,2026-08-27 07:13:29.534622,1549.44,5912,0
5977,2026-08-25 12:48:29.544829,207.48,7040,0
1712,2026-08-31 07:56:29.531107,1243.09,7085,0
4993,2026-08-26 22:54:29.541669,2203.32,8260,0
4476,2026-08-26 01:40:29.540015,4599.82,7899,0
1118,2026-08-30 22:25:29.529194,1790.13,4013,0
9497,2026-08-25 10:02:29.556531,4543.29,1090,0
4485,2026-08-29 06:05:29.540054,240.85,6602,0
1584,2026-08-28 01:53:29.530688,3210.16,8188,0
721,2026-08-27 03:27:29.527885,4003.85,8368,0
6932,2026-08-28 13:02:29.547917,2882.49,2386,0
21,2026-08-28 07:53:29.525611,4318.75,1950,0
573,2026-08-28 08:48:29.527414,1232.26,5064,0
8109,2026-08-26 18:13:29.552024,4560.58,7611,0
5702,2026-08-25 07:14:29.543952,2281.92,5715,0
5865,2026-08-26 00:02:29.544472,3285.7,4751,0
127,2026-08-29 19:37:29.525947,1206.22,5238,0
5200,2026-08-30 07:30:29.542349,2613.42,7055,0
4996,2026-08-28 03:46:29.541678,1335.72,3134,0
3492,2026-08-27 10:46:29.536854,3622.52,3447,0
3014,2026-08-25 15:41:29.535329,4712.76,6240,0
547,2026-08-25 05:33:29.527330,181.54,4481,0
7683,2026-08-29 08:31:29.550642,2732.96,8718,0
6782,2026-08-29 08:18:29.547421,1968.43,7037,0
8565,2026-08-26 23:07:29.553509,1578.85,7663,0
4031,2026-08-26 03:23:29.538590,1327.34,6013,0
3186,2026-08-27 09:12:29.535881,1526.39,5223,0
6763,2026-08-31 18:23:29.547360,4610.12,8492,0
4338,2026-08-25 11:49:29.539577,2363.19,2151,0
2642,2026-08-29 16:06:29.534134,4651.55,8967,0
8252,2026-08-26 17:06:29.552488,342.16,3745,0
6346,2026-08-27 10:05:29.546000,2592.41,5716,0
7932,2026-08-26 02:14:29.551468,3682.54,7524,0
539,2026-08-30 03:04:29.527305,3719.31,5314,0
6090,2026-08-28 03:38:29.545197,1528.57,2118,0
10153,2026-09-01 03:45:29.564659,1000.0,10002,1
6322,2026-08-27 02:39:29.545923,4578.42,5517,0
1624,2026-08-30 22:38:29.530817,2208.84,8090,0
10259,2026-09-01 03:45:29.564659,1000.0,10008,1
2522,2026-08-30 22:59:29.533727,3546.92,1619,0
968,2026-08-30 15:34:29.528676,624.27,8390,0
7520,2026-08-29 04:51:29.550106,4235.43,6565,0
9961,2026-08-29 23:26:29.558008,4379.51,5362,0
4921,2026-08-30 21:13:29.541441,4655.75,8553,0
6249,2026-08-31 11:59:29.545694,3171.24,7417,0
3642,2026-08-30 04:30:29.537336,524.0,4434,0
2988,2026-08-30 11:15:29.535248,1251.53,3152,0
8825,2026-08-26 00:45:29.554360,697.47,7221,0
5556,2026-08-28 10:08:29.543492,3198.76,8728,0
8612,2026-08-28 10:33:29.553655,3724.09,7898,0
8823,2026-08-28 03:14:29.554354,4796.78,2703,0
7937,2026-08-30 05:41:29.551484,3439.33,2738,0
4306,2026-08-30 03:50:29.539475,3701.28,6489,0
2635,2026-08-31 02:24:29.534111,2302.32,4791,0
9008,2026-08-31 01:43:29.554941,2402.32,2012,0
433,2026-08-29 12:54:29.526952,1167.58,7674,0
2184,2026-08-29 05:48:29.532618,2242.22,6527,0
5291,2026-08-28 07:45:29.542648,1768.46,4129,0
964,2026-08-29 11:07:29.528663,4129.21,5170,0
5437,2026-08-27 00:37:29.543118,3374.06,8455,0
397,2026-08-27 14:52:29.526839,3416.35,1254,0
4626,2026-08-26 02:51:29.540497,4458.96,5634,0
3471,2026-08-26 08:05:29.536789,1203.67,8600,0
1341,2026-08-31 01:19:29.529903,2897.97,5011,0
9338,2026-08-29 19:42:29.556016,1458.08,4215,0
6922,2026-08-28 04:36:29.547867,3106.04,8167,0
2858,2026-08-31 02:06:29.534821,472.89,6712,0
2544,2026-08-28 21:11:29.533797,1257.3,8051,0
5656,2026-08-27 09:39:29.543806,4645.73,6466,0
8913,2026-08-27 18:06:29.554638,982.12,8680,0
9616,2026-08-29 13:38:29.556908,4399.47,5267,0
4455,2026-08-28 13:44:29.539946,1115.81,2307,0
2238,2026-08-26 00:40:29.532790,4681.51,1488,0
7421,2026-08-26 22:02:29.549740,754.99,6043,0
10422,2026-09-01 03:45:29.564659,1000.0,10021,1
3397,2026-08-30 03:50:29.536556,1083.78,5827,0
2106,2026-08-29 04:54:29.532371,2304.96,5529,0
7728,2026-08-30 21:43:29.550790,2362.73,4223,0
8499,2026-08-26 21:16:29.553298,4462.59,2651,0
6944,2026-08-30 18:24:29.547970,1171.03,8093,0
7900,2026-08-28 08:31:29.551368,2834.1,4613,0
3882,2026-08-31 01:43:29.538122,1832.58,5918,0
8187,2026-08-25 14:53:29.552282,3485.0,4857,0
9649,2026-08-27 02:26:29.557012,2884.02,2712,0
10260,2026-09-01 03:45:29.564659,1000.0,10009,1
1163,2026-08-27 06:22:29.529338,2372.08,6386,0
6807,2026-08-28 06:40:29.547502,2832.61,2381,0
5629,2026-08-29 02:25:29.543722,3356.35,1735,0
5336,2026-08-26 16:51:29.542790,3830.07,5335,0
1751,2026-08-26 08:27:29.531229,4068.42,8091,0
8287,2026-08-29 21:12:29.552599,2034.61,3392,0
2321,2026-08-31 21:47:29.533084,4012.78,7445,0
1580,2026-08-26 08:37:29.530676,776.63,2165,0
7237,2026-08-30 09:17:29.549160,4403.88,4738,0
7050,2026-08-30 23:33:29.548538,4636.61,2547,0
2305,2026-08-31 22:48:29.533005,216.64,6028,0
6546,2026-08-25 21:13:29.546659,2191.6,5639,0
8951,2026-08-28 06:50:29.554759,121.39,1971,0
8067,2026-08-28 22:34:29.551893,3654.09,4074,0
1245,2026-08-26 20:18:29.529595,1271.57,4387,0
5872,2026-08-30 19:56:29.544494,873.28,5404,0
2322,2026-08-25 18:02:29.533087,4711.42,1452,0
8420,2026-08-28 03:24:29.553031,3454.67,6926,0
688,2026-08-27 20:51:29.527782,654.44,2719,0
6516,2026-08-27 04:58:29.546563,704.4,1734,0
8313,2026-08-28 10:48:29.552683,3368.42,4851,0
10270,2026-09-01 03:45:29.564659,1000.0,10019,1
10198,2026-09-01 03:45:29.564659,1000.0,10047,1
160,2026-08-29 21:55:29.526091,1649.93,2280,0
4187,2026-08-25 08:21:29.539094,1403.36,6135,0
1451,2026-08-31 05:36:29.530269,3673.55,2050,0
3939,2026-08-26 05:24:29.538300,1802.71,6257,0
1340,2026-08-28 18:02:29.529900,1346.96,7406,0
6898,2026-08-27 21:25:29.547788,306.46,5908,0
9673,2026-08-30 06:57:29.557098,3360.26,3943,0
7674,2026-08-25 19:41:29.550614,41.97,1452,0
4183,2026-08-25 16:27:29.539081,1580.19,7405,0
5480,2026-08-26 22:45:29.543253,3549.0,8928,0
7428,2026-08-30 18:11:29.549762,4440.39,4502,0
3396,2026-08-25 12:29:29.536553,1320.65,2621,0
1154,2026-08-27 22:03:29.529306,3144.01,1474,0
3391,2026-08-26 00:09:29.536537,3338.58,1051,0
8334,2026-08-25 16:31:29.552748,1111.07,5056,0
6609,2026-08-31 04:43:29.546865,545.84,6819,0
8026,2026-08-29 23:26:29.551763,464.39,6831,0
1884,2026-08-31 02:27:29.531653,1962.7,4110,0
6937,2026-08-31 13:42:29.547945,4144.43,1498,0
4373,2026-08-27 11:13:29.539688,1979.13,3576,0
3278,2026-08-26 17:00:29.536179,3239.08,1920,0
10155,2026-09-01 03:45:29.564659,1000.0,10004,1
3317,2026-08-26 21:32:29.536304,61.81,1451,0
9118,2026-08-26 09:07:29.555324,4899.68,7096,0
10382,2026-09-01 03:45:29.564659,1000.0,10031,1
4778,2026-08-29 00:40:29.540979,3047.7,2868,0
1838,2026-08-27 18:24:29.531505,4034.14,1978,0
370,2026-08-26 14:55:29.526752,138.7,8166,0
2160,2026-08-29 20:44:29.532540,988.49,1560,0
7877,2026-08-26 09:28:29.551297,2940.11,4876,0
1279,2026-08-29 22:09:29.529706,3729.92,7932,0
3121,2026-08-31 19:52:29.535675,4861.51,1791,0
5324,2026-08-31 04:54:29.542750,2723.07,5878,0
2564,2026-08-30 05:39:29.533861,4719.08,2045,0
3820,2026-08-25 19:32:29.537904,3160.8,3113,0
5376,2026-08-27 11:31:29.542916,854.59,1535,0
4711,2026-08-25 11:34:29.540767,4302.77,8015,0
5350,2026-08-25 13:12:29.542834,592.29,8012,0
3071,2026-08-26 07:07:29.535516,102.49,3971,0
2517,2026-08-31 09:52:29.533707,4163.8,5155,0
5830,2026-08-28 12:41:29.544361,143.33,1948,0
10101,2026-09-01 03:45:29.564659,1000.0,10000,1
9101,2026-08-27 21:57:29.555271,1541.32,8988,0
5748,2026-09-01 00:17:29.544104,3152.87,6420,0
9790,2026-08-31 12:43:29.557468,3956.93,4913,0
3371,2026-08-27 05:41:29.536475,4609.02,6701,0
9967,2026-08-27 14:47:29.558027,2130.31,4548,0
5277,2026-08-27 04:44:29.542604,4406.89,3360,0
5359,2026-08-29 03:36:29.542862,4013.56,2206,0
8798,2026-08-28 19:51:29.554273,3824.76,3628,0
8850,2026-08-28 05:07:29.554440,1675.84,2417,0
5156,2026-08-25 15:36:29.542206,1677.73,5324,0
6633,2026-08-28 21:22:29.546942,2802.64,1241,0
2575,2026-08-30 07:59:29.533895,4512.73,7163,0
8642,2026-08-26 03:19:29.553751,80.58,3404,0
517,2026-08-26 04:30:29.527236,3976.11,6990,0
919,2026-08-25 05:06:29.528522,4149.91,8875,0
9611,2026-08-26 08:57:29.556893,2714.32,8782,0
38,2026-08-29 16:13:29.525664,3020.81,8578,0
7849,2026-08-25 17:11:29.551207,817.43,7043,0
8437,2026-08-25 22:06:29.553103,1370.25,8098,0
6614,2026-08-29 02:06:29.546881,3275.53,3060,0
1449,2026-08-27 22:09:29.530263,149.84,5340,0
3142,2026-08-29 22:58:29.535743,2433.73,1981,0
9813,2026-08-25 07:44:29.557540,2733.38,6874,0
8592,2026-08-30 20:06:29.553593,1163.55,7376,0
9197,2026-08-26 12:20:29.555572,3053.47,8502,0
6000,2026-08-28 08:13:29.544902,290.46,1390,0
2742,2026-08-31 06:03:29.534451,811.87,6479,0
2126,2026-09-01 02:42:29.532433,3089.16,3885,0
7340,2026-08-25 13:47:29.549483,2490.57,7462,0
2650,2026-08-28 21:28:29.534158,993.79,5022,0
3793,2026-08-31 23:07:29.537818,3796.59,1142,0
6502,2026-08-26 07:47:29.546517,2164.62,7951,0
8444,2026-08-31 19:26:29.553125,4554.24,5141,0
2083,2026-08-30 08:03:29.532297,2826.31,1269,0
3798,2026-08-26 15:03:29.537836,2509.24,7018,0
9245,2026-08-29 22:21:29.555724,4309.03,2254,0
90,2026-08-29 02:32:29.525831,390.61,1019,0
6496,2026-08-27 10:47:29.546498,3661.83,6210,0
10313,2026-09-01 03:45:29.564659,1000.0,10012,1
7082,2026-08-29 01:16:29.548637,274.49,3925,0
5171,2026-08-30 05:02:29.542256,3692.92,5198,0
6120,2026-08-31 05:14:29.545290,3336.07,4262,0
9070,2026-08-30 08:26:29.555175,498.76,7700,0
6674,2026-08-25 15:53:29.547079,840.12,4263,0
7628,2026-08-31 02:00:29.550471,2680.78,8487,0
3480,2026-08-30 08:17:29.536817,1238.49,4808,0
3090,2026-08-30 19:21:29.535576,3300.33,2499,0
6356,2026-08-27 17:04:29.546031,3357.04,8867,0
2747,2026-08-27 06:43:29.534467,1949.96,2469,0
1802,2026-08-31 12:48:29.531393,4014.59,7720,0
1787,2026-08-27 04:37:29.531345,2063.43,7834,0
7841,2026-08-27 18:25:29.551180,3781.18,6009,0
8796,2026-08-27 03:03:29.554267,1748.28,5855,0
273,2026-08-29 19:49:29.526445,459.51,8101,0
697,2026-08-28 08:07:29.527810,3820.42,4717,0
1100,2026-08-26 06:23:29.529132,96.19,1704,0
9619,2026-08-27 06:17:29.556917,3332.32,1296,0
4883,2026-08-28 22:37:29.541319,436.82,8944,0
7464,2026-08-25 20:03:29.549881,3214.25,8410,0
2176,2026-08-30 16:42:29.532590,1296.84,4801,0
1078,2026-08-27 05:37:29.529029,2953.66,8361,0
487,2026-08-30 00:35:29.527136,4514.71,3017,0
9004,2026-08-27 20:52:29.554928,2784.25,6936,0
4845,2026-08-26 21:05:29.541200,2591.56,2129,0
10161,2026-09-01 03:45:29.564659,1000.0,10010,1
4124,2026-08-27 02:56:29.538883,1192.51,7214,0
9618,2026-08-29 04:04:29.556914,885.09,2861,0
3035,2026-08-26 04:34:29.535398,4402.25,3882,0
10121,2026-09-01 03:45:29.564659,1000.0,10020,1
9692,2026-09-01 00:44:29.557158,3412.32,8992,0
7953,2026-08-25 15:31:29.551533,2198.2,5081,0
9052,2026-08-28 21:22:29.555116,3918.83,1359,0
6277,2026-08-31 13:49:29.545783,848.62,8248,0
8078,2026-08-29 18:58:29.551927,1775.61,4724,0
955,2026-08-27 12:06:29.528635,2528.47,8706,0
9120,2026-08-28 06:21:29.555330,717.55,6556,0
2783,2026-08-29 15:54:29.534584,3592.34,8174,0
3648,2026-08-30 04:33:29.537355,1123.69,7282,0
1313,2026-08-25 13:12:29.529813,4286.75,3988,0
6126,2026-08-29 17:50:29.545308,3398.06,2459,0
6634,2026-08-29 05:24:29.546945,4042.78,7459,0
6977,2026-08-30 14:13:29.548163,1917.0,4218,0
6038,2026-08-28 06:13:29.545022,3214.69,2459,0
5222,2026-08-29 20:47:29.542418,4077.4,7561,0
2843,2026-08-25 08:36:29.534775,3161.77,1392,0
7345,2026-08-25 16:02:29.549499,1140.8,8402,0
2914,2026-08-29 23:23:29.535002,2081.11,4072,0
978,2026-08-30 10:33:29.528707,3897.29,6843,0
2295,2026-08-26 19:01:29.532974,3067.94,6827,0
614,2026-08-27 05:02:29.527546,4741.65,4982,0
936,2026-08-30 04:57:29.528576,3261.43,5961,0
9837,2026-08-25 14:11:29.557617,779.08,5730,0
8817,2026-08-26 20:17:29.554335,3705.38,1711,0
3730,2026-08-25 06:22:29.537620,1638.53,2641,0
747,2026-08-26 00:44:29.527969,4585.86,1854,0
4908,2026-08-25 11:28:29.541401,2379.8,6881,0
714,2026-08-27 08:42:29.527864,788.1,4307,0
9360,2026-08-28 18:37:29.556094,4930.04,4142,0
9905,2026-08-31 16:34:29.557831,2675.77,1671,0
700,2026-08-28 22:20:29.527820,2261.89,5669,0
6386,2026-08-25 11:20:29.546145,2749.8,2009,0
4076,2026-08-26 19:52:29.538733,4446.17,8864,0
9780,2026-08-26 20:18:29.557437,882.6,3268,0
2152,2026-08-25 19:31:29.532515,1370.87,6614,0
3050,2026-08-30 15:11:29.535448,2477.48,1488,0
4497,2026-08-28 21:20:29.540091,3955.48,5995,0
7141,2026-08-25 18:38:29.548825,4899.84,3302,0
4405,2026-08-27 10:51:29.539790,4494.83,8968,0
1362,2026-08-26 09:14:29.529968,4486.54,7009,0
6778,2026-08-28 07:41:29.547409,3487.88,4231,0
1879,2026-08-31 02:11:29.531637,1712.86,8633,0
7774,2026-08-26 05:56:29.550935,1900.13,4686,0
1384,2026-08-26 22:25:29.530036,3019.82,6688,0
3111,2026-08-29 05:43:29.535641,4955.84,4540,0
2868,2026-08-28 06:55:29.534855,1737.3,5911,0
9100,2026-08-27 20:13:29.555268,513.58,8267,0
4741,2026-08-30 14:54:29.540864,2729.58,8901,0
9054,2026-08-25 20:57:29.555122,755.58,5323,0
1119,2026-08-30 01:52:29.529197,245.58,2867,0
6401,2026-08-28 02:28:29.546192,1206.71,3822,0
9849,2026-08-28 19:20:29.557655,779.46,3681,0
6906,2026-08-30 06:36:29.547813,4894.58,5843,0
8513,2026-08-29 00:25:29.553342,2243.91,5359,0
445,2026-08-29 15:26:29.526989,982.1,1404,0
3180,2026-08-26 16:27:29.535862,2173.68,5227,0
4807,2026-08-25 06:47:29.541078,760.39,4498,0
7942,2026-08-27 18:36:29.551499,4172.98,2934,0
6159,2026-08-29 05:43:29.545411,2236.86,2459,0
7181,2026-08-31 10:09:29.548949,569.42,6731,0
4864,2026-08-31 03:06:29.541260,1218.2,4038,0
793,2026-08-30 20:49:29.528124,1005.67,1532,0
10036,2026-09-01 03:45:29.564659,1000.0,10035,1
2220,2026-08-28 11:31:29.532732,1574.59,8428,0
309,2026-08-26 21:51:29.526557,473.3,6616,0
4237,2026-08-27 17:49:29.539253,1702.26,5763,0
444,2026-08-26 03:09:29.526986,2686.48,6615,0
1549,2026-08-31 15:08:29.530579,2779.96,3088,0
8311,2026-08-26 11:56:29.552676,2532.63,6520,0
4890,2026-08-30 06:00:29.541341,2214.02,4643,0
7950,2026-08-27 03:52:29.551524,3891.69,1326,0
2717,2026-08-25 19:25:29.534371,3713.41,3959,0
2962,2026-08-27 10:13:29.535167,1635.36,5534,0
8702,2026-08-29 10:57:29.553939,980.14,5173,0
3181,2026-08-27 21:46:29.535865,4070.67,4838,0
2161,2026-08-26 03:18:29.532543,4600.35,7475,0
2345,2026-08-27 09:40:29.533159,3960.21,6734,0
7865,2026-08-30 17:48:29.551257,3967.76,5726,0
2495,2026-08-26 22:03:29.533636,4712.15,5091,0
9933,2026-08-30 04:58:29.557921,668.09,7541,0
1419,2026-08-30 19:16:29.530170,3556.07,1491,0
1519,2026-08-30 10:35:29.530484,407.61,5824,0
922,2026-08-25 11:10:29.528532,560.07,1111,0
9480,2026-08-29 23:57:29.556474,1402.85,8265,0
4943,2026-08-26 23:16:29.541510,1039.43,5594,0
3484,2026-08-31 05:17:29.536829,2017.43,3697,0
3156,2026-08-31 20:21:29.535787,407.28,3471,0
2895,2026-08-25 13:00:29.534942,2330.94,3299,0
1559,2026-08-31 17:03:29.530610,3008.21,1453,0
340,2026-08-26 18:49:29.526658,2299.26,6340,0
5275,2026-08-30 21:38:29.542598,3876.38,8178,0
741,2026-08-28 13:22:29.527950,3145.16,1103,0
4840,2026-08-25 08:10:29.541184,768.55,2155,0
3497,2026-08-31 18:55:29.536870,968.8,7216,0
3443,2026-08-26 08:30:29.536699,795.33,7495,0
9114,2026-08-28 05:29:29.555311,3122.66,6230,0
9656,2026-08-27 08:29:29.557034,1028.78,2204,0
7205,2026-08-26 06:27:29.549027,667.37,8990,0
3298,2026-08-29 23:11:29.536244,527.0,1221,0
3,2026-08-27 17:48:29.525554,1199.99,4838,0
5439,2026-08-25 05:08:29.543124,3697.51,5514,0
5705,2026-08-29 06:19:29.543962,4500.62,2160,0
6216,2026-08-26 12:15:29.545591,2580.64,4695,0
7254,2026-08-28 17:58:29.549213,188.42,6011,0
1174,2026-08-29 08:00:29.529374,1893.12,5006,0
8956,2026-08-28 08:40:29.554774,2421.88,2291,0
627,2026-08-28 04:10:29.527587,2026.48,3013,0
220,2026-08-25 07:38:29.526278,804.27,1094,0
3754,2026-08-30 01:03:29.537695,964.94,3434,0
9012,2026-08-29 12:30:29.554953,4007.36,7806,0
5485,2026-08-26 08:06:29.543268,4817.51,4123,0
6724,2026-08-26 23:35:29.547237,1008.38,5501,0
1859,2026-08-30 17:47:29.531574,3209.65,8466,0
5723,2026-08-27 08:01:29.544018,2894.24,1906,0
2418,2026-08-28 06:29:29.533392,2165.25,2555,0
4294,2026-08-27 22:42:29.539430,3586.33,4080,0
6429,2026-08-26 05:33:29.546282,3433.7,8596,0
6580,2026-08-25 09:27:29.546768,1905.41,6960,0
1108,2026-08-28 21:47:29.529163,298.16,6783,0
7679,2026-08-27 00:01:29.550630,4431.53,1618,0
7498,2026-08-29 05:16:29.549987,2426.72,5467,0
6565,2026-08-31 06:28:29.546719,4305.51,3224,0
2738,2026-08-25 15:28:29.534438,1825.35,2381,0
9652,2026-08-31 02:46:29.557022,1109.18,7391,0
3826,2026-08-28 14:38:29.537923,804.75,3320,0
8778,2026-09-01 02:23:29.554210,4898.49,4959,0
8417,2026-08-28 08:31:29.553021,1984.7,1304,0
2871,2026-08-29 12:03:29.534865,3702.65,3516,0
8863,2026-08-31 02:03:29.554481,4955.89,7550,0
3239,2026-08-28 10:33:29.536057,227.52,3995,0
1488,2026-08-31 19:54:29.530384,4528.87,8220,0
10142,2026-09-01 03:45:29.564659,1000.0,10041,1
3553,2026-08-29 17:27:29.537056,814.2,5311,0
6510,2026-08-27 23:14:29.546542,4723.05,8987,0
8653,2026-08-27 22:36:29.553786,1689.49,5353,0
3324,2026-08-31 06:09:29.536326,3087.59,5991,0
6332,2026-08-29 23:52:29.545954,2166.03,5665,0
8179,2026-09-01 00:42:29.552256,809.31,3487,0
3350,2026-08-26 08:22:29.536407,2484.78,8584,0
9986,2026-08-31 05:11:29.558094,706.31,6189,0
1228,2026-08-25 22:06:29.529542,2026.81,1517,0
8020,2026-08-29 21:37:29.551745,3322.42,5404,0
3256,2026-08-29 05:29:29.536110,4895.23,7997,0
10197,2026-09-01 03:45:29.564659,1000.0,10046,1
10076,2026-09-01 03:45:29.564659,1000.0,10025,1
10122,2026-09-01 03:45:29.564659,1000.0,10021,1
8065,2026-08-29 20:29:29.551887,1743.21,2072,0
3954,2026-08-27 06:37:29.538347,604.88,2782,0
7920,2026-08-29 05:22:29.551431,2923.27,1996,0
3279,2026-08-28 13:29:29.536182,1507.03,2818,0
2001,2026-08-26 07:31:29.532022,4828.16,4093,0
4088,2026-08-28 13:28:29.538771,834.0,4306,0
3640,2026-08-29 06:01:29.537330,3148.26,5563,0
5449,2026-08-27 20:05:29.543154,441.03,2880,0
847,2026-08-28 13:57:29.528294,4527.42,5618,0
3872,2026-08-27 19:18:29.538089,3980.37,1625,0
766,2026-08-27 08:37:29.528029,1343.33,3943,0
7395,2026-08-29 10:02:29.549658,421.51,3048,0
5638,2026-08-30 23:14:29.543750,1017.7,6219,0
7809,2026-08-28 12:11:29.551065,1866.08,5481,0
8839,2026-08-31 05:58:29.554406,686.98,4142,0
8914,2026-08-25 11:05:29.554641,1703.36,6674,0
7308,2026-08-27 07:30:29.549383,4887.44,6838,0
8847,2026-08-25 10:41:29.554431,4214.79,2553,0
3020,2026-08-25 22:33:29.535348,3216.42,1330,0
2623,2026-08-28 03:12:29.534073,3735.3,1865,0
8747,2026-08-26 00:57:29.554113,1039.54,4248,0
2468,2026-08-27 19:17:29.533552,1967.63,1696,0
6233,2026-08-26 00:27:29.545644,1805.92,4181,0
8333,2026-08-31 23:35:29.552745,2945.94,6085,0
1541,2026-08-25 08:30:29.530554,3294.37,7429,0
827,2026-08-28 19:55:29.528232,4260.85,3421,0
4398,2026-08-29 09:02:29.539768,2691.96,5373,0
2973,2026-08-27 21:50:29.535202,3752.43,3222,0
4018,2026-08-29 06:28:29.538550,3038.94,7182,0
3576,2026-08-26 05:22:29.537128,1617.25,4541,0
7109,2026-08-27 13:20:29.548721,2386.57,4703,0
8859,2026-08-25 20:17:29.554468,1089.08,6368,0
4731,2026-08-26 08:05:29.540832,3373.2,2763,0
640,2026-08-28 19:03:29.527627,2895.74,5516,0
10339,2026-09-01 03:45:29.564659,1000.0,10038,1
2333,2026-08-28 04:53:29.533122,2919.44,8208,0
69,2026-08-28 12:56:29.525765,303.02,8189,0
9051,2026-08-26 19:47:29.555113,1522.51,1025,0
4842,2026-08-31 15:46:29.541191,3139.87,6661,0
352,2026-08-27 11:36:29.526695,4702.06,5635,0
5319,2026-08-26 10:10:29.542735,4745.82,6185,0
4838,2026-08-29 14:06:29.541178,2356.82,7740,0
8087,2026-08-28 20:08:29.551955,1770.08,6938,0
3177,2026-08-28 09:13:29.535853,4713.04,6436,0
5792,2026-08-25 12:57:29.544243,1851.36,6510,0
3499,2026-08-25 15:49:29.536876,3502.5,5881,0
5609,2026-08-29 01:15:29.543661,2070.63,2908,0
798,2026-08-26 20:20:29.528139,954.55,2956,0
9868,2026-08-28 06:39:29.557716,3590.57,4830,0
2189,2026-08-28 05:48:29.532633,3555.78,4420,0
9787,2026-08-31 07:50:29.557459,1652.8,5065,0
8182,2026-08-26 01:05:29.552266,431.12,8837,0
7553,2026-08-25 11:22:29.550234,3795.32,8652,0
5432,2026-08-26 22:41:29.543102,1420.44,5209,0
1995,2026-08-30 23:26:29.532003,2204.83,7375,0
3072,2026-08-25 15:05:29.535519,1909.16,4590,0
10465,2026-09-01 03:45:29.564659,1000.0,10014,1
10016,2026-09-01 03:45:29.564659,1000.0,10015,1
926,2026-08-29 06:49:29.528545,533.71,7711,0
2430,2026-08-30 18:48:29.533429,428.49,5544,0
7845,2026-08-31 06:16:29.551194,3087.54,1720,0
994,2026-08-31 10:22:29.528760,4156.53,2141,0
8520,2026-08-29 22:11:29.553364,2379.44,8230,0
9223,2026-08-29 22:24:29.555653,710.52,4587,0
2459,2026-08-25 05:52:29.533522,1476.81,4488,0
6954,2026-08-28 15:45:29.548023,203.99,7170,0
9887,2026-08-27 05:18:29.557775,3928.96,5410,0
2957,2026-08-31 05:55:29.535151,1379.09,8756,0
5608,2026-08-31 05:20:29.543658,3585.61,3891,0
546,2026-08-25 12:29:29.527327,4595.43,2845,0
9469,2026-08-26 07:20:29.556440,4722.16,5210,0
2082,2026-08-27 09:13:29.532294,4524.27,4353,0
9399,2026-08-27 17:07:29.556215,3936.88,5406,0
8867,2026-08-29 10:50:29.554493,4797.37,7059,0
10335,2026-09-01 03:45:29.564659,1000.0,10034,1
2625,2026-08-30 01:46:29.534080,4541.35,1985,0
5721,2026-08-28 05:01:29.544012,2236.25,1661,0
10394,2026-09-01 03:45:29.564659,1000.0,10043,1
1255,2026-08-28 22:34:29.529629,3206.7,1673,0
5069,2026-08-31 01:13:29.541908,2091.25,8930,0
8948,2026-08-26 23:15:29.554750,3612.13,3429,0
8101,2026-08-26 03:36:29.551999,1830.02,8120,0
139,2026-08-25 15:38:29.525984,3375.83,4490,0
8126,2026-08-30 21:40:29.552087,4940.99,1705,0
8096,2026-08-27 18:22:29.551984,683.56,8699,0
759,2026-08-25 15:10:29.528007,4553.08,4298,0
4867,2026-08-27 04:16:29.541269,3510.92,2157,0
4686,2026-08-31 22:42:29.540689,3345.34,3287,0
1371,2026-08-31 09:56:29.529996,281.81,5769,0
2398,2026-08-29 04:36:29.533328,4920.11,2246,0
7375,2026-08-30 09:59:29.549596,2877.31,2363,0
5109,2026-08-30 03:56:29.542035,3244.09,3213,0
1936,2026-08-31 16:23:29.531819,175.8,5172,0
25,2026-08-30 06:29:29.525624,4938.01,5909,0
3139,2026-08-26 23:38:29.535734,1947.22,5703,0
6984,2026-08-26 03:02:29.548202,4613.94,1360,0
5957,2026-08-28 13:20:29.544766,3072.18,3816,0
8291,2026-08-27 14:44:29.552612,2044.58,8991,0
3829,2026-08-27 08:15:29.537932,4750.61,3807,0
3240,2026-08-28 16:55:29.536060,1286.96,4640,0
7266,2026-08-27 08:48:29.549250,4993.82,1926,0
2378,2026-08-29 04:52:29.533266,471.9,2417,0
3772,2026-08-26 02:55:29.537752,2892.87,8320,0
8074,2026-08-29 20:20:29.551915,995.65,2209,0
7179,2026-08-30 17:03:29.548943,3073.44,7499,0
1139,2026-08-28 19:14:29.529260,3111.4,1530,0
6190,2026-08-27 10:40:29.545510,871.45,1074,0
4045,2026-08-30 10:54:29.538634,1658.79,6873,0
9382,2026-08-25 17:24:29.556162,3422.13,6343,0
998,2026-08-27 16:32:29.528773,3589.38,7768,0
4275,2026-08-29 18:18:29.539371,1255.64,2320,0
10310,2026-09-01 03:45:29.564659,1000.0,10009,1
1878,2026-08-31 16:16:29.531634,4324.35,8346,0
2116,2026-08-26 17:23:29.532402,1431.75,4452,0
9991,2026-08-25 22:22:29.558111,2520.18,5413,0
5254,2026-08-26 18:23:29.542532,3034.86,1760,0
3533,2026-08-25 12:17:29.536982,1620.12,1993,0
7886,2026-08-26 19:44:29.551325,574.87,2726,0
9811,2026-08-30 16:31:29.557534,236.73,7849,0
3972,2026-08-31 01:38:29.538406,4287.37,5523,0
5318,2026-08-25 19:19:29.542732,4496.21,7465,0
6915,2026-08-31 06:35:29.547841,4296.8,3750,0
5286,2026-08-25 15:58:29.542632,1399.41,3508,0
5375,2026-08-30 18:59:29.542912,4085.44,1601,0
6967,2026-08-27 21:29:29.548108,2364.96,8635,0
4780,2026-08-26 09:09:29.540985,2948.07,2391,0
9416,2026-08-29 01:59:29.556272,1094.61,1263,0
4044,2026-08-29 14:19:29.538631,350.25,2185,0
9265,2026-08-26 19:58:29.555786,3557.41,5112,0
7604,2026-08-28 14:37:29.550394,2726.66,5168,0
10225,2026-09-01 03:45:29.564659,1000.0,10024,1
5201,2026-08-29 05:41:29.542352,94.69,4826,0
9085,2026-09-01 01:32:29.555221,3014.44,3951,0
7104,2026-08-30 14:05:29.548706,4817.53,2151,0
5365,2026-08-25 19:44:29.542881,22.13,1362,0
6850,2026-08-29 06:54:29.547636,3126.91,1306,0
764,2026-08-27 00:52:29.528023,4254.94,2999,0
754,2026-08-26 08:40:29.527991,4864.08,2669,0
8310,2026-08-28 03:27:29.552673,1058.31,2987,0
2965,2026-08-25 16:17:29.535177,2557.9,6277,0
10416,2026-09-01 03:45:29.564659,1000.0,10015,1
194,2026-08-30 16:57:29.526197,1434.85,4858,0
5386,2026-08-30 01:04:29.542947,1766.38,8290,0
3208,2026-08-29 14:47:29.535952,2940.25,3839,0
8317,2026-08-27 20:44:29.552695,4536.84,8274,0
4374,2026-08-26 09:19:29.539691,4125.25,1750,0
9376,2026-08-26 14:53:29.556144,4523.01,4573,0
3098,2026-08-30 04:04:29.535601,4622.98,2939,0
9216,2026-08-28 10:09:29.555631,3390.03,3264,0
5494,2026-08-29 15:24:29.543296,581.0,1956,0
10451,2026-09-01 03:45:29.564659,1000.0,10000,1
4518,2026-08-27 06:34:29.540157,4077.1,2462,0
10222,2026-09-01 03:45:29.564659,1000.0,10021,1
1057,2026-08-27 01:27:29.528961,4240.08,3067,0
8691,2026-08-31 12:58:29.553904,3145.92,8059,0
30,2026-08-30 20:27:29.525640,4083.86,3895,0
8088,2026-08-27 06:20:29.551959,2013.43,1229,0
815,2026-08-25 13:04:29.528193,1539.65,3627,0
6693,2026-08-29 23:06:29.547141,3643.04,8734,0
10329,2026-09-01 03:45:29.564659,1000.0,10028,1
7298,2026-08-31 18:23:29.549352,2119.27,1929,0
9418,2026-08-26 02:19:29.556278,1870.3,8627,0
8574,2026-08-25 21:59:29.553536,552.9,5212,0
5302,2026-08-31 04:51:29.542682,4493.19,4649,0
7150,2026-08-27 05:47:29.548853,1538.04,2464,0
933,2026-08-27 06:11:29.528567,1805.32,5686,0
2182,2026-08-25 16:46:29.532612,568.36,2893,0
7724,2026-08-29 03:48:29.550777,3172.06,7010,0
6942,2026-08-31 23:12:29.547964,2813.63,6719,0
4329,2026-08-30 20:35:29.539549,4176.52,3674,0
3858,2026-08-29 11:36:29.538023,1666.56,5206,0
2094,2026-08-31 03:22:29.532331,744.11,3270,0
9949,2026-08-30 10:19:29.557971,2788.43,4052,0
4530,2026-08-26 00:40:29.540197,458.45,3680,0
4797,2026-08-27 16:36:29.541038,2017.4,6859,0
4989,2026-08-27 07:40:29.541656,3797.83,2830,0
574,2026-08-26 20:58:29.527417,3351.52,5577,0
641,2026-08-27 09:34:29.527630,1407.07,2724,0
3677,2026-08-25 14:22:29.537451,3367.1,5022,0
7095,2026-08-25 14:31:29.548678,4551.35,7072,0
6513,2026-08-29 23:17:29.546551,1364.02,2710,0
3219,2026-08-28 11:50:29.535986,3436.0,5472,0
5145,2026-08-27 14:32:29.542168,3580.59,2222,0
4919,2026-08-30 05:03:29.541435,434.89,7943,0
10,2026-08-31 07:22:29.525577,1412.8,8143,0
5670,2026-08-28 09:59:29.543852,3816.12,3116,0
9021,2026-08-30 00:50:29.554983,1224.07,3359,0
4619,2026-08-26 15:44:29.540475,768.41,1489,0
4321,2026-08-29 02:49:29.539523,3085.28,4944,0
10055,2026-09-01 03:45:29.564659,1000.0,10004,1
7178,2026-08-31 03:00:29.548940,3320.41,7382,0
1344,2026-08-31 23:24:29.529912,2659.07,3868,0
748,2026-08-28 07:06:29.527972,3462.85,4748,0
8267,2026-08-29 12:44:29.552536,1588.39,5115,0
4448,2026-08-31 20:38:29.539925,4607.78,7180,0
9739,2026-08-25 09:01:29.557306,2758.41,8318,0
10242,2026-09-01 03:45:29.564659,1000.0,10041,1
862,2026-08-29 02:45:29.528341,3252.44,4973,0
7058,2026-08-31 05:37:29.548563,4238.11,1940,0
10288,2026-09-01 03:45:29.564659,1000.0,10037,1
4058,2026-08-29 12:22:29.538677,1401.12,3895,0
1112,2026-08-29 14:42:29.529175,4782.59,4531,0
2,2026-08-27 21:44:29.525550,1895.27,2134,0
7671,2026-08-31 12:17:29.550605,4203.11,1954,0
202,2026-08-30 09:35:29.526222,2919.44,6532,0
4523,2026-08-30 04:51:29.540173,4165.63,7247,0
252,2026-08-28 14:49:29.526379,4854.57,8490,0
5496,2026-08-26 14:46:29.543305,4204.16,2668,0
9432,2026-08-26 08:01:29.556322,1736.56,2409,0
556,2026-08-30 13:28:29.527358,4842.97,7593,0
4954,2026-08-30 02:47:29.541544,1019.4,1845,0
884,2026-08-26 16:45:29.528410,3616.53,4848,0
5152,2026-08-30 04:20:29.542190,2791.56,3764,0
8719,2026-08-29 20:39:29.553991,2479.4,7195,0
1066,2026-08-31 18:49:29.528989,1731.3,1848,0
2251,2026-08-30 18:44:29.532833,4295.24,4639,0
4531,2026-08-26 14:46:29.540200,1792.93,5187,0
4794,2026-08-25 21:30:29.541029,886.66,2286,0
9881,2026-08-30 04:35:29.557756,4084.73,4742,0
4983,2026-08-29 09:28:29.541635,3389.95,5896,0
879,2026-08-30 10:02:29.528394,1877.52,3966,0
3160,2026-08-29 09:55:29.535799,3993.46,3799,0
7100,2026-08-27 20:22:29.548693,4070.62,8977,0
5648,2026-08-27 02:57:29.543781,4476.86,4960,0
9148,2026-08-26 12:33:29.555417,1528.99,5468,0
2830,2026-08-27 12:42:29.534734,4578.75,4186,0
9547,2026-08-25 14:51:29.556689,4032.99,4652,0
10078,2026-09-01 03:45:29.564659,1000.0,10027,1
5203,2026-08-29 11:28:29.542359,4788.48,3952,0
8496,2026-08-31 15:52:29.553289,2536.95,4862,0
140,2026-08-27 05:18:29.525990,1213.58,7618,0
6994,2026-08-26 18:16:29.548256,1267.97,2864,0
8162,2026-08-30 13:01:29.552203,589.82,8571,0
106,2026-08-29 05:08:29.525882,4804.75,8835,0
10469,2026-09-01 03:45:29.564659,1000.0,10018,1
7880,2026-08-26 21:16:29.551306,693.68,1289,0
6572,2026-08-26 14:17:29.546741,3300.7,8413,0
4667,2026-08-29 02:53:29.540630,4155.5,8908,0
8854,2026-08-26 20:37:29.554453,1005.45,1273,0
6314,2026-08-29 12:13:29.545898,4452.51,1026,0
7310,2026-08-31 18:12:29.549390,790.58,7169,0
4376,2026-08-25 15:43:29.539697,1326.94,1796,0
1947,2026-08-28 18:26:29.531853,2500.3,4585,0
7435,2026-08-31 04:35:29.549783,3336.27,2369,0
3119,2026-08-31 06:33:29.535669,1649.82,8938,0
8775,2026-08-30 12:38:29.554200,3760.48,4714,0
1985,2026-08-28 08:37:29.531972,462.87,1838,0
85,2026-08-27 05:34:29.525815,651.27,8438,0
4738,2026-08-28 05:44:29.540854,2382.23,8185,0
10075,2026-09-01 03:45:29.564659,1000.0,10024,1
3970,2026-08-31 18:03:29.538400,4319.01,6213,0
3564,2026-08-25 14:43:29.537090,1301.55,5570,0
6815,2026-08-26 23:11:29.547527,3960.4,8136,0
8618,2026-08-29 04:27:29.553674,4309.44,8015,0
6457,2026-08-27 19:48:29.546376,386.49,5049,0
2630,2026-08-26 19:34:29.534095,4805.23,6185,0
6918,2026-08-30 00:19:29.547850,3479.35,6907,0
1418,2026-08-29 03:47:29.530167,4965.18,7354,0
162,2026-08-30 01:24:29.526097,2818.03,4667,0
1378,2026-08-29 10:34:29.530018,1895.71,7017,0
4622,2026-08-31 19:01:29.540485,2379.78,3374,0
9451,2026-08-27 02:39:29.556381,4115.24,7295,0
9132,2026-08-25 16:35:29.555367,1603.45,5785,0
9778,2026-08-29 06:51:29.557431,2470.2,7679,0
1665,2026-08-30 03:09:29.530945,4345.17,5763,0
8492,2026-08-29 01:13:29.553277,1085.11,2725,0
8258,2026-08-29 19:37:29.552507,3743.87,4442,0
9922,2026-08-30 11:26:29.557886,2826.0,8980,0
769,2026-08-26 20:11:29.528039,2550.18,7048,0
6563,2026-08-31 02:43:29.546712,1666.84,8626,0
6822,2026-08-31 10:16:29.547549,1211.71,1890,0
8906,2026-08-28 18:06:29.554617,4569.63,8819,0
4090,2026-08-25 19:39:29.538777,2854.75,2104,0
677,2026-08-28 19:13:29.527748,849.07,1694,0
7431,2026-08-28 01:23:29.549771,887.31,6342,0
7576,2026-08-29 16:25:29.550307,2923.87,7591,0
3128,2026-08-28 15:12:29.535697,65.07,7281,0
4514,2026-08-27 20:16:29.540145,2886.76,1723,0
2140,2026-08-27 10:15:29.532478,1325.87,5049,0
9714,2026-08-29 12:09:29.557229,2087.82,1322,0
5984,2026-08-27 23:12:29.544851,4334.31,1906,0
10498,2026-09-01 03:45:29.564659,1000.0,10047,1
6259,2026-08-29 15:59:29.545725,4850.63,5635,0
983,2026-08-30 21:42:29.528723,563.34,4429,0
9084,2026-08-31 10:03:29.555218,2835.65,1952,0
3516,2026-08-27 02:31:29.536929,3845.17,8499,0
334,2026-08-30 01:52:29.526639,3462.78,4037,0
8685,2026-08-30 00:56:29.553886,4368.59,8492,0
10133,2026-09-01 03:45:29.564659,1000.0,10032,1
6753,2026-08-26 10:34:29.547327,4650.27,5413,0
1755,2026-08-31 05:52:29.531244,421.53,5698,0
8805,2026-08-28 14:34:29.554295,1536.76,1975,0
8270,2026-09-01 02:15:29.552546,2635.49,4506,0
1000,2026-08-27 04:19:29.528779,4080.31,2603,0
4905,2026-08-29 06:02:29.541391,3552.66,8828,0
662,2026-08-28 11:02:29.527700,451.59,2479,0
7155,2026-08-27 07:08:29.548869,3283.49,1116,0
7665,2026-08-31 20:10:29.550586,2108.69,1237,0
8554,2026-08-27 05:35:29.553470,198.32,8544,0
3921,2026-08-28 10:26:29.538244,2312.37,6508,0
8032,2026-08-27 19:01:29.551782,1777.36,2838,0
7529,2026-08-29 21:21:29.550155,1760.88,3043,0
5141,2026-08-27 22:49:29.542156,485.31,4951,0
9613,2026-08-30 09:20:29.556899,3115.97,5131,0
2612,2026-08-31 18:48:29.534015,2247.04,7429,0
7319,2026-08-27 07:57:29.549418,2968.97,1709,0
3570,2026-08-30 00:47:29.537109,738.76,3781,0
2011,2026-09-01 00:26:29.532066,4272.25,7840,0
3896,2026-08-25 21:26:29.538166,4817.35,4907,0
5538,2026-08-28 07:32:29.543435,3600.24,8171,0
10421,2026-09-01 03:45:29.564659,1000.0,10020,1
9648,2026-08-31 06:51:29.557009,4776.26,3269,0
6643,2026-08-29 04:49:29.546973,4971.83,6098,0
1922,2026-08-27 05:09:29.531773,3056.43,1455,0
7664,2026-08-29 19:08:29.550583,246.02,8239,0
8594,2026-08-31 02:33:29.553599,903.83,4594,0
8050,2026-08-25 15:12:29.551841,2407.28,6873,0
9615,2026-08-30 02:06:29.556905,802.13,4520,0
6278,2026-08-26 11:59:29.545786,4660.58,3705,0
9019,2026-08-25 08:58:29.554975,79.15,7367,0
6606,2026-08-26 06:13:29.546855,486.66,5304,0
2060,2026-08-29 17:36:29.532225,3658.34,7634,0
620,2026-08-27 06:38:29.527564,3524.02,2822,0
783,2026-08-31 05:12:29.528093,4868.45,8317,0
3514,2026-08-28 19:49:29.536923,688.88,2635,0
9417,2026-08-30 17:41:29.556275,540.24,7201,0
1860,2026-08-31 11:55:29.531578,4103.93,7363,0
1366,2026-09-01 00:48:29.529981,3357.58,1924,0
8336,2026-08-31 04:44:29.552754,2003.97,1099,0
2357,2026-08-25 23:09:29.533200,1126.72,8921,0
308,2026-08-30 00:19:29.526554,636.49,4044,0
133,2026-08-30 08:34:29.525966,4657.09,2270,0
1408,2026-08-30 06:30:29.530133,1770.09,2751,0
8199,2026-08-30 15:23:29.552319,673.66,1112,0
3468,2026-08-31 16:28:29.536779,4397.39,3775,0
4568,2026-08-27 06:45:29.540317,4157.13,4024,0
6089,2026-08-26 15:47:29.545191,4260.54,6505,0
96,2026-08-26 20:46:29.525850,346.79,5555,0
6379,2026-08-27 14:15:29.546123,3667.56,8763,0
4550,2026-08-25 06:54:29.540259,2794.73,5160,0
3684,2026-08-25 15:38:29.537473,3692.87,2934,0
8489,2026-08-27 20:13:29.553267,3367.11,1527,0
6619,2026-08-25 19:08:29.546896,3080.02,7012,0
3328,2026-08-28 03:58:29.536339,2005.14,8547,0
9233,2026-08-25 06:49:29.555684,3876.19,3498,0
6078,2026-08-31 19:53:29.545156,2903.97,2458,0
7419,2026-08-31 03:38:29.549733,1676.11,1233,0
10495,2026-09-01 03:45:29.564659,1000.0,10044,1
9758,2026-08-28 23:17:29.557368,1723.58,1027,0
1073,2026-08-29 23:47:29.529011,1932.25,2471,0
1247,2026-08-29 20:38:29.529604,4061.34,8604,0
3400,2026-08-27 18:58:29.536565,1019.72,4387,0
7631,2026-08-26 20:35:29.550480,3694.66,6296,0
3197,2026-08-25 23:54:29.535915,75.49,5126,0
9549,2026-08-29 12:07:29.556695,4914.63,4390,0
6786,2026-08-27 01:55:29.547434,4440.83,3623,0
1902,2026-08-26 08:22:29.531710,2665.17,2689,0
10399,2026-09-01 03:45:29.564659,1000.0,10048,1
7500,2026-08-27 11:02:29.549993,2849.29,3337,0
5564,2026-08-28 05:15:29.543517,3433.39,4033,0
8359,2026-08-31 22:44:29.552825,1768.19,3160,0
2954,2026-08-25 13:06:29.535142,3832.99,5052,0
9507,2026-08-29 09:44:29.556563,1407.35,4848,0
3543,2026-08-29 19:41:29.537016,2856.81,6338,0
6002,2026-08-27 16:20:29.544908,692.96,7228,0
9210,2026-08-31 01:35:29.555612,1995.31,5047,0
3116,2026-08-26 15:06:29.535659,3802.05,6963,0
7057,2026-08-29 11:27:29.548560,1059.61,7370,0
9407,2026-08-29 20:08:29.556244,2231.36,6432,0
738,2026-08-29 11:00:29.527941,3055.23,8212,0
817,2026-08-26 04:08:29.528199,2865.83,7488,0
2558,2026-08-27 23:00:29.533840,3410.96,4848,0
7927,2026-08-30 04:33:29.551453,398.57,4220,0
3678,2026-08-26 01:55:29.537454,4584.68,3030,0
6800,2026-08-25 19:51:29.547480,2880.09,6632,0
8833,2026-08-26 04:37:29.554385,975.93,4480,0
9900,2026-08-25 12:12:29.557815,3929.19,6652,0
3372,2026-08-25 08:53:29.536478,794.82,8619,0
1269,2026-08-31 05:07:29.529672,4287.03,3668,0
570,2026-08-26 02:17:29.527405,2444.26,7332,0
952,2026-08-31 05:22:29.528626,4891.27,8373,0
2384,2026-08-25 17:34:29.533285,731.88,8652,0
9710,2026-08-27 18:13:29.557216,1027.75,5439,0
4604,2026-08-28 00:07:29.540429,4298.88,6033,0
7017,2026-08-25 15:28:29.548382,4369.92,7045,0
10064,2026-09-01 03:45:29.564659,1000.0,10013,1
6760,2026-08-27 22:35:29.547349,2744.57,2917,0
5969,2026-08-28 13:14:29.544804,509.0,3948,0
8801,2026-08-31 15:59:29.554283,2018.24,1298,0
3676,2026-08-28 12:14:29.537448,4098.28,7450,0
5032,2026-08-27 12:26:29.541791,4530.72,4086,0
9112,2026-08-29 13:17:29.555305,4954.66,1925,0
9730,2026-08-29 13:10:29.557278,3349.18,4016,0
7148,2026-08-31 03:44:29.548846,2227.31,6593,0
442,2026-08-30 23:23:29.526980,3850.97,7107,0
6662,2026-08-31 15:24:29.547033,3345.03,4585,0
7550,2026-08-26 00:21:29.550225,3850.61,8866,0
4375,2026-08-29 06:44:29.539694,2234.39,2520,0
8318,2026-09-01 01:09:29.552698,595.82,4109,0
9075,2026-08-28 16:06:29.555190,4854.28,1648,0
9041,2026-08-28 12:00:29.555071,1847.82,1451,0
1105,2026-08-26 21:09:29.529154,1905.53,5958,0
6893,2026-08-28 09:03:29.547772,3413.46,7862,0
6465,2026-08-26 05:16:29.546401,4427.77,3261,0
8773,2026-09-01 01:36:29.554194,1726.74,2284,0
8988,2026-08-28 12:49:29.554878,2806.14,3681,0
5805,2026-08-26 19:11:29.544283,1651.63,4721,0
7869,2026-08-30 07:29:29.551270,743.76,7009,0
5598,2026-08-28 09:29:29.543627,3209.95,7518,0
6855,2026-08-29 12:02:29.547654,2060.29,6142,0
3105,2026-08-29 14:12:29.535623,4733.73,8414,0
1310,2026-08-29 12:40:29.529804,3802.87,6844,0
5251,2026-08-30 20:19:29.542522,2728.86,4178,0
3766,2026-08-26 15:44:29.537733,3597.38,5527,0
4715,2026-08-31 13:34:29.540779,2048.4,4472,0
3546,2026-08-30 15:28:29.537025,58.55,3529,0
7610,2026-08-27 13:53:29.550412,177.87,3370,0
8556,2026-08-31 07:47:29.553479,4579.13,2961,0
3475,2026-08-29 21:14:29.536801,4634.46,2479,0
5942,2026-08-27 05:11:29.544720,899.29,1137,0
904,2026-08-29 19:23:29.528472,3283.58,8853,0
9853,2026-08-27 18:59:29.557667,471.01,2921,0
5860,2026-08-30 08:04:29.544457,4071.73,2977,0
4565,2026-08-30 07:33:29.540308,4083.73,7538,0
7980,2026-08-25 21:05:29.551620,3261.04,5328,0
2681,2026-08-29 06:59:29.534255,981.13,3787,0
3646,2026-08-29 04:03:29.537349,1450.49,2550,0
4139,2026-08-30 14:53:29.538934,1531.0,2382,0
8472,2026-08-29 00:10:29.553215,1885.94,7737,0
8428,2026-08-27 16:38:29.553074,328.2,4497,0
6608,2026-08-28 00:09:29.546862,1681.54,7237,0
200,2026-08-29 04:42:29.526215,193.33,6692,0
1970,2026-08-25 10:04:29.531925,3879.2,8514,0
9927,2026-08-25 11:47:29.557902,4349.61,6410,0
7936,2026-08-27 16:10:29.551480,4380.25,7506,0
3674,2026-08-29 19:41:29.537442,1421.94,6581,0
1472,2026-08-25 10:55:29.530334,3739.73,6057,0
1133,2026-08-26 07:27:29.529241,165.04,5080,0
9297,2026-08-27 01:12:29.555886,1643.18,6224,0
4301,2026-08-27 18:14:29.539452,549.55,4606,0
6617,2026-08-31 08:20:29.546890,671.26,3258,0
7761,2026-08-26 08:31:29.550894,2110.88,6922,0
8928,2026-08-30 00:31:29.554685,3489.27,5592,0
3987,2026-08-30 07:48:29.538453,3198.32,6758,0
7776,2026-08-25 17:03:29.550941,1166.61,3179,0
2324,2026-08-27 21:18:29.533094,824.52,6554,0
8272,2026-08-25 15:27:29.552552,297.24,2063,0
8759,2026-08-27 00:42:29.554150,4338.71,2056,0
6085,2026-08-30 07:28:29.545178,2109.2,1809,0
8544,2026-08-30 20:27:29.553439,332.71,3060,0
327,2026-08-28 15:20:29.526617,2935.19,4812,0
7153,2026-08-30 23:42:29.548862,873.98,6013,0
8750,2026-08-25 05:25:29.554122,4368.54,3299,0
9738,2026-08-28 04:57:29.557303,235.89,1497,0
6388,2026-08-27 06:08:29.546151,3476.21,4479,0
7386,2026-08-31 16:08:29.549630,1348.34,7215,0
6187,2026-08-25 12:39:29.545500,946.15,7301,0
2077,2026-08-26 20:12:29.532278,3485.39,2535,0
6380,2026-08-28 18:37:29.546126,794.84,3537,0
7088,2026-08-27 01:36:29.548656,936.09,1024,0
5321,2026-08-30 13:41:29.542741,2691.45,8617,0
8505,2026-08-25 21:32:29.553317,2948.61,2520,0
4352,2026-08-26 16:01:29.539622,2701.27,4200,0
7475,2026-08-31 21:20:29.549915,3818.42,7854,0
4817,2026-08-29 23:46:29.541112,1060.1,8959,0
7131,2026-08-25 06:59:29.548793,510.68,2249,0
9401,2026-09-01 00:31:29.556221,2306.19,7703,0
9196,2026-08-27 00:10:29.555568,3186.73,7765,0
5577,2026-08-30 12:06:29.543558,200.47,3586,0
328,2026-08-25 12:48:29.526620,4239.77,6261,0
114,2026-08-29 14:43:29.525907,2079.32,7329,0
3933,2026-08-25 17:18:29.538282,4479.97,2476,0
2789,2026-08-29 14:33:29.534603,4298.68,2863,0
9300,2026-08-25 18:09:29.555895,4101.78,7300,0
2036,2026-08-31 10:17:29.532151,1601.77,8430,0
6811,2026-08-27 15:11:29.547514,2624.8,3455,0
7291,2026-08-27 09:40:29.549331,4566.57,1465,0
6579,2026-08-27 01:42:29.546765,3752.47,4200,0
3465,2026-08-31 14:41:29.536770,4889.61,5712,0
10017,2026-09-01 03:45:29.564659,1000.0,10016,1
4148,2026-08-28 06:09:29.538963,1477.43,2265,0
9523,2026-08-29 14:23:29.556613,615.65,8360,0
3364,2026-08-29 09:19:29.536451,3739.33,5743,0
121,2026-08-27 12:08:29.525928,1920.93,6128,0
1220,2026-08-25 07:39:29.529517,4279.05,7248,0
1324,2026-08-29 09:15:29.529848,1175.9,2690,0
8367,2026-08-31 18:05:29.552850,1781.45,8785,0
8740,2026-08-26 05:20:29.554091,1977.88,3490,0
2252,2026-08-27 12:39:29.532836,1342.19,7838,0
9610,2026-08-25 16:05:29.556890,4340.55,5743,0
2670,2026-08-28 20:18:29.534221,2377.63,2579,0
2893,2026-08-31 17:53:29.534936,2407.16,1861,0
1574,2026-08-25 21:32:29.530657,912.99,7237,0
4276,2026-08-30 21:03:29.539374,3731.71,6825,0
9307,2026-08-26 09:39:29.555917,2105.45,6285,0
6182,2026-08-26 04:49:29.545485,4830.16,4808,0
8738,2026-08-27 04:11:29.554085,1729.23,6866,0
8140,2026-08-25 14:11:29.552134,1270.48,2760,0
7633,2026-08-30 03:11:29.550486,1590.25,1133,0
9067,2026-08-28 05:16:29.555165,4670.28,3988,0
1954,2026-08-29 06:05:29.531875,4621.05,6958,0
4727,2026-09-01 00:18:29.540817,708.03,3604,0
1121,2026-08-25 14:31:29.529204,2276.62,2515,0
4651,2026-08-25 22:13:29.540580,2316.45,2811,0
6271,2026-08-30 02:28:29.545764,1696.27,7952,0
1505,2026-08-29 08:44:29.530440,617.34,4284,0
3112,2026-08-29 16:04:29.535644,1400.85,8487,0
6529,2026-08-26 23:43:29.546605,1776.9,1620,0
4542,2026-08-28 05:00:29.540234,2315.65,4760,0
8220,2026-08-27 12:57:29.552388,630.87,3500,0
2925,2026-08-28 21:33:29.535038,2596.08,7624,0
4892,2026-08-29 05:40:29.541347,3900.57,6816,0
6434,2026-08-30 11:03:29.546300,2113.92,2435,0
4112,2026-08-30 15:52:29.538845,3649.46,1345,0
5696,2026-08-31 11:33:29.543934,1682.88,8239,0
2366,2026-08-26 14:56:29.533229,3262.52,8713,0
470,2026-08-29 15:08:29.527079,4755.19,2970,0
6273,2026-09-01 00:48:29.545771,884.06,6161,0
6256,2026-08-26 14:32:29.545715,3175.8,1323,0
6247,2026-08-28 08:19:29.545687,926.89,2506,0
9361,2026-08-29 12:43:29.556097,2565.79,8813,0
7949,2026-08-29 02:01:29.551521,4504.8,7673,0
7012,2026-08-25 07:02:29.548355,1246.85,5692,0
3644,2026-08-26 17:32:29.537343,4432.28,2717,0
4021,2026-08-25 08:36:29.538559,1062.68,4450,0
528,2026-08-29 01:46:29.527271,641.69,3895,0
3864,2026-08-26 20:34:29.538061,3502.56,8749,0
8377,2026-08-28 02:24:29.552881,3871.39,7300,0
7436,2026-08-31 11:05:29.549787,11.08,5424,0
7818,2026-08-30 11:29:29.551108,2564.52,1279,0
5902,2026-08-25 09:31:29.544589,830.46,3657,0
8549,2026-08-27 01:04:29.553454,257.1,1649,0
10098,2026-09-01 03:45:29.564659,1000.0,10047,1
9924,2026-08-31 00:38:29.557892,2538.97,8602,0
1234,2026-08-25 21:09:29.529560,4035.04,3294,0
7114,2026-08-25 23:45:29.548740,3085.89,1776,0
3667,2026-08-27 01:00:29.537418,3192.47,7498,0
2050,2026-08-31 16:50:29.532194,1066.94,5793,0
4480,2026-08-25 19:07:29.540029,3165.24,7493,0
8224,2026-08-26 07:00:29.552401,618.41,4322,0
7648,2026-08-27 01:22:29.550533,1637.42,7301,0
4310,2026-08-28 03:32:29.539488,2949.08,4952,0
7371,2026-08-28 18:48:29.549584,2953.15,1667,0
6678,2026-08-31 14:59:29.547091,4859.83,6471,0
6044,2026-08-30 00:48:29.545050,4694.23,7086,0
2132,2026-08-31 04:50:29.532452,4428.4,1260,0
7858,2026-08-27 23:57:29.551235,4922.38,3521,0
2820,2026-08-26 21:54:29.534700,4622.14,7279,0
6477,2026-08-28 05:52:29.546439,187.92,1131,0
8530,2026-08-31 19:17:29.553395,2525.63,6658,0
8262,2026-09-01 01:22:29.552520,348.49,5249,0
5582,2026-08-29 00:07:29.543576,910.87,5756,0
7199,2026-08-29 08:55:29.549008,2748.64,7156,0
3153,2026-08-26 04:49:29.535777,2285.52,1358,0
9436,2026-08-26 04:08:29.556335,2071.53,2715,0
7112,2026-09-01 01:09:29.548734,4106.28,5681,0
4775,2026-08-30 09:12:29.540970,4976.48,8649,0
8483,2026-08-28 19:18:29.553249,4839.43,3149,0
9462,2026-08-27 11:26:29.556418,995.52,1809,0
6,2026-08-31 04:29:29.525564,1921.26,8074,0
1283,2026-08-25 15:41:29.529719,296.95,1933,0
458,2026-08-27 20:22:29.527030,2843.53,3900,0
2588,2026-08-31 12:15:29.533936,3734.02,1699,0
704,2026-08-25 12:11:29.527832,4117.27,6622,0
7684,2026-08-25 06:20:29.550646,1493.01,3408,0
82,2026-08-30 15:39:29.525806,400.29,4694,0
7620,2026-08-31 18:57:29.550446,1295.34,8413,0
67,2026-08-31 16:22:29.525759,66.49,2916,0
8752,2026-08-27 03:51:29.554129,1321.45,2259,0
2515,2026-08-30 07:41:29.533700,4145.36,1469,0
1715,2026-08-29 09:48:29.531117,1664.13,5906,0
2256,2026-08-29 06:08:29.532849,662.28,7978,0
4094,2026-08-26 20:39:29.538789,1630.73,7554,0
2374,2026-08-30 02:32:29.533254,3403.72,5204,0
1374,2026-08-25 17:46:29.530006,16.69,4294,0
8851,2026-08-30 20:55:29.554443,417.57,6716,0
6293,2026-08-26 19:55:29.545833,3594.73,8524,0
363,2026-08-28 02:23:29.526730,2174.84,4978,0
752,2026-08-30 21:58:29.527985,1534.39,7625,0
828,2026-08-27 08:59:29.528235,3587.97,1411,0
1620,2026-08-27 07:49:29.530805,3093.43,6608,0
986,2026-08-29 18:35:29.528733,1938.54,6752,0
3312,2026-08-26 04:12:29.536288,3298.25,2230,0
5626,2026-08-31 01:46:29.543713,4300.58,7540,0
10224,2026-09-01 03:45:29.564659,1000.0,10023,1
5535,2026-08-26 23:39:29.543426,4149.11,5833,0
10453,2026-09-01 03:45:29.564659,1000.0,10002,1
8274,2026-08-28 11:39:29.552558,554.87,7983,0
8777,2026-08-26 03:55:29.554207,2852.98,4892,0
5571,2026-08-30 04:00:29.543539,3820.2,1329,0
6598,2026-08-25 15:23:29.546824,1146.83,6627,0
1956,2026-08-27 09:41:29.531882,1274.31,2710,0
3714,2026-08-30 22:24:29.537570,4739.88,8138,0
3608,2026-08-30 16:58:29.537227,3947.02,7351,0
3343,2026-08-26 22:06:29.536385,989.86,1992,0
9704,2026-08-31 18:42:29.557197,1963.85,4918,0
9429,2026-08-29 13:39:29.556313,3943.61,5162,0
6065,2026-08-29 11:42:29.545115,4103.76,3527,0
2194,2026-08-27 11:19:29.532649,2049.61,7529,0
2987,2026-08-26 16:01:29.535245,4053.19,1633,0
3299,2026-09-01 01:21:29.536247,3886.96,8137,0
6845,2026-08-27 05:55:29.547621,1593.93,5885,0
9935,2026-08-26 05:58:29.557927,4504.8,3661,0
7901,2026-08-25 10:17:29.551371,3544.24,1134,0
6370,2026-08-26 18:28:29.546095,3809.89,7350,0
6935,2026-08-29 02:49:29.547933,1525.92,2017,0
6737,2026-08-29 05:11:29.547278,3617.35,5209,0
6703,2026-08-30 04:32:29.547172,1695.75,2947,0
4123,2026-08-30 05:04:29.538880,2389.57,5415,0
7963,2026-08-25 21:47:29.551567,4053.92,4696,0
6309,2026-08-29 17:33:29.545882,1419.15,4318,0
1063,2026-08-29 07:46:29.528980,1626.48,4024,0
8874,2026-08-27 20:47:29.554515,4365.25,4197,0
239,2026-08-30 23:09:29.526338,2143.66,4895,0
8329,2026-08-28 06:37:29.552732,525.46,2770,0
7043,2026-08-28 12:38:29.548516,4913.58,3096,0
7130,2026-08-28 12:31:29.548790,924.72,6590,0
3043,2026-08-28 21:27:29.535425,865.93,3277,0
4039,2026-08-30 05:05:29.538615,1804.25,3290,0
8320,2026-08-27 05:44:29.552704,3337.31,8916,0
8118,2026-08-26 16:09:29.552062,3499.99,3591,0
1809,2026-08-30 07:32:29.531414,1448.01,3258,0
8113,2026-08-25 18:12:29.552037,2799.3,5426,0
7275,2026-08-27 22:08:29.549278,2424.71,8704,0
7571,2026-08-28 02:45:29.550291,3494.18,7879,0
1801,2026-08-27 04:37:29.531389,1682.78,5913,0
4770,2026-08-30 23:41:29.540954,4943.48,1612,0
9903,2026-08-31 21:59:29.557825,2474.58,2114,0
1925,2026-08-26 14:56:29.531782,2419.8,2562,0
5418,2026-08-26 03:00:29.543059,4459.82,2509,0
2737,2026-08-27 06:30:29.534435,4770.87,8129,0
1143,2026-08-31 00:25:29.529272,3963.46,6854,0
5070,2026-08-25 19:14:29.541913,4058.66,1045,0
3631,2026-08-30 14:03:29.537302,3933.74,2100,0
5398,2026-08-26 21:13:29.542984,3699.91,7942,0
390,2026-08-30 13:26:29.526815,1594.19,6309,0
3151,2026-08-28 21:25:29.535771,2905.34,4517,0
1619,2026-08-27 03:52:29.530801,4788.53,5202,0
4337,2026-08-31 18:33:29.539574,4101.21,8783,0
2748,2026-08-31 22:08:29.534470,914.49,6333,0
2537,2026-08-30 18:07:29.533775,462.88,7273,0
2805,2026-08-29 16:02:29.534653,1196.12,6925,0
1638,2026-08-31 20:52:29.530860,4609.29,5716,0
7216,2026-08-28 22:59:29.549095,4641.96,8648,0
9306,2026-08-28 16:05:29.555914,2326.9,4055,0
10204,2026-09-01 03:45:29.564659,1000.0,10003,1
10403,2026-09-01 03:45:29.564659,1000.0,10002,1
4672,2026-08-31 09:44:29.540645,921.72,6323,0
6323,2026-08-26 23:06:29.545926,3175.47,6163,0
76,2026-08-25 16:50:29.525787,2118.3,7785,0
5441,2026-08-30 13:23:29.543130,4507.91,3460,0
7108,2026-08-29 11:01:29.548718,2348.74,2303,0
10413,2026-09-01 03:45:29.564659,1000.0,10012,1
6794,2026-08-28 05:49:29.547461,814.2,6614,0
8800,2026-08-25 23:29:29.554279,505.75,4097,0
4611,2026-08-29 07:29:29.540451,4370.81,4759,0
6791,2026-08-29 13:49:29.547452,1658.45,6897,0
10236,2026-09-01 03:45:29.564659,1000.0,10035,1
10021,2026-09-01 03:45:29.564659,1000.0,10020,1
1326,2026-08-28 08:43:29.529854,1378.81,4946,0
8204,2026-08-31 04:43:29.552335,4068.97,8866,0
8080,2026-08-31 01:18:29.551934,1974.49,8342,0
7443,2026-08-27 10:05:29.549808,3203.7,2350,0
9821,2026-08-28 12:12:29.557565,817.82,2349,0
1195,2026-08-25 15:33:29.529440,3195.93,3635,0
6767,2026-08-27 05:24:29.547372,323.15,8136,0
3869,2026-08-27 07:38:29.538079,1426.09,4236,0
1906,2026-08-31 07:46:29.531723,4904.19,2651,0
3178,2026-08-30 20:41:29.535856,2804.83,5860,0
3269,2026-08-26 04:45:29.536150,2495.09,3325,0
8767,2026-08-28 06:29:29.554176,1086.77,3152,0
4916,2026-08-31 12:49:29.541426,4356.9,5613,0
144,2026-08-26 22:34:29.526003,557.81,5101,0
8553,2026-08-29 15:16:29.553467,2887.52,8688,0
8253,2026-08-29 02:29:29.552491,2956.73,8129,0
9979,2026-08-30 13:37:29.558073,4622.21,2096,0
575,2026-08-26 10:32:29.527420,3291.11,8397,0
5147,2026-08-26 06:58:29.542175,269.93,5883,0
5841,2026-08-28 19:21:29.544398,4054.96,4391,0
1630,2026-08-27 20:01:29.530836,3041.92,5885,0
3361,2026-09-01 03:04:29.536441,1851.43,8606,0
8209,2026-08-26 08:47:29.552351,397.43,3821,0
1912,2026-08-28 02:59:29.531741,4132.63,4359,0
4703,2026-08-27 17:10:29.540742,852.14,5875,0
1654,2026-08-26 05:42:29.530910,4331.19,2397,0
4388,2026-08-27 00:32:29.539734,4289.7,7056,0
977,2026-08-29 02:03:29.528704,58.89,1744,0
1983,2026-08-25 11:07:29.531966,3920.01,6279,0
5829,2026-08-28 00:51:29.544358,737.59,8606,0
5518,2026-08-30 13:57:29.543373,4326.96,6372,0
9087,2026-08-30 15:36:29.555227,4473.09,6818,0
1553,2026-08-30 06:52:29.530592,3512.05,3641,0
6320,2026-08-26 09:27:29.545916,1761.41,3112,0
7196,2026-08-30 03:40:29.548998,3554.88,3041,0
1953,2026-09-01 02:10:29.531872,1475.21,3080,0
285,2026-08-29 00:15:29.526483,4456.69,5814,0
2818,2026-08-30 14:00:29.534694,2542.97,5785,0
10171,2026-09-01 03:45:29.564659,1000.0,10020,1
9765,2026-08-26 11:51:29.557390,3698.48,8188,0
6624,2026-08-25 05:24:29.546912,2109.77,7989,0
2361,2026-08-31 06:54:29.533213,3309.57,5993,0
3949,2026-08-27 16:54:29.538332,1650.99,5360,0
9855,2026-08-30 22:22:29.557673,1971.4,7369,0
4450,2026-08-27 23:54:29.539931,1768.89,5062,0
816,2026-08-29 00:07:29.528196,4766.09,2774,0
9046,2026-08-27 10:52:29.555097,1445.99,5297,0
6602,2026-08-30 09:41:29.546843,3688.82,7065,0
7625,2026-08-31 13:04:29.550461,3746.83,8869,0
9356,2026-08-30 14:34:29.556082,199.42,7211,0
1588,2026-08-25 15:02:29.530705,605.41,3786,0
1964,2026-08-30 12:14:29.531907,174.92,5954,0
7690,2026-09-01 00:56:29.550664,2416.86,7054,0
8337,2026-08-27 04:28:29.552757,796.13,5290,0
8842,2026-08-25 06:39:29.554416,4807.84,8275,0
2217,2026-08-28 19:30:29.532723,4708.33,6233,0
8602,2026-08-26 06:26:29.553624,4769.01,7093,0
7019,2026-09-01 02:01:29.548393,1767.19,2596,0
8480,2026-08-27 11:56:29.553239,1333.16,7493,0
2448,2026-08-28 06:59:29.533488,53.77,8640,0
378,2026-08-25 07:23:29.526777,68.43,4328,0
7582,2026-08-28 18:29:29.550325,1254.34,5248,0
33,2026-08-26 07:19:29.525649,426.28,3650,0
2347,2026-08-27 05:39:29.533166,1251.79,6083,0
6549,2026-08-29 21:37:29.546668,1560.89,3643,0
1815,2026-08-28 06:48:29.531433,1054.93,2517,0
660,2026-08-30 17:27:29.527694,4256.7,7754,0
7005,2026-08-27 12:45:29.548317,3961.66,3073,0
1289,2026-08-26 18:22:29.529738,278.65,5708,0
4946,2026-08-30 05:55:29.541519,383.69,2598,0
10296,2026-09-01 03:45:29.564659,1000.0,10045,1
10067,2026-09-01 03:45:29.564659,1000.0,10016,1
4312,2026-08-30 23:35:29.539494,4120.32,7472,0
2104,2026-08-25 19:48:29.532365,2389.74,2474,0
226,2026-08-28 16:51:29.526297,3501.85,6349,0
5804,2026-08-30 11:04:29.544280,3483.54,6552,0
5814,2026-08-25 16:36:29.544311,2792.98,2190,0
2054,2026-08-30 09:29:29.532207,4906.96,7746,0
4266,2026-08-29 21:21:29.539343,543.86,6140,0
4406,2026-08-30 14:59:29.539794,4339.98,1081,0
7413,2026-08-27 20:45:29.549715,1732.85,3140,0
7546,2026-08-30 19:23:29.550212,3162.02,2550,0
600,2026-08-25 10:15:29.527502,2211.96,6238,0
7033,2026-08-30 17:23:29.548473,3242.12,7299,0
10186,2026-09-01 03:45:29.564659,1000.0,10035,1
5154,2026-08-28 11:27:29.542197,169.86,1489,0
3549,2026-08-25 19:21:29.537034,2942.43,5371,0
1775,2026-08-27 18:34:29.531308,3586.24,7457,0
1037,2026-08-27 07:55:29.528894,4652.17,4070,0
4495,2026-08-28 04:21:29.540085,105.12,2235,0
1641,2026-08-25 06:27:29.530870,3818.18,7178,0
5181,2026-08-28 21:00:29.542290,4100.55,8090,0
4118,2026-08-29 23:03:29.538864,1711.94,7450,0
3358,2026-08-29 04:01:29.536432,3898.18,5341,0
4227,2026-08-27 23:28:29.539222,4800.25,3517,0
1532,2026-08-28 16:30:29.530525,3667.81,5084,0
2231,2026-08-30 11:29:29.532768,975.19,2444,0
3617,2026-08-29 20:09:29.537255,3564.45,4620,0
2065,2026-08-29 22:45:29.532241,1311.4,6343,0
6894,2026-08-28 18:21:29.547775,1029.84,4586,0
484,2026-08-27 08:18:29.527127,4531.16,3228,0
5150,2026-08-31 12:59:29.542184,3099.3,1014,0
8680,2026-08-27 01:43:29.553870,4530.84,7329,0
4466,2026-08-25 12:38:29.539981,4741.26,4327,0
1159,2026-08-30 19:44:29.529322,3533.69,1448,0
3639,2026-08-29 08:40:29.537327,548.51,7571,0
898,2026-08-27 19:30:29.528454,1638.52,7150,0
652,2026-08-30 19:27:29.527669,4614.53,3220,0
128,2026-08-28 08:42:29.525950,2449.24,4240,0
6641,2026-08-25 15:59:29.546967,1368.26,2989,0
8184,2026-08-27 18:23:29.552272,359.38,4220,0
4639,2026-08-26 02:08:29.540538,2473.62,7568,0
9078,2026-08-25 16:15:29.555200,3551.27,7710,0
8763,2026-08-27 06:51:29.554163,589.0,2793,0
4944,2026-08-28 00:27:29.541513,1640.78,6974,0
4309,2026-08-26 15:18:29.539485,1008.02,7910,0
2534,2026-08-29 18:53:29.533765,3066.14,1614,0
10139,2026-09-01 03:45:29.564659,1000.0,10038,1
9489,2026-08-29 10:36:29.556502,1223.56,8784,0
3273,2026-08-31 14:25:29.536163,448.79,3765,0
5026,2026-08-29 11:57:29.541773,4938.45,7736,0
9332,2026-08-31 17:19:29.555997,1024.48,3671,0
10424,2026-09-01 03:45:29.564659,1000.0,10023,1
4992,2026-08-27 18:27:29.541666,568.74,4254,0
1161,2026-08-29 17:28:29.529331,3922.26,6259,0
4648,2026-08-27 18:33:29.540571,1292.74,7071,0
1258,2026-08-25 13:46:29.529638,3859.41,2889,0
7341,2026-08-31 04:50:29.549486,4894.8,6217,0
8698,2026-08-30 12:06:29.553926,934.84,5733,0
7795,2026-08-30 22:13:29.551003,1593.39,3130,0
1968,2026-08-30 14:22:29.531919,1450.7,1856,0
188,2026-08-26 12:27:29.526178,1721.36,4046,0
9059,2026-08-26 12:56:29.555137,426.76,5331,0
6231,2026-08-28 14:19:29.545638,1474.06,4032,0
8081,2026-08-31 08:48:29.551937,33.04,8236,0
1082,2026-08-30 20:42:29.529063,145.47,2415,0
4563,2026-08-29 12:15:29.540301,2849.3,6465,0
2750,2026-08-29 10:39:29.534476,3022.3,2189,0
4427,2026-08-25 11:31:29.539859,3492.42,1840,0
2485,2026-08-26 03:39:29.533605,1612.04,3970,0
6796,2026-08-29 12:26:29.547467,849.85,6055,0
2484,2026-08-25 14:17:29.533602,1161.55,1842,0
7195,2026-08-30 11:30:29.548995,511.5,8752,0
5848,2026-08-31 09:36:29.544420,4815.02,1953,0
3739,2026-08-28 19:42:29.537648,4583.44,6286,0
4218,2026-09-01 02:44:29.539191,3898.5,7927,0
9805,2026-08-28 00:06:29.557515,3877.02,5969,0
6824,2026-08-28 12:39:29.547555,2531.39,6553,0
9560,2026-08-27 17:13:29.556730,3151.2,5539,0
9732,2026-08-25 05:31:29.557285,2433.69,1432,0
10486,2026-09-01 03:45:29.564659,1000.0,10035,1
2739,2026-08-30 08:44:29.534441,3640.66,4959,0
7985,2026-08-27 20:41:29.551636,2667.38,2817,0
3134,2026-08-28 14:59:29.535716,4754.09,3157,0
9826,2026-08-30 17:08:29.557581,3484.05,2538,0
4898,2026-08-30 20:59:29.541366,4493.13,5166,0
5889,2026-08-28 16:14:29.544549,4943.94,8110,0
5290,2026-08-25 11:26:29.542644,4426.29,7827,0
6870,2026-08-25 07:59:29.547701,591.19,8645,0
7103,2026-08-30 02:13:29.548702,345.81,6124,0
1199,2026-08-25 21:35:29.529452,4674.22,7765,0
9830,2026-08-30 13:49:29.557596,2130.76,8202,0
6865,2026-08-31 12:36:29.547685,3336.12,6414,0
5554,2026-08-29 11:59:29.543486,1842.18,7551,0
1115,2026-08-29 07:08:29.529184,2380.33,8974,0
1933,2026-08-26 17:53:29.531810,12.68,6434,0
892,2026-08-25 09:34:29.528435,1915.49,8598,0
6507,2026-08-30 22:44:29.546532,933.95,3180,0
3509,2026-08-25 11:18:29.536907,4961.73,1482,0
3190,2026-08-28 21:29:29.535893,1067.28,2329,0
4104,2026-08-29 15:10:29.538821,4653.17,3671,0
9517,2026-08-30 10:06:29.556595,3596.97,3426,0
9697,2026-08-30 14:45:29.557174,3647.03,2512,0
7232,2026-08-27 19:43:29.549144,1521.95,1245,0
5305,2026-08-29 07:57:29.542691,3065.11,6778,0
3088,2026-08-30 18:23:29.535570,4027.96,3160,0
4693,2026-08-31 20:05:29.540711,327.26,4591,0
5214,2026-08-29 18:50:29.542393,1081.1,2138,0
6993,2026-08-30 17:28:29.548251,3529.48,4603,0
4856,2026-08-29 22:23:29.541235,156.67,2979,0
8413,2026-08-31 03:12:29.553008,4712.65,6911,0
7343,2026-08-31 17:55:29.549493,1178.63,6306,0
8770,2026-08-29 19:12:29.554185,2823.61,8201,0
9856,2026-08-25 11:44:29.557676,131.76,8309,0
7167,2026-08-31 14:49:29.548906,3320.81,5243,0
7451,2026-08-27 08:53:29.549836,4355.97,2875,0
2849,2026-08-30 19:30:29.534794,568.11,2412,0
6946,2026-08-27 00:08:29.547976,1797.02,1627,0
6908,2026-08-28 13:45:29.547819,3820.03,1622,0
7034,2026-08-30 03:07:29.548478,3194.43,7103,0
7185,2026-08-28 19:37:29.548961,4349.34,2694,0
3295,2026-08-26 09:38:29.536235,1972.41,6942,0
6160,2026-08-27 07:56:29.545414,619.32,4064,0
9650,2026-08-26 00:32:29.557015,4215.73,6591,0
2294,2026-08-25 19:22:29.532970,1681.11,6371,0
2127,2026-08-27 06:36:29.532437,1597.17,1480,0
3803,2026-08-25 11:42:29.537852,1220.04,6200,0
3077,2026-08-28 15:51:29.535535,1964.92,2332,0
1579,2026-08-30 02:10:29.530672,2429.32,2353,0
8156,2026-08-26 12:36:29.552184,4543.76,7873,0
5884,2026-08-27 23:32:29.544531,1394.04,6030,0
8356,2026-08-26 00:52:29.552816,3902.56,2592,0
1957,2026-08-29 15:53:29.531885,4417.79,4295,0
576,2026-08-27 10:57:29.527424,718.26,6421,0
9176,2026-08-29 01:17:29.555506,2019.6,2770,0
1812,2026-09-01 03:21:29.531424,2902.04,7332,0
10383,2026-09-01 03:45:29.564659,1000.0,10032,1
1894,2026-08-29 07:34:29.531685,3892.68,2064,0
9161,2026-08-26 02:34:29.555460,1671.71,4575,0
4430,2026-08-30 01:17:29.539869,1780.83,4820,0
8689,2026-08-26 07:07:29.553898,3026.15,6183,0
9426,2026-08-25 09:25:29.556304,4809.76,1678,0
2487,2026-08-27 15:50:29.533612,2006.7,8264,0
3773,2026-08-28 21:59:29.537755,1999.89,1634,0
1589,2026-08-28 21:28:29.530708,769.26,8590,0
3282,2026-08-29 11:55:29.536191,2603.25,4146,0
3699,2026-08-30 23:26:29.537520,176.9,1682,0
7496,2026-08-29 02:58:29.549981,4490.5,7840,0
746,2026-08-27 15:59:29.527966,1369.31,4873,0
3709,2026-08-28 07:20:29.537552,2507.18,8754,0
1508,2026-08-28 16:19:29.530450,2611.53,3542,0
2653,2026-08-31 20:27:29.534168,3014.12,5333,0
6184,2026-08-26 01:36:29.545491,3637.15,5916,0
5256,2026-08-26 07:48:29.542538,2486.38,7427,0
8189,2026-08-29 03:27:29.552288,1389.97,8859,0
5986,2026-08-27 09:37:29.544857,3286.48,5916,0
6612,2026-08-26 22:10:29.546874,3517.19,1690,0
3575,2026-08-30 09:31:29.537125,1986.44,1406,0
2619,2026-08-27 02:21:29.534037,2720.37,3563,0
1717,2026-08-31 02:13:29.531123,3544.97,4601,0
10074,2026-09-01 03:45:29.564659,1000.0,10023,1
3012,2026-08-26 09:20:29.535323,3911.59,1376,0
8283,2026-08-29 22:57:29.552587,2915.45,2433,0
6652,2026-08-25 18:11:29.547001,339.35,5980,0
1015,2026-08-25 15:46:29.528826,4563.67,5819,0
9843,2026-08-30 14:47:29.557636,3330.9,6495,0
9605,2026-08-27 20:30:29.556874,2974.71,8077,0
468,2026-08-26 13:19:29.527073,2504.41,6549,0
1735,2026-08-25 20:49:29.531179,4486.74,5477,0
5224,2026-08-25 11:59:29.542425,4127.48,4924,0
9047,2026-08-28 02:37:29.555100,3122.77,5730,0
3603,2026-08-28 20:30:29.537212,3167.42,5603,0
10145,2026-09-01 03:45:29.564659,1000.0,10044,1
4054,2026-08-27 11:54:29.538664,4810.23,8819,0
7304,2026-08-30 19:57:29.549371,272.7,3935,0
8135,2026-08-26 05:33:29.552119,2827.08,8211,0
7543,2026-08-25 13:43:29.550203,2675.12,7160,0
7979,2026-08-26 01:15:29.551617,4027.67,2964,0
3108,2026-08-27 21:59:29.535632,4031.13,1436,0
7263,2026-08-27 10:13:29.549241,1019.21,7808,0
6553,2026-08-29 16:51:29.546681,4889.86,6180,0
5762,2026-08-27 14:39:29.544150,4677.0,4066,0
3403,2026-08-31 09:21:29.536574,256.15,1749,0
4007,2026-08-31 07:15:29.538515,4020.12,8021,0
2253,2026-08-31 15:34:29.532839,3832.28,7794,0
2937,2026-08-26 18:24:29.535086,1430.38,5429,0
6297,2026-08-27 23:46:29.545845,3364.56,6302,0
9079,2026-08-26 08:59:29.555203,991.0,3354,0
2303,2026-08-26 14:52:29.532999,2844.54,1553,0
7727,2026-08-27 03:42:29.550786,2880.08,3269,0
3752,2026-08-29 11:13:29.537689,613.27,1477,0
10407,2026-09-01 03:45:29.564659,1000.0,10006,1
1264,2026-08-26 01:33:29.529657,3882.96,6386,0
9940,2026-08-26 23:55:29.557943,4981.71,1718,0
5681,2026-08-29 21:07:29.543886,4271.79,5070,0
8195,2026-08-27 04:28:29.552307,1085.14,3197,0
10384,2026-09-01 03:45:29.564659,1000.0,10033,1
3404,2026-08-25 12:34:29.536578,343.68,4785,0
8952,2026-08-28 20:11:29.554762,2386.45,3361,0
2714,2026-08-28 03:06:29.534362,817.39,2537,0
9964,2026-08-26 14:04:29.558018,4830.54,4609,0
5322,2026-08-28 08:43:29.542744,2823.13,7843,0
9623,2026-08-29 15:05:29.556930,1822.66,3471,0
3284,2026-08-30 01:35:29.536197,2862.38,5609,0
1831,2026-08-30 08:43:29.531483,4724.45,5166,0
4229,2026-08-28 14:00:29.539228,459.15,4486,0
7342,2026-08-25 13:39:29.549489,273.63,4123,0
9293,2026-08-26 05:37:29.555873,1283.18,5496,0
6188,2026-08-26 04:24:29.545503,813.55,5657,0
3601,2026-08-29 13:04:29.537205,1365.51,4462,0
5301,2026-08-29 06:52:29.542679,911.75,3345,0
10361,2026-09-01 03:45:29.564659,1000.0,10010,1
1928,2026-08-28 03:39:29.531794,4654.52,8409,0
4736,2026-08-29 20:45:29.540848,3213.6,5222,0
72,2026-08-27 18:06:29.525775,1171.29,1033,0
5213,2026-08-26 18:06:29.542390,1787.28,3808,0
3605,2026-08-27 02:46:29.537218,2485.2,5048,0
5654,2026-08-26 11:22:29.543800,3809.15,4798,0
137,2026-08-28 14:51:29.525978,3498.63,5288,0
3733,2026-08-31 17:44:29.537629,2083.02,6074,0
8089,2026-08-27 13:49:29.551962,858.93,1882,0
2882,2026-08-29 18:45:29.534899,4523.3,3145,0
7719,2026-08-26 22:56:29.550759,897.66,4756,0
8548,2026-08-25 21:13:29.553451,545.57,2053,0
3813,2026-08-29 00:40:29.537883,3221.4,8027,0
9344,2026-08-30 18:39:29.556035,4146.19,4133,0
10210,2026-09-01 03:45:29.564659,1000.0,10009,1
5299,2026-08-27 23:19:29.542672,4998.24,5461,0
2013,2026-08-28 07:08:29.532072,2213.0,8434,0
5425,2026-08-27 10:37:29.543080,4763.08,1567,0
3429,2026-08-25 23:48:29.536655,1464.67,1499,0
4689,2026-08-26 23:19:29.540698,1864.58,2516,0
5565,2026-08-28 19:37:29.543520,2342.42,7016,0
8151,2026-08-25 08:54:29.552169,1437.64,5201,0
5482,2026-08-26 07:30:29.543259,3620.19,1870,0
7444,2026-08-29 08:53:29.549811,1560.33,6438,0
4410,2026-08-26 22:41:29.539806,2008.72,2351,0
2548,2026-08-29 04:39:29.533809,440.68,6348,0
4646,2026-08-30 21:06:29.540565,1674.17,8898,0
7219,2026-08-29 11:36:29.549104,4459.35,7302,0
8038,2026-08-29 03:09:29.551800,4912.78,6146,0
4917,2026-08-25 06:12:29.541429,4362.04,4917,0
6393,2026-08-29 01:57:29.546167,516.37,1851,0
7239,2026-09-01 03:21:29.549166,4148.98,5037,0
9473,2026-08-30 03:26:29.556452,4632.42,8199,0
8868,2026-08-28 04:05:29.554496,2621.58,7286,0
4966,2026-09-01 02:35:29.541582,827.38,3900,0
3541,2026-08-29 18:38:29.537009,507.83,1704,0
3055,2026-08-26 16:15:29.535464,733.82,6742,0
3758,2026-08-31 00:25:29.537708,710.01,1378,0
7074,2026-08-31 16:55:29.548613,1111.64,8897,0
9579,2026-08-26 07:19:29.556793,81.62,4540,0
6819,2026-08-27 01:30:29.547539,3824.93,6215,0
3258,2026-08-25 06:57:29.536116,63.18,5374,0
3184,2026-08-28 07:03:29.535874,1981.97,2614,0
8045,2026-08-26 07:35:29.551822,4093.83,6086,0
2831,2026-08-29 08:29:29.534738,870.12,3455,0
8352,2026-08-31 18:10:29.552804,2513.85,3735,0
6384,2026-08-31 16:06:29.546139,905.32,7579,0
4300,2026-08-30 14:04:29.539449,3658.37,6988,0
446,2026-08-26 04:13:29.526992,4424.13,3137,0
3704,2026-08-26 16:46:29.537536,3636.2,5487,0
5807,2026-08-30 05:10:29.544290,1389.94,3432,0
6113,2026-08-27 20:01:29.545268,999.37,2457,0
3630,2026-08-27 08:54:29.537299,3794.48,6882,0
5235,2026-08-27 10:05:29.542465,2867.49,4629,0
4858,2026-08-28 13:27:29.541241,4491.69,3884,0
1404,2026-08-31 08:50:29.530121,2057.38,6075,0
601,2026-08-31 16:50:29.527505,2784.43,8528,0
3228,2026-08-25 06:13:29.536014,2880.48,8391,0
4103,2026-08-26 16:03:29.538817,4051.65,8774,0
6702,2026-08-26 10:05:29.547169,1645.89,8286,0
7581,2026-08-28 21:32:29.550322,209.9,1689,0
3265,2026-08-25 19:18:29.536138,4717.27,8721,0
2603,2026-08-25 13:54:29.533983,4707.03,3747,0
5778,2026-08-29 03:46:29.544200,1160.47,4483,0
5875,2026-08-30 19:23:29.544503,319.89,1295,0
5310,2026-08-31 19:32:29.542706,497.99,5554,0
7174,2026-08-31 21:37:29.548927,2244.78,4187,0
6172,2026-08-30 15:02:29.545451,2060.54,2738,0
5665,2026-08-27 16:46:29.543834,4119.04,8374,0
6363,2026-08-29 03:56:29.546073,2665.48,6392,0
3792,2026-08-30 05:25:29.537815,2933.75,2624,0
6011,2026-08-28 20:48:29.544939,4742.06,2453,0
5740,2026-08-27 15:10:29.544079,1675.74,4467,0
5857,2026-09-01 00:29:29.544447,4801.8,2807,0
3378,2026-08-28 11:40:29.536497,4080.36,5548,0
3590,2026-08-26 20:47:29.537171,2720.07,7437,0
5178,2026-08-26 21:40:29.542280,1206.29,8910,0
6582,2026-08-25 16:10:29.546774,3575.9,8690,0
1007,2026-08-30 11:20:29.528801,883.9,8577,0
3692,2026-08-29 21:49:29.537498,2341.67,3460,0
1657,2026-08-30 09:33:29.530919,2178.13,8308,0
9509,2026-08-26 05:18:29.556570,3634.42,7477,0
1280,2026-08-28 14:52:29.529710,2686.13,6067,0
5483,2026-08-27 11:26:29.543262,2379.03,1153,0
10120,2026-09-01 03:45:29.564659,1000.0,10019,1
855,2026-08-27 08:27:29.528319,426.15,7770,0
8005,2026-08-29 15:58:29.551698,4723.39,2116,0
1670,2026-08-31 04:38:29.530963,4764.4,6110,0
3794,2026-08-30 17:24:29.537821,3919.43,4259,0
6848,2026-08-30 06:22:29.547630,2402.55,4362,0
5838,2026-08-29 19:34:29.544388,2206.88,8252,0
3417,2026-08-28 00:12:29.536618,3459.11,3773,0
5442,2026-08-27 16:54:29.543133,3629.13,1574,0
6809,2026-08-25 07:01:29.547508,1238.21,7124,0
7806,2026-08-31 00:30:29.551037,1882.37,5160,0
5545,2026-08-29 19:24:29.543458,1615.0,7882,0
8991,2026-08-26 07:06:29.554887,2576.42,6382,0
8625,2026-08-28 18:22:29.553696,2584.22,8301,0
8355,2026-08-25 07:31:29.552813,844.25,1513,0
8757,2026-08-31 10:02:29.554144,2343.53,1971,0
4728,2026-08-30 12:05:29.540820,20.57,4599,0
4872,2026-08-25 06:38:29.541284,1932.36,6758,0
1593,2026-08-25 06:49:29.530721,3645.85,4966,0
5125,2026-08-30 04:21:29.542106,1256.39,7646,0
8055,2026-08-30 13:27:29.551856,1181.52,3339,0
1845,2026-08-28 05:20:29.531530,4103.22,8191,0
9363,2026-08-31 12:14:29.556104,3421.28,5445,0
4262,2026-08-27 18:15:29.539331,4125.9,8869,0
4238,2026-08-31 02:53:29.539256,752.39,7250,0
2648,2026-08-26 13:30:29.534152,295.93,2982,0
6709,2026-08-28 14:58:29.547191,2926.49,5387,0
5970,2026-08-27 10:16:29.544807,201.03,4097,0
2168,2026-08-30 15:06:29.532565,79.29,6218,0
5763,2026-08-30 08:50:29.544153,2694.81,4727,0
6936,2026-08-25 18:12:29.547939,2698.25,2757,0
9286,2026-08-30 03:15:29.555851,2891.83,1097,0
7846,2026-08-28 03:38:29.551197,3403.65,7655,0
3359,2026-08-27 01:02:29.536435,3104.88,7436,0
2048,2026-08-28 00:28:29.532188,3084.72,8220,0
2375,2026-08-27 02:42:29.533257,2595.26,3759,0
1180,2026-08-25 19:10:29.529393,3908.3,8940,0
3010,2026-08-27 08:33:29.535317,2466.42,3822,0
7991,2026-08-26 09:12:29.551654,3883.89,4586,0
7796,2026-09-01 00:15:29.551006,4801.58,4833,0
5417,2026-08-28 23:27:29.543056,4118.91,2369,0
7838,2026-08-25 22:19:29.551170,1087.3,3574,0
2315,2026-08-29 13:57:29.533036,4939.04,3686,0
8515,2026-08-29 08:52:29.553348,3949.96,5395,0
4961,2026-08-26 09:37:29.541566,2364.22,5883,0
6285,2026-08-26 10:29:29.545808,1508.73,8861,0
6176,2026-08-29 12:25:29.545466,2246.46,6530,0
5934,2026-08-29 06:29:29.544691,2958.18,8337,0
5185,2026-08-29 21:39:29.542302,2406.04,1714,0
2772,2026-08-27 02:19:29.534547,1413.35,4436,0
1076,2026-08-29 00:08:29.529023,591.02,6932,0
4913,2026-08-26 04:35:29.541416,3673.51,5554,0
6928,2026-08-31 04:54:29.547898,4516.74,7395,0
8423,2026-08-29 00:03:29.553056,4943.27,2154,0
3870,2026-08-31 04:20:29.538082,4827.32,5507,0
5410,2026-08-30 16:48:29.543025,289.71,5982,0
1467,2026-08-27 08:38:29.530319,1502.71,2797,0
1699,2026-08-28 00:25:29.531067,3286.52,7168,0
3636,2026-08-26 05:01:29.537317,2507.83,7048,0
8254,2026-08-27 02:02:29.552495,4968.7,7026,0
3198,2026-08-29 03:57:29.535918,1843.13,5102,0
8131,2026-08-30 13:40:29.552106,4039.78,5296,0
2692,2026-08-29 09:25:29.534293,3514.75,6712,0
7168,2026-08-29 10:42:29.548909,1789.17,7123,0
8973,2026-08-29 11:49:29.554829,775.9,2320,0
7578,2026-08-27 18:37:29.550313,576.83,7136,0
8306,2026-08-25 05:27:29.552661,279.07,6240,0
1766,2026-08-31 02:04:29.531279,2244.82,8294,0
8926,2026-08-28 08:39:29.554679,1928.36,4026,0
8858,2026-09-01 01:54:29.554465,351.16,2911,0
289,2026-08-30 22:58:29.526495,4496.68,4980,0
1028,2026-08-30 23:27:29.528866,4328.4,7480,0
3377,2026-08-29 21:57:29.536494,3940.5,7205,0
1788,2026-08-29 12:50:29.531348,411.41,2241,0
7294,2026-08-28 10:36:29.549340,3190.79,8940,0
9750,2026-08-29 16:41:29.557343,2984.08,4867,0
4171,2026-08-26 03:35:29.539034,1103.03,8189,0
8148,2026-08-29 09:56:29.552159,550.03,8532,0
74,2026-08-30 06:21:29.525781,1531.08,3182,0
7973,2026-08-25 08:15:29.551598,455.68,2037,0
118,2026-08-29 10:10:29.525919,474.38,8028,0
8157,2026-08-29 23:43:29.552188,1389.99,7092,0
247,2026-09-01 03:26:29.526363,1334.64,7426,0
1940,2026-08-28 20:06:29.531832,737.0,6968,0
1944,2026-08-29 16:15:29.531844,3332.51,5771,0
6884,2026-08-31 08:29:29.547744,1387.46,8610,0
9870,2026-08-25 23:06:29.557722,2079.2,7127,0
9032,2026-08-29 14:24:29.555017,188.76,8094,0
6934,2026-08-26 03:24:29.547928,1539.92,1523,0
9413,2026-08-28 23:50:29.556263,2814.69,5000,0
3423,2026-08-31 04:01:29.536637,1083.76,7260,0
7882,2026-08-31 09:23:29.551312,372.6,5374,0
7857,2026-08-28 04:48:29.551232,298.21,5526,0
5112,2026-08-27 17:21:29.542063,351.43,3597,0
6207,2026-08-27 03:13:29.545563,3837.35,2777,0
2565,2026-08-28 16:07:29.533865,4496.58,2269,0
1689,2026-08-30 10:21:29.531022,115.19,3957,0
4911,2026-08-31 04:26:29.541410,879.46,4040,0
8733,2026-09-01 00:28:29.554069,1735.34,3007,0
10165,2026-09-01 03:45:29.564659,1000.0,10014,1
6543,2026-09-01 02:10:29.546649,4104.84,1560,0
2440,2026-08-30 05:05:29.533463,3988.18,4414,0
2654,2026-08-27 10:57:29.534171,3440.3,2524,0
3216,2026-08-28 19:24:29.535976,2439.1,7554,0
5380,2026-08-26 00:30:29.542928,3501.89,3532,0
6033,2026-08-27 05:38:29.545007,104.33,6334,0
4529,2026-08-30 04:46:29.540194,1448.95,1806,0
9315,2026-08-30 15:10:29.555942,2393.95,2083,0
8650,2026-08-26 04:54:29.553776,1343.74,7167,0
9601,2026-08-26 16:32:29.556862,2073.23,2103,0
7639,2026-08-27 17:07:29.550505,4774.83,5159,0
1932,2026-08-29 21:23:29.531807,3340.31,8270,0
3009,2026-08-26 17:13:29.535314,1940.21,1126,0
6269,2026-08-26 17:45:29.545758,2818.88,8604,0
7948,2026-08-25 12:33:29.551518,1522.39,2412,0
3044,2026-08-29 01:56:29.535428,2140.8,1230,0
6881,2026-08-29 18:10:29.547735,2965.92,8699,0
5199,2026-08-28 16:42:29.542346,2042.51,3427,0
2205,2026-08-25 22:11:29.532683,3407.89,3298,0
4552,2026-08-30 23:47:29.540265,799.04,3886,0
3925,2026-08-28 08:48:29.538257,424.57,4105,0
7096,2026-08-26 03:24:29.548681,2116.79,2425,0
5513,2026-08-27 14:25:29.543357,146.26,7922,0
9296,2026-08-30 08:28:29.555883,4046.37,8035,0
7989,2026-08-26 09:54:29.551648,4260.52,8673,0
1070,2026-08-27 06:33:29.529001,1211.18,7030,0
10466,2026-09-01 03:45:29.564659,1000.0,10015,1
5660,2026-08-26 01:25:29.543819,118.92,8593,0
7037,2026-08-25 22:03:29.548496,179.33,6871,0
9802,2026-08-29 22:47:29.557506,905.19,8247,0
6570,2026-08-26 22:17:29.546735,4273.3,3015,0
3065,2026-08-26 00:57:29.535497,1397.03,1118,0
5845,2026-08-27 03:49:29.544410,1136.79,4173,0
3149,2026-08-31 02:57:29.535765,3199.65,4435,0
5745,2026-08-28 06:59:29.544095,4788.37,1250,0
8181,2026-08-30 19:17:29.552263,3188.6,6393,0
9908,2026-08-27 17:10:29.557840,4274.29,6430,0
4972,2026-08-27 01:57:29.541600,3753.78,6416,0
6296,2026-08-27 20:08:29.545842,3058.57,2820,0
3356,2026-08-29 12:54:29.536426,3967.6,8811,0
2359,2026-08-25 06:58:29.533207,1532.59,2184,0
8866,2026-08-27 19:27:29.554490,1262.74,7518,0
9358,2026-08-25 06:40:29.556088,389.86,8203,0
5628,2026-08-27 11:46:29.543719,3707.94,4420,0
1249,2026-08-27 19:08:29.529610,423.72,2056,0
7335,2026-08-29 12:26:29.549468,3343.85,3760,0
10342,2026-09-01 03:45:29.564659,1000.0,10041,1
5876,2026-08-28 11:16:29.544506,30.14,8548,0
6365,2026-08-31 07:55:29.546079,188.11,1519,0
2073,2026-08-27 06:53:29.532266,1285.83,7275,0
5639,2026-08-31 00:25:29.543753,2291.86,4411,0
5823,2026-08-29 10:14:29.544339,4733.58,2258,0
6039,2026-08-27 04:04:29.545025,2468.29,5978,0
8398,2026-08-26 19:39:29.552962,4365.97,5242,0
7222,2026-08-28 04:47:29.549113,1519.29,2811,0
3672,2026-08-29 16:38:29.537435,4796.06,1075,0
1990,2026-08-27 11:53:29.531988,120.93,5832,0
1523,2026-08-30 09:45:29.530497,1699.01,5908,0
7548,2026-08-26 05:08:29.550218,2127.21,5274,0
3983,2026-08-31 17:22:29.538440,2022.41,6299,0
6963,2026-08-28 04:23:29.548085,1290.86,7255,0
9013,2026-08-29 23:23:29.554956,2112.44,3737,0
1785,2026-08-25 23:45:29.531339,3595.04,4439,0
4510,2026-08-31 15:58:29.540132,2433.43,8775,0
2107,2026-08-30 01:47:29.532374,1047.63,8042,0
6453,2026-08-28 10:37:29.546363,3837.1,7777,0
7801,2026-08-31 17:04:29.551021,2923.38,4298,0
1414,2026-08-28 04:59:29.530152,2361.4,5010,0
2916,2026-08-29 01:37:29.535008,1560.17,8489,0
1227,2026-08-28 23:16:29.529539,156.59,3430,0
9228,2026-08-29 10:37:29.555669,4654.43,5786,0
2471,2026-08-27 20:09:29.533561,1972.36,2634,0
1223,2026-08-29 00:10:29.529526,2510.78,2882,0
1142,2026-08-25 07:46:29.529269,3507.63,8055,0
2759,2026-08-31 01:55:29.534505,4224.76,8858,0
4681,2026-08-28 10:59:29.540674,3426.74,4723,0
4096,2026-08-29 15:55:29.538796,1847.89,8448,0
3967,2026-08-29 11:23:29.538390,291.6,3542,0
679,2026-08-31 10:57:29.527754,2285.99,7893,0
1522,2026-08-29 04:40:29.530494,3384.1,8613,0
7528,2026-08-29 16:13:29.550148,1473.52,6578,0
3658,2026-08-31 08:35:29.537386,3791.51,5028,0
9727,2026-08-27 11:18:29.557269,2323.16,3903,0
4833,2026-08-30 02:39:29.541163,68.3,4645,0
2896,2026-08-25 11:38:29.534945,4163.04,6545,0
4555,2026-09-01 02:20:29.540274,4519.2,2898,0
2879,2026-08-31 09:54:29.534890,3359.57,5961,0
2632,2026-08-28 16:49:29.534102,3110.42,1924,0
8959,2026-08-29 18:19:29.554784,3329.81,5180,0
9901,2026-08-31 23:56:29.557818,4577.92,2171,0
10337,2026-09-01 03:45:29.564659,1000.0,10036,1
3203,2026-08-27 05:39:29.535936,3616.17,7707,0
6031,2026-08-27 16:27:29.545000,2698.53,3392,0
8273,2026-08-28 00:09:29.552555,2956.24,8477,0
4564,2026-08-30 13:56:29.540305,3264.22,3415,0
10030,2026-09-01 03:45:29.564659,1000.0,10029,1
10080,2026-09-01 03:45:29.564659,1000.0,10029,1
7136,2026-08-26 17:00:29.548809,4106.54,6192,0
6728,2026-08-27 17:48:29.547250,1605.46,5029,0
6473,2026-08-27 05:24:29.546426,2290.43,2202,0
530,2026-08-25 14:22:29.527277,4958.27,8615,0
1012,2026-08-29 22:18:29.528817,2594.65,5132,0
9211,2026-08-26 14:31:29.555615,1784.82,4447,0
7126,2026-08-28 12:28:29.548778,1265.31,1974,0
1982,2026-08-31 00:35:29.531963,2373.56,7415,0
7101,2026-08-29 23:52:29.548696,4170.35,2195,0
5315,2026-08-26 13:59:29.542722,392.73,3542,0
6096,2026-08-31 01:41:29.545215,912.09,4835,0
5086,2026-08-28 22:49:29.541963,1770.85,5811,0
5434,2026-08-30 09:51:29.543108,3317.8,6558,0
7242,2026-08-26 11:22:29.549175,3268.93,3946,0
6241,2026-08-25 17:20:29.545669,46.9,4694,0
6459,2026-08-30 21:05:29.546382,3288.18,2569,0
3209,2026-08-31 06:34:29.535955,1153.09,3790,0
7527,2026-08-26 06:29:29.550142,1847.63,4229,0
3833,2026-08-28 16:03:29.537945,3267.26,1530,0
2216,2026-08-28 03:57:29.532720,1911.03,2174,0
3886,2026-08-25 20:53:29.538135,1415.69,2654,0
9329,2026-08-31 08:04:29.555988,4957.05,1038,0
4298,2026-08-31 13:33:29.539443,1470.63,8788,0
7486,2026-08-30 16:18:29.549950,4491.82,8202,0
9203,2026-08-26 10:16:29.555590,93.58,7473,0
9236,2026-08-28 19:35:29.555696,2276.43,2061,0
2913,2026-08-26 00:32:29.534999,3165.2,2952,0
7895,2026-08-26 23:28:29.551353,4097.49,1790,0
8119,2026-08-29 02:21:29.552065,319.87,8491,0
10000,2026-09-01 03:45:29.564659,1000.0,9999,1
8831,2026-08-28 08:11:29.554379,441.52,8839,0
5316,2026-08-27 09:32:29.542725,767.63,8738,0
66,2026-08-25 18:53:29.525756,4852.73,3047,0
6360,2026-08-29 05:45:29.546061,3394.08,8633,0
5686,2026-08-31 10:10:29.543902,3654.91,5261,0
3287,2026-08-26 09:40:29.536210,3901.64,2507,0
5920,2026-08-29 09:09:29.544648,445.22,3265,0
4126,2026-08-27 18:43:29.538892,2995.19,4338,0
437,2026-08-31 13:12:29.526964,4815.81,4816,0
8771,2026-08-30 00:20:29.554188,2963.08,3173,0
9698,2026-08-30 13:29:29.557177,1566.14,8828,0
9504,2026-08-29 08:46:29.556554,3320.48,1447,0
5055,2026-08-27 00:08:29.541864,3974.6,4712,0
5289,2026-08-27 02:25:29.542641,3774.95,4764,0
64,2026-08-26 16:30:29.525750,3325.92,8972,0
4708,2026-09-01 03:35:29.540757,4009.04,5837,0
5517,2026-08-30 12:27:29.543370,2371.96,2564,0
2040,2026-08-28 06:58:29.532163,3603.6,7815,0
3325,2026-08-31 15:32:29.536329,2212.35,7860,0
2371,2026-08-28 20:52:29.533244,4556.22,4239,0
7577,2026-08-26 23:02:29.550310,4970.53,5981,0
27,2026-08-30 21:39:29.525630,1579.66,1783,0
1466,2026-08-30 16:56:29.530316,2467.5,2348,0
2190,2026-08-30 14:11:29.532637,2122.08,2582,0
9218,2026-08-30 04:00:29.555637,3129.01,7841,0
9729,2026-08-25 16:39:29.557275,3114.84,2444,0
3062,2026-08-25 09:59:29.535488,1374.33,6797,0
10172,2026-09-01 03:45:29.564659,1000.0,10021,1
1950,2026-08-28 00:20:29.531863,4915.1,7798,0
2023,2026-08-27 07:24:29.532110,1332.06,8717,0
4269,2026-08-26 07:23:29.539352,3417.5,2388,0
3619,2026-08-27 14:56:29.537262,191.69,2373,0
7013,2026-08-30 04:40:29.548361,3855.64,5196,0
7944,2026-08-30 03:17:29.551505,4658.8,6950,0
7773,2026-08-29 09:54:29.550932,3404.76,5059,0
20,2026-08-30 20:24:29.525608,4611.21,7277,0
9124,2026-08-31 11:07:29.555342,585.95,7610,0
1597,2026-08-29 07:44:29.530733,3852.57,3124,0
5323,2026-08-28 09:24:29.542747,290.73,6882,0
1697,2026-08-27 10:06:29.531060,1965.35,7781,0
3125,2026-08-29 10:50:29.535688,1976.82,1503,0
7630,2026-08-30 16:52:29.550477,1292.36,4565,0
4694,2026-08-30 08:11:29.540714,1937.71,6561,0
3622,2026-08-27 12:34:29.537271,2495.31,3730,0
8608,2026-08-29 15:14:29.553642,1711.79,2952,0
4767,2026-08-30 15:03:29.540945,363.05,8584,0
2348,2026-08-26 15:47:29.533169,4137.44,6578,0
2951,2026-08-28 21:28:29.535133,3113.14,6306,0
1030,2026-08-28 05:38:29.528872,2523.71,7450,0
744,2026-08-28 04:40:29.527960,1885.65,8988,0
7997,2026-08-28 11:18:29.551673,1705.87,4749,0
5137,2026-08-25 13:59:29.542143,1491.15,3118,0
4682,2026-08-31 08:52:29.540677,4610.03,7360,0
6772,2026-08-30 04:40:29.547390,1521.03,5414,0
5173,2026-08-29 10:43:29.542265,79.2,4582,0
180,2026-08-31 04:19:29.526153,3315.86,7229,0
3918,2026-08-28 04:45:29.538235,767.69,4962,0
5489,2026-08-29 10:55:29.543281,4355.8,3170,0
1711,2026-08-30 22:04:29.531104,1235.59,4894,0
3673,2026-08-26 14:58:29.537438,4286.81,8148,0
3259,2026-08-30 00:56:29.536119,1342.71,3197,0
9666,2026-08-27 17:42:29.557076,3385.98,1582,0
3686,2026-08-28 08:58:29.537479,4941.29,5213,0
10397,2026-09-01 03:45:29.564659,1000.0,10046,1
324,2026-08-27 20:14:29.526608,3196.35,2431,0
2151,2026-08-30 06:01:29.532512,2452.18,4017,0
4487,2026-08-30 15:00:29.540060,3491.8,4993,0
8708,2026-08-27 06:17:29.553957,3710.34,7526,0
9859,2026-08-27 08:09:29.557688,2365.07,6341,0
7031,2026-08-30 20:27:29.548462,546.7,6389,0
9312,2026-08-25 14:38:29.555933,3692.47,2708,0
6101,2026-08-26 22:48:29.545231,2015.95,8116,0
7784,2026-08-31 10:38:29.550966,125.1,1216,0
10254,2026-09-01 03:45:29.564659,1000.0,10003,1
1493,2026-08-31 00:45:29.530400,1776.79,1158,0
7269,2026-08-29 18:01:29.549259,2031.58,4296,0
4370,2026-08-29 13:58:29.539678,4645.39,4269,0
3193,2026-08-26 00:21:29.535902,4638.01,6739,0
2099,2026-08-29 10:50:29.532349,2399.22,1805,0
62,2026-08-27 01:16:29.525743,3057.21,8489,0
9996,2026-08-31 04:54:29.558126,2924.25,3778,0
5220,2026-08-27 00:28:29.542412,1189.47,1624,0
9954,2026-09-01 03:43:29.557987,3157.62,6886,0
4387,2026-08-26 18:58:29.539731,1322.36,5071,0
4392,2026-08-31 21:46:29.539750,4380.31,4077,0
4304,2026-08-31 18:49:29.539462,858.03,8519,0
1187,2026-08-26 13:00:29.529414,1559.86,3415,0
7853,2026-08-30 03:36:29.551219,4188.61,6759,0
9369,2026-08-25 21:28:29.556122,3399.81,2071,0
7551,2026-08-28 07:11:29.550228,3577.16,5852,0
972,2026-08-27 13:12:29.528688,1954.77,3789,0
9208,2026-08-29 10:56:29.555606,1052.33,4568,0
6569,2026-08-31 13:44:29.546732,618.4,6785,0
778,2026-08-28 02:04:29.528077,1652.13,5254,0
2180,2026-08-29 15:28:29.532606,1118.49,3558,0
5458,2026-08-30 17:00:29.543184,4037.63,8198,0
5487,2026-08-29 06:15:29.543274,1570.16,4043,0
2458,2026-08-27 18:37:29.533519,1716.84,6044,0
7051,2026-08-27 01:10:29.548541,1654.51,6414,0
7894,2026-08-29 08:13:29.551350,4414.32,4685,0
4397,2026-08-29 09:59:29.539765,2580.24,2598,0
8587,2026-08-30 23:14:29.553577,622.74,4843,0
8944,2026-08-31 20:07:29.554737,4695.99,2751,0
6910,2026-08-28 10:29:29.547826,4676.9,5297,0
5816,2026-08-28 01:24:29.544317,4040.03,8561,0
712,2026-08-25 10:00:29.527857,4078.12,2700,0
1483,2026-08-31 16:25:29.530369,349.59,5200,0
3757,2026-08-25 17:21:29.537705,1751.16,4231,0
6843,2026-08-26 01:56:29.547614,46.72,4496,0
8547,2026-08-31 04:39:29.553448,2858.27,5876,0
9094,2026-08-29 10:39:29.555249,3161.31,1634,0
2102,2026-08-26 12:12:29.532359,1443.2,7128,0
5589,2026-08-31 08:51:29.543597,4844.78,2997,0
9435,2026-08-25 08:56:29.556332,3566.67,3905,0
4753,2026-08-29 03:57:29.540901,2750.81,8319,0
3304,2026-08-25 13:46:29.536264,2580.23,5502,0
806,2026-08-29 22:44:29.528164,576.57,7224,0
5406,2026-09-01 00:23:29.543010,4176.25,1943,0
7119,2026-09-01 01:35:29.548756,1440.8,4495,0
8878,2026-08-28 10:22:29.554527,2813.65,7936,0
2000,2026-08-25 07:54:29.532019,4811.82,3004,0
6141,2026-08-30 13:25:29.545355,4262.04,5119,0
1963,2026-08-26 06:05:29.531903,4303.73,2863,0
634,2026-08-31 01:55:29.527608,3836.79,4190,0
1763,2026-08-29 13:49:29.531269,2494.48,3274,0
2974,2026-08-29 21:54:29.535205,4524.5,5643,0
1743,2026-08-28 06:15:29.531204,763.6,3098,0
7718,2026-08-27 19:27:29.550755,4250.09,8124,0
1149,2026-09-01 03:27:29.529291,2313.38,5390,0
8316,2026-08-29 05:53:29.552692,238.0,3776,0
3031,2026-08-28 00:09:29.535386,3131.39,3188,0
1470,2026-08-30 04:24:29.530328,4182.52,6499,0
187,2026-08-30 15:06:29.526175,1571.78,7654,0
6018,2026-08-27 14:06:29.544960,1451.41,8526,0
5868,2026-08-29 02:48:29.544481,3450.87,2744,0
6948,2026-08-31 18:34:29.547992,1457.32,5653,0
939,2026-08-28 18:20:29.528585,2320.51,7289,0
4725,2026-08-27 16:48:29.540810,2783.04,7799,0
8431,2026-08-30 23:00:29.553084,4667.25,6852,0
4562,2026-08-30 00:28:29.540298,3822.35,6363,0
2074,2026-08-31 18:52:29.532269,1949.36,6224,0
10154,2026-09-01 03:45:29.564659,1000.0,10003,1
2900,2026-08-28 09:35:29.534958,4888.28,5374,0
9243,2026-08-28 23:19:29.555718,3780.33,1383,0
5755,2026-08-29 07:02:29.544128,3384.1,5282,0
6564,2026-08-25 19:38:29.546715,3134.15,3000,0
6235,2026-08-29 03:57:29.545650,4665.04,4701,0
9172,2026-08-29 05:53:29.555494,4505.79,3379,0
7730,2026-08-31 14:43:29.550797,3633.69,5541,0
4560,2026-08-29 01:53:29.540292,4661.25,3648,0
767,2026-08-30 03:14:29.528033,3258.2,2362,0
7643,2026-08-26 15:34:29.550517,4790.66,5139,0
1545,2026-08-28 16:31:29.530566,617.74,8545,0
5825,2026-08-26 23:26:29.544346,3708.14,3414,0
8667,2026-08-31 01:34:29.553830,4600.17,4575,0
3159,2026-08-28 08:07:29.535796,2304.37,7403,0
2782,2026-08-31 12:40:29.534581,3652.11,4719,0
6802,2026-08-30 19:46:29.547486,4916.96,5331,0
5931,2026-08-30 13:18:29.544682,2071.67,4664,0
3593,2026-08-25 19:34:29.537181,4563.55,1126,0
4744,2026-08-27 05:16:29.540873,1851.47,4267,0
2842,2026-08-31 13:26:29.534772,3105.17,5196,0
3004,2026-08-31 11:09:29.535298,1884.65,1072,0
8494,2026-08-27 06:30:29.553283,615.82,2761,0
846,2026-08-26 10:26:29.528291,2215.88,5964,0
8075,2026-08-28 10:50:29.551918,2436.19,2170,0
6539,2026-08-25 07:19:29.546637,1306.74,8758,0
9654,2026-08-28 21:33:29.557028,1265.01,1194,0
2135,2026-08-27 04:57:29.532463,3970.95,3352,0
2847,2026-08-26 05:45:29.534787,3416.77,2280,0
3901,2026-08-28 11:43:29.538182,4665.35,7200,0
830,2026-08-25 19:12:29.528242,4480.04,8657,0
7840,2026-08-26 01:34:29.551177,1513.01,8649,0
1067,2026-08-31 07:28:29.528992,3559.85,1370,0
473,2026-08-31 02:20:29.527089,3673.1,6649,0
9848,2026-08-25 07:11:29.557652,4761.09,2207,0
3510,2026-08-27 11:59:29.536910,4168.87,7788,0
6430,2026-08-27 07:45:29.546287,3707.44,4896,0
477,2026-08-30 06:38:29.527102,3801.31,7329,0
6746,2026-08-25 22:57:29.547306,3314.2,2788,0
557,2026-08-31 19:21:29.527361,2875.43,3730,0
5143,2026-08-28 22:22:29.542162,2456.29,3391,0
8934,2026-08-26 11:09:29.554703,4846.47,7171,0
9447,2026-08-31 14:30:29.556369,4951.16,1997,0
100,2026-08-27 10:14:29.525863,3952.08,6057,0
4256,2026-08-28 01:01:29.539312,3568.47,2583,0
1895,2026-08-29 09:13:29.531689,180.56,2849,0
5785,2026-08-29 18:52:29.544222,350.47,1139,0
9053,2026-08-31 20:06:29.555119,4430.23,2795,0
10095,2026-09-01 03:45:29.564659,1000.0,10044,1
1811,2026-08-28 18:57:29.531421,2022.71,8623,0
2432,2026-08-25 14:23:29.533435,3613.3,4488,0
1700,2026-08-26 13:01:29.531070,159.38,4025,0
2667,2026-08-31 04:43:29.534211,99.83,1487,0
6423,2026-08-31 22:41:29.546263,4932.59,7929,0
6748,2026-08-26 19:03:29.547312,906.18,4429,0
2540,2026-08-30 03:14:29.533784,1223.84,6251,0
5753,2026-08-27 08:47:29.544122,334.77,3395,0
5308,2026-08-30 13:52:29.542700,3300.18,6434,0
648,2026-09-01 00:01:29.527653,195.5,1203,0
4331,2026-08-28 09:55:29.539555,230.33,2227,0
2860,2026-08-28 07:52:29.534830,1633.77,6355,0
5919,2026-08-28 19:44:29.544642,3264.84,6849,0
10040,2026-09-01 03:45:29.564659,1000.0,10039,1
7271,2026-08-27 00:13:29.549266,2718.86,5954,0
6814,2026-08-26 20:34:29.547524,4609.15,4572,0
8725,2026-08-29 06:02:29.554010,1426.48,1608,0
8810,2026-08-30 08:10:29.554314,591.65,6499,0
9503,2026-08-25 18:10:29.556551,735.22,3059,0
8150,2026-08-28 04:59:29.552166,4856.42,2773,0
9635,2026-08-27 15:08:29.556967,2014.3,1378,0
2439,2026-08-31 19:27:29.533460,2464.56,2598,0
6217,2026-08-27 18:13:29.545594,3498.04,6802,0
1551,2026-08-25 05:06:29.530585,1548.25,2881,0
6411,2026-08-28 00:31:29.546223,816.37,2022,0
4578,2026-08-25 19:14:29.540348,1051.58,8012,0
3519,2026-08-27 13:05:29.536938,4476.26,1475,0
3123,2026-08-25 06:17:29.535682,1396.1,3460,0
6552,2026-08-31 04:03:29.546678,2707.73,4844,0
138,2026-08-28 21:24:29.525981,3495.83,3750,0
3551,2026-08-27 15:12:29.537050,4413.11,1245,0
10072,2026-09-01 03:45:29.564659,1000.0,10021,1
1582,2026-08-25 16:44:29.530682,1822.66,2761,0
618,2026-08-30 17:45:29.527558,1215.23,1677,0
5227,2026-08-29 21:14:29.542436,3961.31,4311,0
5468,2026-08-29 16:03:29.543215,3288.16,4424,0
3558,2026-08-30 09:38:29.537072,2909.78,6915,0
2033,2026-08-26 12:04:29.532141,697.39,4037,0
1219,2026-08-25 12:13:29.529514,73.21,5362,0
3665,2026-08-28 23:30:29.537411,2328.12,6559,0
5744,2026-08-25 09:20:29.544092,4968.06,2551,0
7054,2026-08-26 04:23:29.548550,4248.42,4173,0
302,2026-08-29 03:33:29.526535,3602.52,8787,0
9607,2026-09-01 02:26:29.556880,4922.32,1387,0
414,2026-08-26 03:27:29.526893,1337.53,2671,0
824,2026-08-29 14:33:29.528223,3771.15,6795,0
4982,2026-08-30 07:57:29.541632,2610.29,3840,0
148,2026-08-29 02:10:29.526015,3599.26,3082,0
3960,2026-08-27 22:51:29.538366,485.73,4379,0
2918,2026-08-31 16:48:29.535014,330.48,6725,0
6632,2026-08-30 06:37:29.546939,3906.26,3856,0
7616,2026-09-01 02:45:29.550431,2935.16,8397,0
8897,2026-08-31 01:50:29.554589,751.88,4164,0
5202,2026-08-30 17:35:29.542355,3972.97,4909,0
6646,2026-08-30 02:14:29.546983,4480.23,4516,0
900,2026-08-31 13:24:29.528460,2891.02,7664,0
4163,2026-08-28 15:29:29.539009,50.07,6270,0
8382,2026-08-28 10:03:29.552897,2481.56,3630,0
6764,2026-08-28 16:08:29.547363,4473.78,7776,0
8085,2026-08-25 07:45:29.551949,65.55,8119,0
3441,2026-08-26 04:59:29.536693,4697.07,4976,0
10160,2026-09-01 03:45:29.564659,1000.0,10009,1
5585,2026-08-30 22:37:29.543585,512.34,3789,0
399,2026-09-01 02:19:29.526846,343.72,5751,0
8692,2026-08-29 11:16:29.553907,607.12,1978,0
7790,2026-08-25 21:34:29.550987,2909.69,6789,0
6833,2026-08-25 23:05:29.547583,1775.77,8852,0
3220,2026-08-29 10:38:29.535989,3436.0,2112,0
4878,2026-08-30 23:15:29.541303,3822.71,8024,0
7649,2026-08-28 10:35:29.550536,338.93,2019,0
5671,2026-08-28 15:37:29.543855,3698.58,1343,0
2257,2026-08-28 01:13:29.532852,219.46,1493,0
7614,2026-08-28 06:28:29.550425,3498.26,7136,0
6001,2026-08-30 18:09:29.544905,4664.64,1114,0
8614,2026-08-25 12:20:29.553661,4778.57,7991,0
8575,2026-08-27 16:27:29.553540,2162.26,4222,0
794,2026-08-29 18:34:29.528127,773.19,2403,0
1850,2026-08-31 00:18:29.531546,2348.79,5076,0
8019,2026-08-28 11:27:29.551741,3182.11,5195,0
8855,2026-08-27 09:51:29.554456,2193.36,8052,0
379,2026-08-31 00:42:29.526780,2427.13,1984,0
6138,2026-08-31 15:39:29.545346,407.42,6626,0
4950,2026-08-28 09:27:29.541532,1644.51,4453,0
8232,2026-08-29 05:12:29.552426,3967.45,3858,0
453,2026-08-27 00:23:29.527014,3637.13,4718,0
4042,2026-08-27 05:38:29.538624,3008.19,2452,0
4581,2026-08-25 23:19:29.540357,4217.02,2454,0
9380,2026-08-29 18:12:29.556156,1413.39,8521,0
2775,2026-08-28 13:41:29.534559,565.75,3974,0
4311,2026-08-28 04:55:29.539491,1164.81,4489,0
9152,2026-08-27 16:32:29.555432,4913.38,7097,0
9785,2026-08-25 07:30:29.557452,4382.6,5237,0
3859,2026-08-29 01:15:29.538026,1371.1,7654,0
8139,2026-08-28 20:47:29.552131,4113.72,7050,0
4902,2026-08-27 12:59:29.541381,3802.67,6357,0
957,2026-08-26 17:48:29.528641,2375.88,4398,0
10113,2026-09-01 03:45:29.564659,1000.0,10012,1
9801,2026-08-26 00:16:29.557503,4503.74,3868,0
10436,2026-09-01 03:45:29.564659,1000.0,10035,1
5644,2026-08-30 10:26:29.543769,1404.21,5567,0
4170,2026-08-28 13:44:29.539031,1506.52,3899,0
831,2026-08-29 08:52:29.528245,1977.28,8041,0
1989,2026-08-25 12:03:29.531985,2132.38,8286,0
5772,2026-08-30 20:48:29.544181,4799.26,5607,0
8994,2026-08-28 12:13:29.554897,2783.58,1538,0
10115,2026-09-01 03:45:29.564659,1000.0,10014,1
8213,2026-08-26 07:26:29.552364,960.85,6954,0
786,2026-08-27 22:15:29.528102,4156.83,7930,0
6131,2026-08-26 04:31:29.545324,3104.01,6105,0
4811,2026-08-28 15:00:29.541091,3791.82,4484,0
6407,2026-08-28 13:14:29.546211,2412.09,2646,0
3923,2026-08-25 09:12:29.538250,2466.67,4941,0
4061,2026-08-31 07:57:29.538686,3875.67,4197,0
7567,2026-08-29 02:52:29.550278,3207.27,7805,0
10248,2026-09-01 03:45:29.564659,1000.0,10047,1
6561,2026-08-27 02:08:29.546705,2065.4,2551,0
2187,2026-08-26 16:01:29.532627,2619.38,2844,0
8407,2026-08-29 04:14:29.552989,813.85,7061,0
5928,2026-08-26 10:28:29.544673,2781.83,2420,0
2928,2026-08-28 00:03:29.535058,1997.61,5372,0
3961,2026-08-28 11:45:29.538369,3470.15,5073,0
3771,2026-08-27 23:22:29.537748,3207.33,5373,0
10429,2026-09-01 03:45:29.564659,1000.0,10028,1
7086,2026-08-30 00:43:29.548650,777.43,6940,0
5959,2026-08-27 09:05:29.544772,695.64,3840,0
2814,2026-08-26 16:46:29.534681,507.68,7829,0
2059,2026-08-30 21:47:29.532222,1617.78,7985,0
2686,2026-08-31 17:29:29.534271,744.28,3365,0
579,2026-08-28 11:56:29.527433,2791.94,1323,0
7811,2026-08-25 15:49:29.551080,3797.57,3879,0
7792,2026-08-27 14:37:29.550993,3386.51,3345,0
2726,2026-08-26 05:27:29.534400,1947.43,8236,0
8521,2026-08-29 14:34:29.553367,888.14,4050,0
1350,2026-08-26 11:28:29.529931,1792.25,6298,0
1102,2026-08-28 18:00:29.529144,2442.66,6651,0
4719,2026-08-28 19:49:29.540792,3517.79,8181,0
259,2026-08-29 06:53:29.526401,2197.54,2342,0
6455,2026-08-27 13:58:29.546370,2077.48,8732,0
1396,2026-08-25 21:13:29.530096,2243.44,3042,0
2197,2026-08-30 20:49:29.532658,3208.53,3514,0
2521,2026-08-29 14:14:29.533724,4293.88,2517,0
5306,2026-08-25 06:25:29.542694,3105.08,6857,0
197,2026-08-28 09:52:29.526206,4754.34,1738,0
4596,2026-08-29 10:55:29.540404,3656.33,6730,0
4420,2026-08-27 04:33:29.539837,289.21,8593,0
7891,2026-08-26 16:27:29.551340,1623.52,8817,0
1017,2026-08-28 10:53:29.528832,2122.6,2184,0
6403,2026-08-25 09:13:29.546198,2762.2,1314,0
3653,2026-08-26 13:37:29.537371,2527.9,3868,0
3718,2026-08-26 13:37:29.537582,3091.72,1390,0
6116,2026-08-26 02:13:29.545277,3066.08,3466,0
9090,2026-08-26 12:08:29.555237,1143.7,2244,0
3724,2026-08-27 17:39:29.537601,4707.61,4025,0
7572,2026-08-29 14:08:29.550294,1645.98,2539,0
796,2026-08-28 10:02:29.528133,3046.72,4711,0
3655,2026-08-31 02:24:29.537377,454.69,5859,0
6838,2026-09-01 01:18:29.547599,3721.84,5681,0
5548,2026-08-28 12:05:29.543467,4632.2,5978,0
3785,2026-08-30 06:27:29.537792,2916.31,3783,0
4612,2026-08-30 07:48:29.540454,402.52,1424,0
2310,2026-08-27 21:17:29.533020,692.55,4929,0
2299,2026-08-28 14:57:29.532986,351.67,8231,0
5094,2026-08-27 17:41:29.541988,2280.87,4788,0
2490,2026-09-01 02:51:29.533621,815.2,3315,0
2949,2026-08-26 06:10:29.535126,1251.13,2591,0
9726,2026-08-27 18:59:29.557266,2012.75,1856,0
8872,2026-08-29 20:32:29.554508,2014.75,1116,0
8341,2026-08-30 18:18:29.552770,4033.35,8381,0
7670,2026-08-30 07:14:29.550602,4484.53,7691,0
9225,2026-08-28 04:26:29.555659,2637.84,2047,0
10349,2026-09-01 03:45:29.564659,1000.0,10048,1
1244,2026-08-25 14:49:29.529591,4930.94,4134,0
2938,2026-08-29 20:22:29.535089,2657.51,6628,0
3567,2026-08-27 09:53:29.537100,3382.19,6180,0
3201,2026-08-25 14:45:29.535930,4321.44,3069,0
4802,2026-08-27 06:25:29.541063,3660.01,3211,0
3094,2026-08-30 00:15:29.535589,3963.61,1192,0
8071,2026-08-27 15:05:29.551906,2247.31,4655,0
7186,2026-09-01 02:37:29.548965,486.41,8918,0
4043,2026-08-25 17:11:29.538628,3415.91,1834,0
8326,2026-08-25 22:48:29.552723,3085.04,2867,0
550,2026-08-31 19:07:29.527339,336.53,3056,0
1539,2026-08-26 01:22:29.530547,3058.09,6452,0
1784,2026-08-28 02:29:29.531336,4217.6,4277,0
1577,2026-08-31 02:48:29.530666,3846.62,7355,0
1710,2026-08-30 11:51:29.531101,963.03,1328,0
2480,2026-08-30 21:41:29.533589,1014.08,1532,0
407,2026-08-25 05:14:29.526871,4982.71,4715,0
9689,2026-08-31 12:17:29.557148,4040.06,7627,0
36,2026-08-29 10:47:29.525658,1176.24,8233,0
1639,2026-08-30 10:23:29.530863,949.39,3645,0
3573,2026-08-30 14:56:29.537119,3137.68,3924,0
2111,2026-08-25 16:13:29.532387,1869.97,5643,0
8321,2026-08-31 08:32:29.552707,2956.2,7875,0
3982,2026-08-28 12:16:29.538437,4581.27,1395,0
8388,2026-08-25 07:20:29.552918,2081.79,6674,0
5835,2026-08-31 15:16:29.544379,3756.29,5595,0
4116,2026-08-25 13:43:29.538858,2221.35,7627,0
4730,2026-08-30 11:32:29.540829,2964.69,4214,0
4153,2026-09-01 03:27:29.538978,2928.63,7817,0
4073,2026-08-25 09:34:29.538724,1824.54,8880,0
7297,2026-08-29 16:10:29.549349,2818.17,1334,0
9303,2026-08-26 18:55:29.555905,3285.57,4437,0
8185,2026-08-30 00:20:29.552275,372.71,4039,0
2640,2026-08-26 10:46:29.534127,1243.77,6453,0
5724,2026-08-29 03:26:29.544021,1780.69,4910,0
2709,2026-08-28 00:35:29.534346,3613.09,3797,0
1044,2026-08-29 00:48:29.528918,4783.14,8131,0
5645,2026-08-30 16:20:29.543772,4893.78,6235,0
1322,2026-08-27 13:44:29.529842,3089.54,8091,0
3244,2026-08-28 11:54:29.536073,1089.99,7486,0
3955,2026-08-26 13:20:29.538350,3235.34,3885,0
1741,2026-08-30 16:47:29.531198,1810.91,7387,0
1440,2026-08-31 18:50:29.530235,3950.1,5336,0
2234,2026-08-30 17:13:29.532778,2873.12,4624,0
9163,2026-08-29 12:30:29.555466,3683.08,2638,0
2335,2026-08-30 06:35:29.533128,3504.4,7435,0
6295,2026-08-28 02:03:29.545839,1582.84,6162,0
2955,2026-08-29 17:30:29.535145,367.49,6321,0
3819,2026-08-25 17:58:29.537901,3490.46,5694,0
4113,2026-08-28 16:38:29.538849,1979.78,8463,0
2655,2026-08-30 20:18:29.534174,1037.63,3336,0
6920,2026-08-29 09:24:29.547856,4421.28,1997,0
8522,2026-08-31 11:54:29.553370,3920.86,2390,0
3810,2026-08-26 00:55:29.537873,2528.35,8163,0
4732,2026-08-31 09:48:29.540836,3150.78,7513,0
3276,2026-08-27 19:31:29.536172,3277.37,3969,0
8279,2026-08-25 21:40:29.552574,3610.05,8716,0
184,2026-08-26 14:02:29.526166,4933.24,5499,0
533,2026-08-30 05:20:29.527286,4292.8,6801,0
4127,2026-08-28 11:19:29.538895,2056.97,8047,0
5797,2026-08-29 01:41:29.544259,4099.67,3069,0
7440,2026-08-30 14:04:29.549799,2359.21,6691,0
8348,2026-08-31 06:26:29.552791,251.75,2490,0
9011,2026-08-28 17:06:29.554950,4301.4,6385,0
8069,2026-08-30 11:04:29.551900,1703.03,7503,0
7193,2026-08-31 19:47:29.548986,974.09,1118,0
472,2026-08-31 19:09:29.527086,2068.42,2238,0
9063,2026-08-25 14:27:29.555150,2658.88,1141,0
4401,2026-08-30 23:32:29.539778,2134.7,2099,0
4085,2026-08-29 07:10:29.538761,4472.92,8335,0
2112,2026-08-31 00:14:29.532390,4897.58,3054,0
6279,2026-09-01 03:42:29.545789,3100.17,1196,0
8012,2026-08-31 02:48:29.551720,1537.1,7200,0
1276,2026-08-26 21:23:29.529697,4403.9,1710,0
2761,2026-08-28 02:26:29.534511,3877.71,6467,0
10316,2026-09-01 03:45:29.564659,1000.0,10015,1
7312,2026-08-28 10:25:29.549396,2520.14,7470,0
1454,2026-08-29 19:52:29.530278,986.68,6413,0
9182,2026-08-28 01:39:29.555525,2240.9,4630,0
8035,2026-08-26 11:22:29.551791,1198.6,7341,0
9040,2026-08-27 00:10:29.555065,3223.61,2655,0
5157,2026-08-25 23:08:29.542209,1817.73,7216,0
10063,2026-09-01 03:45:29.564659,1000.0,10012,1
6498,2026-08-26 04:00:29.546504,1623.39,5964,0
7951,2026-08-30 11:11:29.551527,1521.38,6350,0
8596,2026-08-30 13:42:29.553605,4099.15,6771,0
1190,2026-08-29 16:46:29.529424,4305.7,5913,0
3170,2026-08-31 00:19:29.535831,319.1,2850,0
6779,2026-08-30 06:06:29.547412,2301.11,6947,0
5685,2026-08-25 05:55:29.543899,4422.01,5204,0
4508,2026-08-29 16:23:29.540126,2826.86,5298,0
1910,2026-08-29 01:05:29.531735,2615.89,5077,0
5925,2026-08-28 22:46:29.544663,1984.28,8605,0
10306,2026-09-01 03:45:29.564659,1000.0,10005,1
3025,2026-08-30 05:32:29.535364,4113.41,1894,0
1724,2026-08-26 12:54:29.531145,3768.83,4164,0
9842,2026-08-28 18:47:29.557633,3531.59,6061,0
2117,2026-08-27 17:16:29.532405,3963.71,5910,0
6867,2026-08-27 08:02:29.547691,4132.7,2494,0
7003,2026-08-30 03:19:29.548305,1964.64,8260,0
7072,2026-08-28 15:04:29.548606,1560.32,1093,0
4326,2026-08-26 02:05:29.539538,4330.21,6025,0
4820,2026-08-30 00:49:29.541121,4422.08,7866,0
3202,2026-08-29 12:24:29.535933,3678.66,6120,0
571,2026-08-30 11:56:29.527408,824.74,5824,0
6627,2026-08-30 19:04:29.546921,481.2,1873,0
7456,2026-08-31 21:09:29.549853,1383.7,1518,0
10146,2026-09-01 03:45:29.564659,1000.0,10045,1
8949,2026-08-26 23:45:29.554753,1268.54,1829,0
5949,2026-08-25 09:31:29.544741,3006.48,3239,0
5054,2026-08-26 12:06:29.541861,1599.5,7618,0
330,2026-08-26 17:46:29.526626,284.88,1596,0
10085,2026-09-01 03:45:29.564659,1000.0,10034,1
5951,2026-08-30 04:52:29.544748,1621.61,1775,0
5756,2026-08-28 01:26:29.544131,3663.35,7522,0
5641,2026-08-29 07:57:29.543760,1682.29,7828,0
9998,2026-08-30 08:12:29.558132,4273.25,3353,0
3924,2026-08-31 12:48:29.538254,1434.72,2571,0
250,2026-08-28 19:17:29.526373,2035.14,4418,0
8573,2026-08-25 22:43:29.553533,4625.63,2420,0
2821,2026-08-29 07:33:29.534703,648.77,2621,0
2246,2026-08-27 00:25:29.532817,4185.12,7525,0
6458,2026-08-25 21:05:29.546379,4860.74,2217,0
8557,2026-08-26 22:31:29.553482,2240.07,8447,0
3390,2026-08-26 00:22:29.536534,21.93,8540,0
9226,2026-08-29 03:45:29.555662,1851.94,6077,0
8349,2026-08-31 17:15:29.552794,2190.84,3304,0
4196,2026-08-25 12:02:29.539122,4518.63,7322,0
9252,2026-08-26 01:31:29.555746,3996.18,1800,0
8014,2026-08-27 14:44:29.551726,3482.5,7101,0
8461,2026-08-28 05:11:29.553178,2886.33,3311,0
6230,2026-08-29 05:10:29.545634,781.46,3801,0
5568,2026-08-31 23:15:29.543529,141.84,5770,0
7299,2026-08-29 01:38:29.549355,886.14,4604,0
8638,2026-08-26 17:39:29.553737,4446.14,2589,0
495,2026-08-26 15:06:29.527166,1349.49,3382,0
7651,2026-08-29 19:21:29.550542,3908.1,2307,0
7859,2026-08-25 06:26:29.551238,3007.07,5169,0
176,2026-08-27 08:42:29.526141,3919.0,8310,0
2660,2026-08-29 23:00:29.534189,1490.13,8457,0
10182,2026-09-01 03:45:29.564659,1000.0,10031,1
554,2026-08-30 12:14:29.527352,2000.35,1260,0
5690,2026-08-30 11:38:29.543915,3078.16,5823,0
7943,2026-08-29 11:38:29.551502,1812.32,2975,0
5311,2026-08-27 23:51:29.542710,3004.3,4341,0
9261,2026-08-27 11:31:29.555773,2941.78,8289,0
1688,2026-08-30 22:09:29.531019,3252.77,6497,0
3596,2026-08-27 06:54:29.537190,2334.47,3096,0
2963,2026-08-26 23:09:29.535170,1287.05,1404,0
1091,2026-08-26 09:02:29.529104,4642.76,4757,0
9028,2026-08-28 23:46:29.555004,1760.21,5411,0
8497,2026-08-28 17:15:29.553292,4853.51,1746,0
7696,2026-08-29 22:29:29.550683,3107.33,7280,0
3460,2026-08-29 14:35:29.536754,364.07,6749,0
1701,2026-08-30 02:24:29.531073,116.46,8048,0
811,2026-08-31 23:36:29.528180,101.82,3408,0
4632,2026-08-29 07:46:29.540516,3265.85,6607,0
2401,2026-08-31 22:21:29.533338,1721.55,3429,0
931,2026-08-28 05:35:29.528560,949.0,8491,0
3439,2026-08-27 19:07:29.536687,1371.32,4343,0
5813,2026-08-28 19:23:29.544308,3705.61,7370,0
9910,2026-08-27 06:29:29.557846,2249.34,6645,0
777,2026-08-25 15:34:29.528074,1462.8,2225,0
6965,2026-08-30 10:22:29.548096,3450.86,1500,0
981,2026-08-26 08:27:29.528717,236.8,7646,0
1675,2026-08-29 06:40:29.530978,4590.92,1120,0
1604,2026-08-30 02:25:29.530755,4542.34,8168,0
1520,2026-08-31 23:15:29.530487,712.63,5665,0
9762,2026-08-26 03:33:29.557380,4588.56,7307,0
3135,2026-08-29 07:25:29.535721,1377.55,5275,0
9761,2026-08-25 14:05:29.557377,2515.69,2862,0
8506,2026-08-31 08:51:29.553320,708.39,5498,0
8704,2026-08-30 07:51:29.553945,4289.22,7818,0
6261,2026-08-31 02:53:29.545733,2195.69,8012,0
1487,2026-08-25 12:22:29.530381,3576.59,8604,0
8835,2026-08-25 15:48:29.554394,2805.9,7180,0
9033,2026-08-29 00:36:29.555020,4846.64,4665,0
4417,2026-08-25 22:06:29.539828,2357.06,7688,0
6375,2026-08-30 15:46:29.546111,2425.56,4450,0
7797,2026-08-30 23:42:29.551009,3303.78,5625,0
